22,39,443,544,622,798,1945,2976,3733,4262,4263,4714,5202,5242,5316,5355,5484,5558,5805,5806,5852,6268,7056,7283,7306,7330,7349,7772,7781,8318,8331,8340,8346,8373,8408,8428,8429,8432,8477,8507,8619,8653,8738,8766,8833,8837,8893,9018,9306,9340,9440,9515
118,709,783,1401,2690,3013,3680,3847,3903,4297,6098,6423,7051,7282,7768,8241,8252,8289,8307,8775,9712,9720
92,266,447,498,569,849,851,861,862,932,948,949,1139,1164,1189,1246,1615,1646,1729,1734,1807,1942,1994,2075,2181,2250,2305,2310,2311,2312,2313,2314,2339,2344,2548,2705,2707,2724,2813,2820,2854,2890,2962,3146,3167,3393,3458,3635,3636,3676,3992,4038,4039,4040,4057,4060,4061,4339,4375,4642,4746,5069,5071,5073,5076,5169,5225,5229,5743,5947,5978,6075,6085,6103,6229,6351,6549,6580,6590,6629,6825,6905,6991,7058,7125,7320,7389,7471,7473,7532,7570,7571,7573,7637,7698,7849,8029,8045,8057,8059,8062,8099,8105,8118,8179,8185,8202,8522,8604,8740,8859,8874,9092,9184,9374,9398,9406,10157
11,13,76,79,80,84,85,87,101,114,117,125,126,128,132,147,152,166,216,223,226,237,258,264,269,270,283,293,294,317,336,337,338,356,357,358,362,373,384,396,398,406,417,426,430,446,451,452,453,459,460,467,479,480,486,491,494,497,500,501,506,508,509,516,524,548,567,610,612,625,647,654,678,682,688,697,713,715,729,730,743,747,765,779,785,807,811,902,912,914,933,950,997,1016,1031,1051,1065,1098,1116,1123,1131,1154,1172,1174,1178,1182,1211,1214,1216,1222,1223,1243,1247,1248,1251,1258,1261,1265,1269,1315,1332,1439,1449,1450,1498,1616,1649,1759,1761,1764,1766,1767,1769,1770,1771,1772,1781,1787,1816,1818,1833,1838,1840,1845,1847,1865,1871,1875,1877,1878,1881,1882,1888,1894,1898,1900,1905,1913,1914,1927,1940,1941,1967,2029,2030,2031,2035,2037,2040,2041,2043,2047,2049,2087,2094,2110,2127,2128,2133,2151,2162,2163,2164,2165,2183,2184,2190,2191,2194,2199,2200,2205,2232,2235,2238,2240,2251,2255,2256,2257,2290,2294,2299,2301,2304,2307,2317,2391,2392,2415,2418,2504,2524,2526,2527,2528,2553,2560,2561,2563,2565,2567,2568,2569,2571,2584,2635,2653,2665,2688,2711,2725,2751,2752,2756,2761,2781,2795,2803,2832,2846,2849,2859,2862,2870,2879,2923,2926,2940,2944,2963,2972,2973,2979,2984,2991,2992,2995,2996,2997,2999,3002,3009,3010,3011,3016,3053,3056,3061,3091,3109,3119,3120,3122,3124,3126,3132,3153,3154,3163,3164,3168,3172,3173,3175,3176,3195,3206,3207,3217,3219,3222,3223,3228,3231,3232,3239,3241,3247,3251,3252,3255,3269,3277,3278,3300,3312,3324,3333,3334,3339,3369,3387,3406,3407,3408,3409,3410,3416,3428,3429,3430,3431,3433,3434,3442,3444,3445,3449,3450,3479,3480,3485,3489,3490,3529,3547,3556,3569,3572,3580,3587,3588,3649,3670,3695,3709,3719,3744,3750,3754,3766,3769,3772,3782,3783,3785,3787,3792,3793,3796,3798,3799,3804,3808,3812,3815,3819,3820,3831,3833,3834,3835,3838,3840,3857,3884,3885,3901,3902,3909,3910,3914,3918,3922,3925,3953,3964,3975,3980,3985,3986,3994,4018,4019,4027,4032,4050,4053,4054,4055,4056,4083,4097,4114,4117,4124,4141,4158,4161,4164,4168,4173,4174,4176,4178,4179,4181,4183,4184,4186,4191,4193,4197,4198,4200,4201,4207,4208,4220,4221,4222,4224,4227,4228,4229,4232,4245,4246,4249,4255,4257,4261,4264,4265,4270,4273,4274,4278,4281,4284,4287,4291,4295,4296,4298,4299,4302,4304,4311,4312,4313,4317,4325,4328,4335,4343,4344,4348,4354,4355,4356,4357,4359,4360,4361,4365,4367,4368,4369,4370,4372,4376,4378,4379,4382,4394,4401,4408,4426,4437,4451,4480,4501,4503,4523,4553,4557,4561,4566,4587,4592,4602,4612,4620,4625,4626,4638,4641,4654,4666,4671,4695,4696,4709,4713,4716,4719,4735,4739,4747,4761,4762,4765,4771,4774,4814,4836,4844,4847,4865,4869,4892,4895,4903,4904,4905,4936,4945,4946,4972,4978,4985,4986,4997,5012,5015,5018,5035,5038,5053,5086,5093,5108,5113,5117,5128,5130,5132,5133,5145,5163,5166,5197,5199,5228,5236,5241,5254,5255,5263,5265,5266,5269,5275,5284,5290,5294,5326,5330,5335,5337,5359,5366,5371,5374,5385,5392,5428,5441,5444,5480,5506,5530,5531,5536,5539,5547,5557,5572,5573,5594,5601,5609,5615,5621,5622,5623,5630,5641,5654,5665,5667,5678,5680,5685,5689,5690,5705,5708,5732,5733,5735,5737,5756,5773,5777,5787,5793,5798,5807,5816,5817,5818,5820,5829,5842,5845,5846,5847,5879,5881,5900,5905,5914,5929,5938,5948,5949,5950,5954,5955,5958,5960,5964,5967,5970,5988,5993,6007,6008,6035,6042,6045,6046,6050,6051,6080,6092,6101,6143,6146,6148,6150,6173,6185,6188,6199,6202,6237,6247,6258,6266,6283,6291,6315,6337,6339,6344,6359,6363,6366,6382,6405,6431,6436,6438,6446,6457,6461,6463,6467,6469,6476,6480,6489,6500,6502,6516,6519,6528,6567,6576,6588,6604,6607,6614,6616,6617,6619,6624,6627,6631,6636,6638,6640,6642,6646,6649,6657,6684,6693,6704,6710,6746,6750,6754,6755,6771,6796,6800,6810,6827,6835,6836,6837,6875,6885,6890,6895,6912,6915,6922,6955,6959,6999,7008,7018,7021,7028,7087,7100,7118,7124,7128,7130,7135,7136,7157,7168,7171,7182,7183,7213,7219,7242,7243,7302,7311,7317,7318,7335,7339,7375,7441,7448,7457,7459,7467,7485,7487,7536,7544,7553,7565,7579,7600,7618,7632,7636,7638,7641,7665,7684,7687,7688,7690,7694,7702,7705,7735,7739,7805,7820,7838,7846,7852,7858,7860,7873,7876,7884,7890,7900,7901,7905,7911,7918,7929,7941,7950,7967,8001,8008,8069,8165,8172,8186,8191,8195,8198,8211,8212,8221,8223,8224,8226,8238,8240,8243,8244,8248,8249,8262,8265,8273,8281,8317,8364,8376,8401,8405,8415,8421,8465,8474,8494,8498,8511,8529,8530,8559,8568,8578,8581,8587,8622,8633,8672,8703,8707,8716,8731,8750,8760,8784,8787,8792,8794,8795,8801,8804,8811,8839,8845,8850,8879,8902,8961,8972,8982,9007,9024,9025,9031,9045,9051,9061,9069,9073,9080,9088,9099,9100,9110,9112,9117,9122,9129,9135,9142,9149,9156,9157,9161,9173,9176,9178,9183,9188,9191,9196,9199,9203,9204,9206,9210,9214,9222,9227,9229,9230,9235,9244,9246,9250,9260,9269,9296,9297,9305,9314,9320,9321,9324,9337,9350,9355,9391,9392,9394,9412,9415,9416,9434,9460,9490,9492,9498,9505,9507,9512,9527,9531,9541,9545,9566,9569,9576,9583,9585,9586,9588,9603,9616,9641,9642,9654,9661,9671,9685,9686,9729,9756,9778,9793,9814,9817,9835,9852,9856,9871,9932,9933,9939,9964,9981,9993,10008,10033,10055,10067,10080,10093,10161,10182
89,104,142,158,232,247,249,274,288,307,318,482,487,533,558,602,605,656,659,703,712,723,792,843,883,887,897,953,987,1006,1036,1085,1087,1088,1100,1125,1144,1161,1179,1181,1183,1233,1289,1306,1360,1379,1388,1436,1476,1477,1489,1508,1514,1522,1528,1553,1578,1630,1644,1645,1702,1742,1753,1819,1822,1856,1887,1934,1980,1992,1999,2000,2003,2005,2006,2008,2010,2012,2013,2046,2083,2120,2160,2173,2209,2226,2263,2358,2384,2387,2404,2449,2458,2482,2500,2514,2534,2555,2600,2605,2624,2694,2714,2733,2740,2853,2874,2919,2921,2959,2969,2975,2988,3004,3038,3039,3047,3130,3177,3190,3215,3263,3272,3303,3332,3353,3376,3511,3583,3600,3644,3682,3699,3721,3731,3807,3821,3875,3897,3898,3945,4196,4214,4234,4243,4301,4392,4397,4410,4423,4446,4508,4533,4563,4590,4598,4627,4662,4669,4687,4690,4694,4698,4720,4859,4871,4886,4887,4918,4922,4952,5055,5088,5112,5131,5137,5171,5184,5259,5273,5274,5293,5346,5398,5418,5424,5452,5496,5567,5585,5586,5605,5618,5619,5631,5640,5645,5763,5782,5784,5822,5832,5833,5873,5906,5941,5986,6020,6054,6057,6065,6066,6097,6099,6113,6156,6170,6177,6215,6216,6256,6269,6273,6318,6397,6401,6425,6498,6512,6571,6574,6601,6655,6683,6714,6738,6790,6798,6947,6956,7023,7038,7073,7084,7094,7138,7152,7338,7354,7371,7384,7464,7480,7507,7518,7526,7542,7545,7617,7671,7686,7717,7733,7738,7777,7837,7847,7856,7908,7916,7988,8056,8098,8126,8151,8222,8279,8315,8339,8370,8390,8403,8435,8448,8453,8455,8462,8489,8562,8569,8580,8595,8618,8629,8664,8687,8728,8759,8800,8806,8815,8841,8847,8875,8942,8946,8957,8975,9008,9015,9033,9048,9050,9078,9146,9167,9179,9192,9205,9238,9268,9311,9322,9348,9424,9467,9497,9499,9539,9543,9550,9553,9600,9620,9652,9688,9723,9743,9775,9792,9800,9843,9844,9906,9909,9983,10041,10073,10100,10149,10151,10196
86,236,279,490,741,1127,1141,1910,1966,2149,2150,2948,3707,3860,4051,4320,4518,4674,4679,5417,5606,6017,6432,6760,7583,7790,8218,8407,8516,8613,8929,8986,8987,9038,9387,9516,9595,9639,9658,9733,9790,9868
12,19,41,49,72,77,82,90,97,100,113,120,122,135,138,162,167,178,207,287,321,339,369,393,437,510,521,535,546,578,586,632,668,739,740,752,763,784,801,845,850,889,907,908,915,916,958,963,972,985,1005,1017,1030,1109,1115,1165,1184,1198,1232,1275,1277,1298,1331,1338,1343,1364,1372,1389,1404,1448,1451,1460,1471,1500,1501,1531,1533,1552,1562,1572,1617,1619,1621,1635,1638,1640,1653,1660,1686,1687,1692,1699,1710,1711,1732,1741,1758,1760,1775,1922,1953,1991,1996,2009,2034,2051,2052,2091,2114,2130,2131,2132,2139,2158,2207,2253,2261,2267,2272,2285,2291,2321,2324,2376,2407,2416,2452,2486,2488,2492,2520,2535,2556,2574,2593,2628,2673,2719,2722,2728,2736,2757,2760,2763,2770,2800,2857,2868,2887,2888,2889,2903,3022,3024,3030,3040,3049,3059,3117,3125,3131,3155,3170,3198,3226,3237,3257,3267,3285,3289,3311,3318,3338,3371,3403,3412,3418,3425,3436,3452,3497,3528,3539,3555,3558,3565,3585,3598,3601,3613,3616,3624,3634,3651,3657,3664,3691,3762,3784,3806,3826,3827,3841,3844,3859,3870,3873,3886,3900,3919,3934,3960,3969,4005,4033,4058,4062,4074,4108,4120,4131,4150,4151,4177,4209,4213,4218,4233,4238,4251,4286,4289,4306,4330,4374,4380,4405,4407,4431,4452,4456,4463,4473,4505,4507,4574,4578,4593,4651,4657,4678,4795,4821,4833,4863,4884,4912,4947,4949,4971,4987,4994,5011,5014,5025,5075,5125,5161,5185,5230,5238,5251,5306,5327,5339,5352,5357,5383,5387,5395,5409,5434,5440,5450,5456,5464,5470,5473,5510,5513,5528,5532,5553,5560,5578,5604,5610,5611,5663,5710,5741,5746,5795,5826,5871,5908,5917,5921,5933,5971,5983,5985,5987,6002,6013,6125,6207,6214,6231,6304,6317,6329,6360,6369,6381,6449,6452,6585,6587,6605,6628,6687,6761,6780,6805,6854,6872,6873,6876,6881,7002,7011,7012,7024,7033,7043,7097,7139,7154,7187,7301,7305,7423,7474,7495,7497,7514,7522,7567,7590,7613,7629,7706,7734,7774,7776,7778,7808,7855,7872,7878,7904,7959,7993,8140,8177,8183,8215,8220,8242,8251,8259,8288,8291,8300,8323,8402,8417,8422,8438,8454,8459,8524,8556,8623,8630,8646,8705,8706,8717,8763,8765,8777,8785,8790,8834,8843,8852,8857,8905,8933,8960,9000,9056,9058,9059,9066,9082,9113,9145,9153,9186,9209,9217,9271,9277,9293,9303,9401,9417,9419,9443,9444,9445,9474,9478,9514,9537,9546,9549,9551,9555,9556,9564,9609,9615,9619,9632,9665,9672,9709,9713,9737,9764,9776,9794,9812,9823,9848,9858,9865,9866,9876,9889,9918,9954,9966,10016,10020,10034,10039,10049,10079,10111
1142,2891,5074,6701,6741,7123,7256,7554,7714,7999,8691,8723,8779,8780,8862
235,326,347,431,438,442,505,563,683,770,964,1108,1151,1207,1221,1230,1413,1441,1459,1535,1600,1650,1744,1750,1762,1790,1852,1928,1938,1952,1987,2027,2028,2102,2201,2289,2525,2558,2608,2617,2681,2684,2812,2866,3001,3003,3210,3211,3404,3605,3710,3711,3761,4162,4256,4319,4373,4443,4450,4686,4781,4787,5037,5118,5140,5209,5244,5389,5410,5581,5677,5810,6510,6625,6630,6772,6866,7807,8283,8294,8547,8699,8851,8883,8931,8954,8970,9140,9150,9198,9283,9301,9325,9678,9783,9788,9811,10081
220,375,414,439,767,812,973,1375,1400,1492,1588,1624,1779,1780,1810,1897,2064,2367,2373,2603,2748,2835,3102,3103,3149,3235,3328,3347,3506,3521,3606,3892,3946,3987,4512,4673,4728,4788,5116,5224,5489,5770,5811,5901,6063,6072,6073,6433,6448,6531,6739,6817,7577,7800,8050,8386,8901,8976,9165,9342,9587,9946,9979,10088,10130
609,634,1124,1185,1862,2985,3438,3619,4121,4206,4434,4484,4832,4934,5191,5419,5569,5671,5736,5931,6345,6599,6644,6851,6929,6930,6971,6995,7076,7188,7252,7258,7259,7260,7261,7262,7263,7264,7265,7477,7563,8227,8270,8322,8356,8404,8576,8616,8938,9552,9681,9985,10027
36,54,58,88,116,129,175,233,301,302,379,385,388,424,532,540,598,679,680,699,732,735,758,803,810,884,898,921,961,975,1012,1043,1046,1061,1079,1111,1208,1239,1259,1292,1293,1358,1387,1391,1409,1434,1482,1483,1486,1512,1564,1569,1584,1591,1598,1641,1663,1695,1709,1720,1722,1783,1802,1842,1893,1923,1933,1944,1951,2038,2088,2113,2142,2177,2276,2296,2297,2327,2357,2381,2448,2518,2537,2550,2582,2621,2622,2647,2679,2680,2808,2809,2816,2830,2938,2943,2967,3027,3044,3067,3071,3077,3080,3084,3106,3110,3134,3144,3165,3202,3264,3293,3309,3392,3395,3397,3398,3413,3476,3491,3492,3512,3534,3546,3551,3563,3570,3571,3576,3591,3672,3724,3809,3888,3890,3896,3939,3940,3941,3959,3995,4003,4047,4063,4077,4152,4155,4156,4157,4215,4230,4237,4247,4260,4272,4347,4409,4413,4460,4468,4583,4630,4647,4683,4688,4689,4724,4786,4840,4841,4845,4883,4921,4941,4967,5033,5051,5066,5150,5159,5186,5189,5213,5220,5226,5268,5288,5317,5390,5400,5401,5402,5403,5404,5405,5406,5438,5453,5529,5552,5580,5627,5702,5750,5768,5874,5887,5912,5924,5942,5951,5980,6059,6136,6145,6161,6168,6200,6224,6254,6267,6276,6287,6311,6334,6368,6378,6379,6439,6450,6488,6527,6547,6557,6573,6582,6598,6621,6742,6752,6763,6764,6773,6778,6807,6850,6861,6871,6904,7000,7006,7035,7042,7067,7111,7113,7164,7179,7180,7200,7267,7286,7307,7342,7404,7411,7424,7452,7516,7535,7566,7574,7580,7602,7611,7616,7635,7659,7660,7670,7716,7726,7732,7742,7801,7810,7851,7857,7906,7924,7938,7942,7960,7964,7971,7980,7994,8030,8058,8086,8213,8287,8306,8414,8445,8450,8464,8515,8543,8589,8628,8640,8658,8659,8674,8704,8709,8711,8741,8754,8810,8816,8860,8891,8907,8917,9017,9236,9307,9343,9418,9430,9481,9486,9538,9597,9618,9682,9799,9839,9862,9892,9917,9922,9936,9972,10035,10058,10065,10075,10084,10085,10094,10136,10146,10148,10172,10173,10176,10180,10185,10188
4,7,30,43,55,59,61,63,67,68,69,95,99,102,123,133,136,140,151,153,165,168,177,183,188,190,194,195,197,198,199,202,217,245,246,256,267,268,280,300,303,304,310,316,319,325,331,341,345,353,360,368,374,382,394,399,402,411,415,419,428,454,455,465,470,484,493,513,520,523,528,536,538,555,579,581,588,592,599,600,601,608,649,655,666,667,681,684,696,716,724,728,738,753,754,756,771,773,780,793,799,805,847,873,899,906,909,913,919,922,924,925,947,966,984,996,1018,1021,1022,1023,1025,1059,1062,1084,1176,1195,1196,1197,1212,1220,1231,1235,1249,1262,1276,1280,1303,1308,1310,1311,1318,1321,1324,1349,1352,1355,1382,1398,1403,1405,1407,1411,1426,1431,1438,1440,1452,1461,1462,1470,1484,1491,1495,1505,1511,1519,1525,1532,1540,1547,1554,1566,1567,1570,1573,1575,1580,1590,1594,1606,1607,1625,1626,1636,1658,1670,1678,1680,1682,1697,1708,1717,1718,1737,1757,1763,1765,1774,1777,1778,1789,1803,1811,1823,1837,1854,1858,1891,1899,1901,1904,1909,1915,1916,1943,1948,1956,1957,1958,1960,1961,1962,1983,2016,2057,2079,2099,2108,2112,2116,2118,2136,2144,2145,2169,2170,2176,2198,2218,2222,2225,2245,2258,2266,2282,2287,2298,2303,2306,2316,2333,2336,2341,2346,2347,2351,2359,2365,2374,2390,2399,2437,2440,2461,2465,2474,2481,2491,2495,2496,2497,2506,2519,2551,2575,2590,2594,2597,2604,2607,2609,2611,2619,2627,2632,2634,2642,2650,2652,2678,2683,2687,2720,2721,2726,2730,2731,2744,2758,2765,2775,2777,2799,2805,2824,2825,2826,2834,2839,2845,2858,2876,2894,2897,2898,2899,2900,2904,2915,2936,2945,2950,2974,2983,3017,3019,3029,3037,3048,3050,3063,3064,3066,3090,3096,3097,3104,3107,3111,3121,3127,3137,3151,3178,3191,3194,3201,3204,3208,3220,3221,3224,3238,3242,3268,3281,3283,3287,3291,3294,3298,3308,3335,3354,3361,3366,3378,3379,3381,3382,3383,3394,3432,3440,3446,3459,3469,3486,3494,3495,3509,3513,3516,3524,3537,3540,3552,3553,3554,3559,3560,3562,3574,3578,3603,3609,3610,3614,3623,3646,3654,3655,3658,3660,3665,3687,3740,3747,3748,3760,3765,3768,3770,3771,3786,3810,3813,3829,3830,3837,3843,3849,3861,3878,3881,3907,3931,3936,3950,3952,4001,4004,4016,4043,4045,4046,4072,4073,4087,4089,4094,4113,4125,4127,4129,4149,4159,4190,4225,4279,4293,4305,4309,4322,4331,4337,4351,4371,4403,4416,4417,4425,4435,4436,4439,4453,4455,4461,4462,4464,4465,4471,4472,4488,4494,4499,4506,4509,4520,4522,4525,4532,4534,4536,4554,4562,4571,4572,4582,4586,4601,4632,4637,4660,4704,4732,4733,4749,4769,4770,4782,4801,4807,4837,4843,4854,4856,4860,4873,4874,4876,4890,4925,4931,4938,4955,4962,4966,4973,4984,5003,5004,5021,5024,5030,5043,5056,5061,5062,5064,5080,5087,5097,5114,5123,5126,5156,5158,5177,5181,5183,5200,5207,5208,5210,5223,5233,5237,5245,5250,5256,5261,5264,5267,5270,5286,5304,5311,5336,5338,5342,5344,5348,5356,5360,5372,5373,5376,5397,5412,5430,5437,5457,5459,5465,5478,5483,5491,5500,5526,5535,5544,5561,5583,5588,5590,5598,5599,5602,5614,5626,5629,5632,5639,5660,5687,5695,5696,5707,5713,5728,5731,5739,5755,5799,5812,5813,5819,5838,5841,5849,5850,5854,5855,5857,5862,5899,5928,5935,5936,5962,5963,5997,6018,6039,6102,6109,6117,6160,6172,6212,6222,6225,6239,6257,6262,6272,6279,6310,6314,6321,6323,6343,6346,6353,6361,6374,6384,6388,6411,6413,6421,6444,6451,6477,6478,6481,6484,6490,6493,6507,6513,6515,6518,6541,6542,6545,6550,6559,6568,6586,6602,6623,6648,6654,6658,6681,6689,6694,6702,6705,6709,6729,6767,6768,6789,6806,6820,6832,6848,6856,6860,6864,6865,6867,6877,6879,6894,6907,6926,6960,6968,6977,6994,7004,7005,7019,7037,7049,7053,7061,7102,7108,7121,7132,7140,7146,7175,7185,7214,7231,7245,7253,7274,7279,7291,7294,7295,7303,7325,7331,7333,7337,7340,7344,7358,7393,7407,7420,7440,7478,7479,7483,7499,7511,7531,7534,7543,7558,7568,7626,7681,7722,7727,7746,7748,7792,7795,7796,7812,7813,7826,7827,7832,7834,7866,7874,7877,7883,7887,7921,7926,7949,7951,7954,7984,7985,7989,7995,8055,8104,8132,8133,8135,8161,8162,8178,8193,8210,8225,8234,8258,8276,8301,8333,8352,8354,8357,8394,8411,8416,8418,8419,8426,8440,8443,8447,8466,8468,8469,8480,8506,8546,8582,8585,8594,8612,8627,8636,8648,8702,8708,8710,8712,8722,8733,8772,8774,8778,8803,8818,8826,8831,8838,8858,8892,8911,8923,8937,8939,8940,8952,8964,8971,8983,8985,8997,9010,9054,9076,9077,9105,9109,9116,9130,9133,9151,9213,9221,9237,9239,9241,9261,9263,9265,9282,9291,9302,9315,9327,9329,9332,9335,9366,9383,9396,9414,9458,9465,9484,9494,9536,9574,9580,9584,9593,9599,9623,9640,9644,9646,9649,9650,9657,9668,9691,9692,9716,9717,9719,9721,9727,9728,9730,9739,9747,9754,9760,9761,9785,9789,9807,9813,9816,9829,9831,9840,9851,9859,9864,9879,9883,9887,9961,9968,9973,9975,9976,9977,9982,9988,10004,10017,10028,10032,10076,10102,10118,10131,10139,10145,10164,10165,10168
8,31,160,259,489,525,570,613,692,744,886,896,934,1063,1132,1169,1396,1497,1507,1748,1792,1969,1979,2097,2157,2175,2192,2193,2195,2271,2308,2318,2470,2531,2667,2708,2732,2774,2779,2801,2810,2814,2861,2942,2949,2968,3031,3057,3081,3095,3115,3129,3417,3702,4167,4170,4182,4217,4254,4611,4707,4722,4751,4909,4920,4933,4982,5115,5134,5178,5182,5351,5370,5379,5435,5726,5751,5761,5848,5953,6061,6183,6184,6350,6420,6454,6713,6751,6756,6822,6838,6887,6943,7036,7072,7165,7388,7649,7760,7947,8021,8035,8043,8087,8115,8437,8614,8625,8647,8809,8828,8962,9200,9346,9364,9482,9820,9898,9905,10030,10060
75,103,121,231,615,621,624,650,760,788,871,982,1055,1070,1099,1120,1146,1148,1191,1227,1380,1688,1719,1804,1869,1954,1955,2017,2106,2249,2274,2464,2544,2592,2970,2981,3270,3310,3323,3566,3629,3779,3926,3979,4065,4081,4104,4136,4138,4459,4616,4656,4742,4744,4757,4779,4806,4809,4902,4959,5072,5149,5164,5187,5198,5277,5302,5378,5411,5426,5427,5527,5540,5545,5556,5562,5648,5674,5679,5767,5772,5792,5858,5868,5890,6134,6192,6204,6325,6385,6551,6597,6678,6819,6925,6933,6938,6957,7046,7054,7153,7207,7239,7328,7356,7377,7541,7589,7648,7653,7753,7982,7992,8073,8267,8316,8320,8347,8361,8412,8444,8476,8509,8510,8525,8532,8575,8584,8645,8655,8727,8776,8869,9036,9090,9308,9312,9403,9522,9659,9762,9853,9867,9908,10068,10166,10183
62,109,182,219,472,631,750,876,981,1152,1363,1422,1423,1454,1602,1674,1782,1895,2095,2508,2655,2656,2698,2798,3032,3344,3427,3510,3599,3742,4385,4422,4702,4760,4767,4768,4780,4960,5155,5331,5394,5471,5555,5575,5664,5734,5932,6087,6240,6706,6815,7529,7537,7596,7981,8334,8369,8375,8379,8384,8631,8829,8880,8908,8951,9020,9219,9247,9248,9395,9459,9571,9591,9606,9645,9809,9895,9921,10029
5,17,20,38,44,53,155,176,186,224,285,342,343,354,364,367,403,408,418,423,458,463,466,474,531,562,566,574,618,661,663,802,839,841,842,853,911,917,955,971,979,1000,1004,1037,1071,1103,1133,1138,1143,1167,1171,1217,1224,1226,1256,1257,1302,1328,1333,1342,1344,1351,1354,1356,1366,1368,1417,1421,1424,1444,1447,1456,1464,1466,1478,1481,1487,1506,1509,1557,1581,1582,1589,1634,1651,1669,1673,1690,1703,1716,1733,1776,1788,1794,1795,1796,1808,1846,1860,1885,1902,1903,1906,1918,1939,1997,1998,2015,2036,2054,2055,2059,2060,2073,2080,2103,2104,2121,2154,2166,2196,2203,2212,2213,2277,2279,2281,2292,2300,2360,2383,2389,2438,2439,2446,2454,2477,2516,2517,2538,2539,2546,2625,2633,2645,2668,2759,2783,2794,2806,2831,2872,2877,2918,2931,2965,2971,3005,3012,3021,3051,3079,3087,3136,3141,3166,3185,3192,3227,3244,3271,3349,3368,3402,3414,3435,3477,3478,3499,3520,3577,3579,3595,3602,3607,3685,3713,3722,3725,3753,3788,3789,3800,3825,3929,3942,3968,4011,4020,4034,4036,4052,4070,4102,4146,4172,4216,4283,4412,4427,4467,4490,4513,4524,4539,4540,4569,4675,4680,4700,4711,4730,4748,4802,4824,4828,4861,4862,4875,4961,4991,5007,5009,5127,5157,5204,5206,5216,5262,5279,5299,5310,5347,5388,5548,5554,5596,5675,5683,5802,5828,5831,5865,5920,5937,5981,6011,6025,6067,6110,6128,6144,6162,6203,6218,6219,6259,6284,6308,6327,6414,6417,6508,6554,6589,6611,6641,6650,6675,6682,6711,6721,6728,6765,6782,6849,6896,6927,6934,6948,6980,6982,6990,7077,7090,7115,7174,7204,7296,7345,7350,7352,7392,7425,7438,7465,7598,7707,7775,7782,7806,7830,7848,7914,7932,7991,8033,8066,8071,8110,8125,8131,8146,8163,8170,8189,8194,8230,8351,8383,8424,8434,8495,8579,8626,8700,8715,8753,8769,8770,8791,8802,8807,8836,8867,8871,8922,8965,8988,8992,9005,9006,9108,9111,9118,9124,9127,9136,9141,9258,9273,9284,9300,9353,9356,9381,9409,9425,9429,9448,9475,9501,9504,9528,9533,9544,9548,9592,9611,9653,9684,9689,9699,9705,9759,9854,9872,9904,9956,9965,10038,10096,10181
2,18,91,185,209,239,271,340,361,457,492,499,527,541,549,582,657,797,918,931,956,995,998,1007,1027,1028,1147,1210,1238,1266,1273,1281,1305,1309,1325,1458,1520,1543,1550,1659,1664,1793,1836,1870,1876,2076,2093,2126,2135,2174,2214,2328,2338,2480,2489,2509,2510,2511,2521,2523,2788,2789,2869,2893,2905,3098,3169,3181,3184,3240,3254,3426,3470,3474,3628,3679,3686,3773,3801,3848,3851,4017,4252,4276,4280,4303,4341,4575,4580,4588,4677,4740,4752,4940,4974,5034,5036,5092,5098,5109,5119,5804,6297,6326,6419,6427,6520,6608,6622,6769,7059,7143,7412,7548,7557,7673,7818,8044,8239,8286,8329,8820,8825,8900,8910,8919,9120,9195,9363,9433,9821,9881,10015,10040
14,93,164,201,305,449,478,662,685,930,962,988,1026,1089,1102,1112,1188,1200,1284,1296,1378,1430,1523,1735,1850,1937,1986,1990,2001,2182,2264,2417,2419,2427,2432,2552,2589,2618,2644,2660,2715,2753,2807,2895,2927,3075,3138,3245,3301,3319,3355,3367,3373,3437,3441,3586,3589,3627,3712,3839,3880,3899,3915,3976,3991,4142,4282,4402,4548,4629,4639,4668,4699,4725,4805,4866,4969,4990,5060,5176,5215,5227,5318,5328,5461,5651,5704,5715,5815,6034,6068,6083,6124,6186,6201,6270,6415,6434,6465,6470,6529,6578,6594,6696,6697,6737,6766,6846,6852,6883,6913,7112,7114,7159,7189,7217,7220,7221,7235,7273,7285,7347,7417,7428,7434,7456,7476,7519,7612,7708,7740,7757,7767,7794,7823,7894,7934,7940,7965,8034,8046,8096,8108,8113,8119,8130,8182,8206,8219,8349,8436,8694,8898,9012,9013,9104,9189,9234,9266,9345,9518,9637,9725,9897,9929,9967,9986,10089,10101
193,208,212,241,272,289,511,593,745,910,1015,1240,1429,1453,1473,1493,1739,1768,1859,1924,1959,1974,2018,2053,2058,2074,2115,2536,2620,2896,3411,3465,3475,3621,3730,3981,4109,4285,4316,4318,4617,4681,4759,4823,5068,5239,5475,5519,5534,5559,5991,6483,6600,6692,6734,6966,7014,7032,7093,7254,7257,7284,7761,8482,8667,8989,9081,9197,9251,9513,9675,9736,9836,10170
108,286,405,435,471,483,651,846,1187,1467,1534,1541,1633,1964,2065,2216,2405,2727,2778,2829,2906,2955,3023,3026,3180,3736,3797,3908,4042,4116,4419,4764,4796,5864,6119,6348,6460,6486,6609,6757,6950,7083,7098,7569,7824,7850,8134,8257,8535,8665,9626,9643,9819,9870,10003,10062
56,553,627,878,888,1416,1652,2002,2025,2026,2329,2428,2444,2716,3148,3955,4021,4610,4798,4848,5377,5462,5512,5727,6178,6844,6911,7106,7148,7202,7238,7463,7620,7844,7892,8272,8591,8974,8978,9254,9706,9911,9924,10021,10047,10091,10122
25,119,278,323,416,561,691,722,726,835,1053,1064,1073,1137,1173,1408,1868,1949,2107,2134,2171,2219,2343,2370,2398,2406,2463,2615,2629,2664,2691,2790,2848,2932,2937,2960,3209,3214,3280,3523,3545,3700,3983,3984,3990,4026,4095,4119,4133,4340,4383,4476,4790,4800,4817,4839,4842,4850,4893,4910,4983,5099,5144,5172,5283,5343,5368,5628,5653,5659,5672,5721,5785,5814,5896,5909,5918,5972,6033,6040,6044,6198,6223,6228,6232,6234,6303,6357,6383,6596,6610,6634,6667,6677,6699,6724,6793,6840,6920,6987,7156,7226,7275,7298,7314,7361,7374,7385,7475,7496,7634,7680,7704,7712,7719,7728,7791,7819,8091,8148,8174,8284,8296,8368,8378,8430,8433,8502,8603,8675,8685,8729,8736,8745,8761,8890,8935,8977,9074,9378,9379,9423,9655,9894,9994,10099,10127
33,115,172,311,329,332,485,503,648,786,795,1078,1236,1263,1264,1291,1300,1320,1345,1350,1361,1369,1568,1601,1610,1622,1631,1654,1707,1931,2167,2210,2350,2378,2394,2570,2685,2885,2958,2966,3041,3068,3143,3420,3421,3422,3526,3652,3689,3720,3928,3954,3957,3982,4231,4236,4259,4568,4613,4619,4621,4664,4813,5079,5096,5122,5138,5413,5448,5666,5691,5780,5999,6031,6112,6142,6154,6179,6208,6251,6364,6546,6774,6972,6998,7166,7711,7785,7958,8260,8271,8550,8693,8714,8726,8742,8808,8846,8914,8936,8956,8996,9084,9114,9174,9287,9344,9410,9454,9521,9612,9772,9803,9826,9827,9934,10074,10115,10133
144,200,214,251,281,355,421,475,522,639,731,831,832,833,836,859,867,868,990,991,992,993,1010,1011,1035,1140,1155,1162,1170,1253,1304,1406,1539,1618,1712,1727,1797,1798,1799,1926,2105,2204,2206,2388,2467,2472,2487,2564,2641,2797,3073,3273,3325,3329,3389,3472,3541,3667,3746,3832,3965,4030,4071,4160,4404,4449,4496,4599,4606,4640,4649,4778,4855,4924,5029,5049,5175,5420,5776,6158,6260,6404,6472,6556,6656,6671,6688,6690,6740,6823,6826,6889,7044,7080,7225,7323,7364,7390,7482,7490,7503,7517,7586,7952,8011,8019,8089,8103,8176,8204,8483,8549,8998,9003,9137,9224,9519,9744,10153
29,107,137,221,298,313,427,429,469,777,778,789,800,894,994,1106,1166,1367,1376,1576,1629,1754,1824,1989,2044,2361,2379,2385,2397,2401,2414,2737,2916,3034,3123,3359,3502,3704,3791,3948,4035,4066,4137,4139,4140,4143,4192,4310,4395,4420,4529,4537,4692,4729,4741,4754,4926,5160,5190,5415,5607,5668,5742,5902,6014,6019,6131,6241,6288,6333,6340,6341,6342,6522,6523,6676,6700,6717,6830,7007,7047,7208,7234,7701,7725,7770,7803,7822,7917,7946,8051,8052,8188,8216,8228,8231,8246,8266,8280,8282,8353,8387,8538,8565,8666,8668,8747,8865,8990,9065,9164,9169,9185,9349,9359,9360,9421,9479,9627,9796,9815,9838,9901,9919,9963,10012,10124,10171,10178
9,16,27,34,40,42,143,159,261,333,344,401,404,412,496,512,515,537,587,611,620,772,813,885,940,954,959,967,974,983,986,1001,1056,1086,1091,1094,1110,1177,1199,1201,1229,1287,1290,1334,1339,1390,1475,1488,1490,1513,1516,1548,1574,1583,1693,1743,1751,1831,1911,1971,1976,1984,2004,2011,2014,2069,2096,2119,2179,2197,2220,2224,2269,2323,2330,2334,2348,2356,2382,2393,2409,2410,2445,2462,2483,2490,2557,2602,2630,2693,2710,2712,2713,2747,2796,2817,2836,2840,2841,2842,2847,2883,2884,3008,3028,3072,3076,3259,3377,3466,3473,3503,3544,3548,3626,3675,3693,3701,3708,3718,3814,3872,3905,3930,3943,3949,3971,4049,4068,4079,4086,4115,4122,4258,4353,4358,4366,4381,4433,4475,4477,4487,4489,4502,4544,4570,4585,4667,4670,4697,4708,4766,4797,4804,4808,4864,4868,4881,4907,4963,4964,4988,4995,5044,5054,5057,5058,5081,5100,5142,5146,5272,5280,5291,5329,5363,5479,5488,5497,5533,5634,5647,5716,5724,5794,5839,5843,5860,5888,5945,5952,6091,6126,6127,6133,6175,6189,6206,6252,6300,6377,6424,6553,6577,6593,6615,6679,6733,6736,6762,6797,6940,6946,6993,7063,7069,7071,7078,7092,7099,7134,7309,7357,7372,7383,7442,7445,7533,7550,7575,7723,7759,7804,7835,7843,7881,7895,7920,7933,7944,8018,8143,8164,8207,8247,8250,8311,8313,8393,8431,8517,8527,8548,8555,8571,8572,8602,8632,8696,8737,8758,8762,8764,8782,8812,8876,8887,8906,8955,8959,8973,8980,9040,9043,9070,9102,9125,9138,9147,9171,9181,9194,9212,9225,9281,9299,9313,9330,9338,9357,9358,9370,9376,9420,9426,9427,9437,9442,9503,9525,9542,9559,9568,9605,9614,9635,9656,9703,9738,9784,9786,9791,9801,9808,9841,9855,9877,9893,9942,9957,9962,10006,10037,10050,10057,10086
28,94,110,145,189,225,243,253,291,295,296,297,334,376,507,539,595,614,616,643,646,674,677,694,749,759,820,830,852,856,857,890,1014,1019,1032,1033,1042,1054,1058,1066,1067,1068,1081,1104,1150,1180,1242,1279,1288,1353,1365,1384,1415,1608,1691,1713,1814,1835,1857,1919,2061,2062,2188,2233,2262,2325,2354,2369,2468,2475,2479,2502,2503,2512,2542,2601,2654,2686,2695,2699,2734,2815,2823,2892,3082,3093,3105,3139,3256,3265,3299,3304,3305,3356,3358,3365,3374,3467,3515,3536,3557,3567,3781,3854,3863,3974,3988,3989,3999,4014,4076,4078,4082,4084,4088,4091,4099,4126,4195,4202,4244,4399,4406,4519,4531,4538,4595,4600,4605,4624,4659,4693,4710,4712,4773,4775,4776,4785,4878,4885,4919,4965,4996,5010,5042,5084,5095,5143,5192,5196,5235,5246,5248,5297,5315,5340,5349,5407,5446,5451,5472,5474,5501,5502,5503,5520,5566,5584,5591,5676,5686,5720,5729,5754,5765,5856,5882,5898,5911,5919,5939,5957,5959,5979,6004,6027,6047,6082,6086,6093,6114,6123,6155,6163,6213,6220,6227,6264,6280,6286,6376,6389,6400,6406,6441,6471,6534,6552,6579,6592,6595,6618,6620,6652,6653,6661,6674,6725,6731,6744,6745,6759,6775,6813,6816,6870,6903,7041,7064,7074,7086,7117,7142,7149,7151,7177,7313,7343,7370,7376,7381,7416,7498,7506,7549,7562,7587,7591,7594,7623,7642,7645,7647,7667,7709,7713,7718,7729,7756,7763,7780,7797,7889,7902,7939,7996,7998,8007,8060,8061,8080,8097,8117,8123,8124,8128,8136,8166,8175,8232,8237,8261,8305,8314,8355,8359,8371,8374,8385,8460,8484,8491,8533,8534,8570,8574,8615,8657,8662,8690,8698,8798,8840,8882,9160,9187,9218,9226,9231,9233,9257,9304,9316,9334,9354,9371,9373,9384,9404,9407,9439,9455,9487,9534,9540,9570,9572,9579,9582,9594,9673,9695,9825,9869,9910,9945,10009,10045,10069,10138,10147,10174
57,74,169,389,814,1274,1385,1468,1529,1627,1672,1920,1978,2221,2349,2804,2908,2986,2987,3042,3188,3314,3590,3683,3684,4098,4147,4308,4332,4362,4386,4530,4579,4706,4756,5077,5345,5365,5421,5515,5880,5925,5944,6386,6501,6540,6562,6564,6569,6639,6833,6944,6949,6963,7020,7163,7211,7292,7336,7651,7825,7899,8149,8187,8377,8501,8928,9091,9097,9216,9249,9255,9435,9708,9781,9938,9987,10144,10169
170,277,365,370,468,576,652,702,757,860,937,970,1126,1206,1254,1255,1603,1800,1815,1844,1848,2022,2189,2223,2259,2493,2522,2682,2754,2961,2990,3052,3253,3386,3415,3454,3455,3518,3525,3564,3738,3923,3938,3996,4022,4028,4110,4219,4327,4345,4352,4390,4393,4428,4491,4726,4908,4979,4980,5059,5104,5425,5455,5481,5747,5809,5827,6182,6195,6302,6328,6349,6533,6560,6563,6637,6722,6908,6910,7025,7116,7206,7230,7266,7270,7466,7606,7802,7879,8063,8064,8100,8109,8112,8150,8168,8196,8235,8253,8297,8321,8326,8456,8605,8650,8678,8725,8734,8746,8981,9039,9144,9405,9431,9466,9554,9598,9602,9622,9674,9748,9780,9951,10005,10121,10129
46,518,1160,1386,1414,1586,1813,2146,2148,2672,2792,2851,3533,3972,4248,5307,5308,5309,5884,6181,6209,6274,6275,7227,7240,7250,7401,7486,7528,7912,8065,8070,8074,8076,8088,8152,8217,8256,8274,8328,8350,8362,8367,8406,8473,8490,8592,8593,8652,9457,9496,9940,10052,10053,10123,10125,10150
105,124,139,211,433,456,642,714,905,1072,1075,1114,1285,1530,1587,2124,2396,2501,2639,2640,2821,2882,2935,3007,3249,3250,3542,3573,3739,3876,4418,4750,4857,4858,5139,5301,5717,6026,6084,6305,6499,6720,6748,6964,6979,7030,7186,7367,7386,7421,7430,7585,7625,7657,7750,8277,8518,8621,8756,8969,9242,9294,9441,9508,9735,10056
21,215,441,481,583,689,727,822,923,926,999,1008,1118,1122,1252,1272,1428,1463,1469,1549,1705,1725,1853,1929,1970,2081,2159,2768,2914,2952,3100,3182,3196,3400,3448,3461,3593,3741,3775,3858,4069,4194,4253,4277,4527,4546,4631,4643,4803,4822,4975,5219,5324,5700,6265,6298,6447,6583,6672,6686,6716,6802,6811,6824,6923,7145,7346,7435,7987,8090,8156,8181,8588,8968,9201,9563,9631,9845,9847,9930,10026,10135
26,230,387,409,462,517,751,1128,1157,1544,1639,1756,1773,2033,2086,2403,2460,2638,3337,3517,3625,3727,3913,4096,4326,4474,4635,4880,4882,4929,4930,5222,5289,5439,5490,5516,5523,5564,5595,5982,6108,6371,6888,6992,7278,7293,7624,7893,8392,8661,9063,9106,9276,9369,9428,9660,9753
265,306,774,1149,1485,1675,1755,2402,2573,2581,2631,2920,2980,3101,3889,4023,4025,4203,4429,4470,4478,4521,4526,5129,5393,5525,5891,5974,6243,6917,7105,7184,7581,7662,8718,8743,8894,8909,8912,9177
218,400,547,591,676,1080,1090,1093,1097,1158,1371,1427,1642,1861,2265,2270,2371,2677,2717,2811,2828,2843,2911,3218,3350,3370,3399,3464,3487,3488,3522,3604,3850,4029,4106,4163,4414,4448,4482,4591,4614,5063,5153,5168,5234,5243,5485,5493,5538,5600,5603,5712,5725,5738,5863,5867,5975,6171,6196,6255,6293,6319,6418,6647,6809,6812,6909,6928,6988,7095,7129,7229,7395,7418,7481,7508,7661,7773,7871,7915,7937,8173,8214,8229,8319,8324,8366,8382,8399,8423,8481,8540,8651,8669,8671,8713,8767,8995,9011,9098,9207,9274,9473,9710,9741,9882,9969,10014,10106,10159
273,1613,2400,2764,2922,2978,3284,4831,4927,5028,5141,5287,5358,5624,5923,5990,6632,6708,6727,6841,7075,7288,7304,7310,7362,7399,7427,7447,7451,7512,7593,8078,8085,8153,8197,8236,8263,8278,8285,8308,8310,8363,8372,8420,8541,8682,8724,8881,8958,9134,9182,10082,10083,10097
23,52,98,187,263,324,359,378,392,407,422,432,488,577,617,742,1190,1278,1283,1286,1316,1346,1357,1526,1546,1609,1665,1683,1685,1752,1830,1863,1864,1867,2168,2178,2211,2229,2241,2242,2244,2283,2309,2332,2366,2453,2478,2576,2675,2749,2750,2786,2910,2929,3197,3288,3351,3401,3456,3481,3640,3642,3661,3715,3716,3732,3749,3924,3935,4212,4411,4415,4438,4500,4564,4648,4672,4826,4870,4948,5040,5180,5205,5232,5314,5364,5509,5524,5579,5582,5830,5915,6107,6191,6372,6399,6429,6453,6466,6495,6497,6978,6996,7015,7045,7248,7299,7405,7524,7608,7870,7880,7903,7977,8171,8449,8508,8536,8564,8832,8999,9094,9148,9252,9279,9288,9317,9319,9333,9382,9462,9601,9822,9884,10010
10,45,70,141,149,171,191,262,461,733,782,844,927,929,1095,1107,1121,1134,1156,1213,1218,1219,1307,1341,1377,1392,1399,1442,1515,1614,1632,1671,1677,1706,1714,1721,1740,1805,1806,1821,1866,1930,1968,1972,1973,2039,2072,2085,2147,2172,2260,2278,2302,2363,2412,2420,2421,2422,2423,2425,2426,2429,2431,2435,2441,2456,2494,2499,2583,2670,2739,2871,2930,3006,3145,3199,3380,3471,3535,3637,3639,3641,3696,3729,3734,3767,3828,3904,3978,4112,4118,4175,4205,4334,4336,4377,4485,4486,4545,4565,4577,4596,4603,4684,4777,4812,4894,4992,5111,5121,5271,5380,5432,5762,5825,5886,5930,6001,6006,6015,6048,6055,6071,6106,6164,6190,6211,6282,6285,6347,6394,6396,6410,6430,6442,6443,6561,6645,6695,6891,6936,6967,7034,7060,7109,7216,7366,7439,7449,7525,7666,7696,7784,7840,7936,8129,8209,8398,8409,8439,8486,8487,8697,8732,8813,8822,8889,8943,9049,9087,9154,9155,9170,9326,9362,9472,9509,9547,9680,9683,9726,9828,9830,9846,9874,9980,10192
6,180,181,700,707,816,817,818,819,823,824,825,826,829,834,837,838,848,854,855,863,864,865,866,869,870,872,874,875,877,879,880,881,882,891,893,895,920,941,943,944,977,978,980,1050,1052,1092,1163,1373,1723,1724,1726,1728,1730,1731,1738,1745,1809,1825,1826,1829,1832,1834,1841,1843,1889,1892,1995,2007,2180,2411,2413,2424,2434,2443,2614,2671,2701,2702,2703,2706,2822,2837,2855,2856,2880,2881,2902,2912,2934,2951,2953,2954,2964,3035,3054,3113,3205,3246,3262,3274,3306,3320,3331,3348,3352,3362,3363,3364,3375,3388,3396,3457,3519,3527,3532,3549,3561,3581,3582,3584,3633,3638,3671,3673,3752,3756,3887,3893,3895,3993,4031,4101,4105,4111,4128,4130,4132,4458,4492,4493,4495,4504,4604,4609,4618,4652,4685,4703,4721,4723,4743,4783,4799,4811,4834,4851,4852,4853,4897,4898,4913,4914,4915,4916,4944,4968,5006,5046,5052,5082,5083,5106,5107,5110,5148,5195,5260,5313,5408,5416,5463,5499,5625,5636,5650,5673,5682,5697,5714,5788,5824,5869,5872,5877,5878,5894,5913,5916,5994,6024,6030,6032,6036,6041,6049,6053,6056,6058,6062,6064,6081,6088,6095,6096,6121,6138,6140,6147,6152,6187,6230,6236,6338,6358,6402,6412,6475,6521,6525,6526,6536,6537,6538,6539,6659,6660,6662,6663,6665,6666,6668,6669,6685,6691,6703,6735,6786,6788,6791,6818,6821,6828,6829,6831,6834,6843,6845,6878,6893,6914,6931,6937,6958,6970,6985,6997,7003,7062,7079,7081,7082,7104,7119,7122,7144,7161,7192,7194,7195,7196,7197,7198,7199,7212,7223,7224,7297,7300,7316,7321,7324,7341,7359,7360,7368,7382,7391,7402,7403,7408,7409,7426,7429,7432,7433,7458,7461,7462,7484,7488,7489,7491,7493,7500,7501,7502,7505,7509,7510,7515,7520,7530,7538,7539,7540,7552,7555,7556,7578,7582,7597,7599,7604,7630,7640,7655,7656,7658,7669,7674,7675,7676,7677,7678,7682,7692,7693,7695,7697,7699,7715,7724,7730,7731,7737,7741,7743,7744,7745,7749,7751,7752,7755,7793,7867,7886,7955,7956,7961,7962,7969,7970,7976,7997,8000,8003,8004,8006,8009,8010,8012,8013,8016,8017,8020,8022,8023,8024,8025,8027,8028,8032,8036,8037,8038,8039,8041,8047,8049,8068,8092,8095,8111,8147,8154,8159,8203,8425,8451,8458,8463,8488,8496,8499,8503,8504,8520,8526,8563,8599,8606,8608,8609,8610,8611,8620,8637,8638,8639,8642,8643,8644,8681,8684,8689,8719,8721,8913,9016,9047,9131,9152,9168,9232,9280,9318,9341,9432,9468,9604,9690,9694,9749,9750,9766,9920,10013,10077,10177,10193
1,73,227,250,255,366,630,706,794,1029,1060,1432,1435,1445,1556,1565,1684,1820,1912,1946,2050,2122,2186,2246,2315,2484,2595,2648,2852,2941,2998,3142,3183,3229,3282,3423,3500,3611,3620,3668,3694,3759,3763,3823,3852,3862,3932,3951,3958,4044,4239,4288,4321,4364,4483,4567,4589,4607,4734,4846,5002,5039,5065,5278,5281,5332,5382,5423,5467,5468,5487,5543,5574,5706,5730,5752,5904,5943,5973,6238,6246,6387,6422,6455,6456,6459,6503,6509,6664,6770,6859,6863,6868,6969,6976,7415,7443,7460,7546,7609,7628,7672,7703,7948,8155,8201,8245,8343,8410,8470,8471,8493,8512,8513,8521,8586,8656,8735,8749,8870,8873,8918,8925,9030,9044,9052,9060,9079,9107,9128,9139,9208,9328,9368,9438,9450,9461,9483,9488,9489,9517,9529,9558,9624,9629,9711,9718,9734,9742,9810,9958,9970,9978,10051,10078,10092,10189
1656,2451,2562,2977,3692,3778,3842,4242,4388,4597,4653,4928,4932,5165,5494,5546,5646,6758,7065,7085,7281,7365,7446,7654,7811,8299,8337,8739,8821,9456,9621,9833,9842
0,47,228,349,351,565,571,572,573,590,629,935,936,938,942,945,946,1168,1244,1348,1410,1521,1701,1812,1872,1874,1879,1883,1884,1886,1890,1896,2078,2138,2459,2530,2873,2917,3033,3384,3463,3723,3970,4007,4067,4145,4153,4576,4615,4727,4794,4901,5120,5542,5643,5692,5803,5892,6010,6141,6362,6504,6712,6974,7406,7437,7551,7925,7928,7931,8492,8545,8755,8844,8945,9021,9022,9067,9132,9393,9402,9565,9607,9630,9818,9902,9928,9992,10109
32,48,51,64,65,66,78,81,83,96,111,112,127,134,146,154,157,173,174,179,192,196,203,204,205,210,213,222,229,234,252,254,260,275,276,284,309,312,315,322,327,328,330,350,352,372,377,380,383,390,434,440,448,450,464,477,504,526,530,542,543,545,550,551,552,554,556,557,559,560,568,575,584,585,589,594,597,603,604,607,623,626,635,636,637,638,640,641,644,645,653,658,660,664,665,669,670,671,672,675,686,690,693,695,698,704,705,708,710,717,718,719,721,734,736,737,748,755,761,768,769,775,776,781,790,796,804,806,809,815,858,892,901,903,939,951,957,965,969,976,1009,1020,1024,1038,1039,1040,1044,1045,1047,1048,1049,1057,1069,1074,1076,1082,1096,1119,1129,1136,1186,1194,1202,1203,1204,1205,1209,1215,1228,1234,1237,1241,1245,1250,1260,1268,1271,1295,1297,1299,1301,1312,1313,1317,1319,1323,1329,1336,1340,1359,1374,1383,1393,1394,1395,1397,1402,1412,1418,1419,1425,1446,1457,1472,1474,1480,1496,1499,1502,1503,1504,1510,1517,1518,1524,1527,1536,1537,1538,1542,1555,1558,1559,1561,1563,1571,1577,1579,1592,1593,1597,1604,1605,1611,1647,1648,1655,1657,1661,1666,1667,1676,1681,1689,1694,1696,1698,1704,1786,1801,1827,1828,1839,1855,1873,1907,1908,1917,1921,1925,1932,1935,1936,1947,1950,1963,1977,1982,1985,1993,2019,2020,2042,2045,2048,2056,2066,2067,2068,2070,2071,2077,2082,2089,2090,2092,2100,2101,2109,2125,2137,2140,2141,2143,2153,2156,2185,2187,2202,2217,2230,2231,2234,2243,2247,2254,2268,2273,2280,2284,2288,2295,2319,2326,2335,2337,2345,2352,2355,2362,2364,2368,2372,2386,2395,2408,2433,2442,2447,2450,2455,2457,2469,2471,2476,2485,2505,2513,2515,2540,2543,2545,2547,2549,2554,2578,2579,2580,2585,2586,2587,2591,2598,2599,2606,2610,2612,2623,2626,2636,2643,2646,2649,2658,2659,2661,2666,2676,2689,2696,2697,2700,2704,2709,2718,2723,2729,2735,2743,2745,2762,2766,2767,2771,2772,2773,2776,2784,2787,2819,2838,2844,2875,2878,2901,2907,2909,2913,2928,2933,2939,2946,2947,2957,2982,2989,2993,3014,3015,3025,3036,3043,3046,3055,3058,3060,3062,3070,3074,3078,3083,3085,3086,3088,3089,3092,3094,3112,3114,3116,3118,3128,3133,3135,3140,3147,3150,3159,3160,3171,3174,3179,3186,3187,3189,3193,3200,3203,3212,3216,3225,3233,3248,3266,3275,3279,3286,3290,3292,3295,3296,3297,3302,3307,3313,3317,3321,3322,3326,3330,3340,3341,3342,3345,3346,3357,3372,3385,3405,3419,3439,3443,3460,3468,3482,3483,3484,3493,3496,3498,3501,3505,3514,3530,3531,3543,3550,3592,3594,3596,3612,3615,3618,3622,3630,3631,3632,3643,3647,3648,3650,3653,3659,3663,3666,3669,3674,3681,3690,3697,3698,3703,3706,3728,3735,3743,3751,3755,3758,3764,3776,3777,3780,3794,3803,3805,3816,3817,3818,3822,3824,3836,3845,3846,3853,3855,3865,3866,3868,3869,3874,3882,3883,3891,3911,3916,3920,3921,3933,3937,3944,3947,3956,3961,3962,3963,3973,3998,4002,4008,4009,4010,4012,4013,4015,4037,4059,4064,4075,4085,4090,4092,4100,4103,4107,4123,4134,4135,4144,4148,4154,4165,4166,4169,4171,4180,4187,4188,4189,4204,4210,4211,4223,4235,4250,4266,4271,4275,4290,4292,4314,4315,4323,4333,4342,4346,4349,4350,4363,4387,4389,4396,4398,4400,4421,4424,4430,4432,4440,4442,4447,4454,4457,4469,4479,4481,4497,4498,4510,4511,4515,4516,4517,4541,4542,4543,4547,4549,4550,4551,4552,4555,4560,4573,4581,4584,4608,4623,4628,4634,4636,4644,4646,4650,4655,4658,4663,4676,4691,4705,4715,4717,4731,4736,4737,4738,4745,4753,4755,4758,4772,4784,4789,4815,4816,4818,4819,4820,4827,4830,4835,4838,4849,4877,4879,4888,4889,4891,4896,4899,4900,4906,4911,4917,4935,4939,4942,4943,4950,4951,4953,4954,4956,4957,4958,4976,4977,4981,4989,4993,4998,4999,5001,5005,5008,5013,5019,5022,5023,5027,5031,5032,5045,5047,5048,5050,5067,5090,5094,5105,5124,5136,5147,5151,5152,5170,5173,5179,5188,5193,5194,5201,5203,5211,5212,5214,5217,5218,5221,5231,5240,5247,5252,5253,5257,5258,5276,5282,5285,5292,5295,5296,5298,5300,5303,5305,5312,5320,5323,5325,5341,5350,5353,5354,5369,5375,5384,5386,5391,5396,5399,5414,5422,5429,5431,5433,5436,5443,5445,5447,5454,5458,5469,5476,5477,5482,5486,5495,5498,5504,5505,5507,5514,5517,5518,5521,5522,5537,5549,5550,5551,5563,5568,5570,5571,5576,5577,5587,5592,5593,5612,5613,5617,5633,5635,5637,5638,5649,5652,5657,5661,5669,5670,5681,5684,5688,5693,5694,5698,5699,5701,5711,5718,5723,5740,5744,5745,5748,5749,5753,5757,5758,5759,5760,5764,5771,5774,5779,5783,5789,5791,5796,5797,5808,5821,5834,5835,5836,5837,5840,5844,5866,5875,5876,5883,5885,5889,5895,5897,5903,5907,5922,5926,5940,5946,5961,5965,5966,5968,5969,5976,5977,5984,5989,5992,5995,5998,6000,6003,6005,6009,6021,6022,6023,6028,6029,6037,6043,6052,6060,6069,6074,6076,6079,6089,6090,6100,6105,6111,6115,6118,6120,6122,6129,6130,6132,6135,6137,6139,6149,6153,6165,6166,6167,6169,6176,6180,6193,6194,6197,6205,6210,6217,6221,6226,6233,6235,6244,6245,6248,6249,6250,6253,6261,6281,6290,6292,6294,6295,6296,6299,6301,6306,6309,6312,6313,6316,6331,6332,6335,6352,6355,6356,6365,6373,6375,6380,6390,6392,6393,6395,6398,6403,6408,6409,6416,6435,6440,6445,6458,6462,6473,6474,6482,6485,6487,6491,6492,6506,6511,6514,6524,6530,6532,6535,6543,6555,6566,6570,6572,6575,6581,6591,6606,6612,6635,6670,6673,6698,6707,6715,6718,6719,6726,6732,6743,6747,6749,6753,6777,6779,6781,6783,6784,6792,6794,6799,6801,6814,6839,6842,6847,6853,6857,6858,6862,6869,6874,6880,6882,6884,6886,6892,6898,6899,6900,6901,6906,6916,6921,6924,6935,6939,6941,6945,6951,6952,6953,6954,6965,6981,6983,6984,6989,7010,7022,7026,7027,7039,7040,7048,7052,7057,7068,7089,7096,7101,7103,7107,7110,7120,7127,7131,7133,7137,7141,7147,7150,7158,7160,7162,7167,7169,7170,7172,7173,7178,7181,7190,7191,7193,7201,7203,7209,7210,7215,7218,7222,7228,7236,7237,7241,7246,7247,7255,7268,7269,7271,7276,7277,7280,7287,7289,7290,7308,7312,7315,7322,7326,7327,7329,7332,7348,7351,7353,7355,7373,7379,7380,7387,7394,7396,7397,7410,7413,7444,7453,7454,7455,7468,7469,7472,7492,7494,7513,7521,7523,7527,7559,7560,7561,7564,7572,7576,7584,7588,7592,7595,7601,7605,7607,7610,7615,7622,7627,7631,7639,7643,7646,7652,7663,7664,7668,7679,7683,7685,7689,7691,7710,7721,7736,7747,7764,7765,7766,7769,7771,7787,7788,7789,7798,7814,7815,7816,7821,7828,7829,7836,7841,7842,7845,7854,7859,7861,7862,7863,7864,7865,7868,7882,7888,7896,7897,7898,7907,7910,7919,7927,7935,7943,7945,7953,7957,7963,7966,7972,7974,7975,7979,7983,7990,8005,8014,8026,8031,8040,8075,8077,8101,8102,8106,8107,8116,8122,8127,8137,8139,8141,8158,8167,8169,8180,8184,8192,8199,8200,8205,8208,8233,8254,8264,8268,8269,8275,8290,8293,8295,8298,8303,8304,8309,8312,8325,8327,8330,8336,8338,8342,8348,8358,8360,8365,8380,8381,8389,8391,8395,8396,8400,8413,8442,8446,8452,8457,8461,8467,8472,8475,8479,8485,8497,8500,8505,8528,8537,8542,8552,8554,8557,8558,8560,8561,8566,8567,8573,8577,8583,8590,8596,8598,8600,8601,8607,8624,8634,8635,8641,8654,8660,8663,8670,8676,8677,8679,8680,8683,8686,8688,8692,8695,8701,8720,8730,8744,8751,8757,8773,8783,8786,8788,8789,8793,8796,8797,8799,8819,8824,8827,8835,8848,8849,8854,8855,8861,8863,8864,8872,8884,8885,8888,8895,8896,8897,8903,8915,8916,8920,8921,8926,8930,8932,8941,8944,8947,8948,8949,8950,8953,8963,8966,8967,8984,8994,9009,9019,9027,9028,9029,9032,9034,9035,9037,9041,9046,9055,9057,9064,9068,9072,9075,9083,9085,9086,9089,9095,9096,9103,9115,9119,9126,9143,9159,9162,9163,9166,9172,9175,9180,9190,9193,9202,9211,9215,9220,9228,9240,9243,9245,9253,9256,9259,9262,9264,9267,9272,9285,9289,9290,9292,9295,9298,9309,9310,9336,9339,9351,9361,9365,9367,9377,9380,9385,9386,9388,9389,9390,9397,9399,9400,9422,9436,9451,9452,9453,9464,9469,9471,9476,9477,9485,9493,9506,9520,9526,9530,9532,9535,9557,9560,9562,9567,9575,9578,9581,9589,9608,9610,9613,9633,9647,9648,9651,9663,9664,9666,9667,9669,9676,9677,9687,9698,9701,9714,9715,9722,9724,9740,9751,9752,9757,9763,9765,9767,9768,9770,9773,9779,9782,9787,9795,9797,9802,9804,9805,9824,9834,9850,9857,9860,9861,9863,9873,9875,9878,9885,9888,9890,9896,9900,9907,9912,9913,9914,9915,9923,9925,9926,9927,9937,9943,9944,9947,9948,9949,9950,9952,9953,9955,9959,9960,9974,9984,9991,9996,9998,10000,10011,10018,10019,10022,10023,10024,10036,10043,10044,10046,10054,10072,10087,10090,10098,10103,10104,10105,10107,10108,10112,10113,10114,10116,10117,10119,10120,10126,10132,10134,10140,10141,10142,10143,10152,10155,10156,10158,10160,10167,10175,10184,10186,10190,10191,10194
3,15,24,60,240,292,308,314,363,381,425,436,529,534,673,928,1083,1145,1267,1270,1322,1326,1370,1465,1551,1599,1643,1679,1849,1851,2024,2208,2275,2342,2577,2657,2662,2780,2782,2785,2863,2865,2956,3045,3065,3152,3316,3390,3391,3507,3677,3688,3745,3795,3864,3906,3917,3967,3977,4041,4080,4226,4240,4241,4267,4300,4535,4633,4810,4829,4872,5000,5020,5089,5154,5321,5367,5442,5449,5508,5616,5620,5656,5658,5786,5851,5861,5870,5893,5996,6038,6070,6104,6464,6468,6505,6626,6680,6795,6902,6942,7017,7088,7091,7232,7233,7400,7619,7644,7809,7875,7909,7968,8072,8084,8093,8157,8255,8397,8539,8673,8805,8856,9002,9375,9524,9596,9625,9628,9755,9886,10137,10154
35,131,242,445,687,1077,1159,1225,1494,1736,2111,2155,2248,2572,2663,2742,2746,2925,3645,3678,3757,3790,4024,4199,4269,4294,4307,4445,4701,4718,4791,5362,5655,5790,6078,6426,6494,7126,7334,7414,7419,7470,7833,7869,7922,8002,8053,8144,8160,8441,8531,8551,8597,8817,8853,8868,9026,9042,9071,9101,9270,9275,9446,9449,9463,9510,9511,9662,9696,9731,9745,9746,9758,9771,9989,10001,10002,10061,10064,10179
37,130,148,163,206,299,320,391,397,444,495,701,791,808,900,904,960,1013,1041,1135,1294,1362,1381,1443,1545,1585,1612,1662,1784,1785,1880,1965,1981,1988,2023,2063,2098,2161,2236,2237,2331,2375,2377,2529,2541,2559,2651,2669,2674,2692,2793,2802,2886,3018,3213,3260,3336,3451,3508,3568,3597,3608,3617,3737,3802,3811,3856,3867,3871,3912,3927,3966,4006,4338,4466,4793,5078,5101,5162,5319,5334,5492,5589,5644,5709,5859,5934,6012,6159,6174,6367,6370,6391,6428,6437,6517,6565,6651,6803,6808,6897,6918,6961,6975,6986,7001,7009,7029,7031,7650,7754,7783,7799,7817,7831,7853,7891,8094,8617,8748,8768,8771,8823,8877,8886,8924,9004,9093,9121,9123,9286,9331,9372,9408,9411,9447,9500,9502,9561,9577,9638,9700,9774,9798,9899,9916,9990,10059,10066,10095
71,238,633,711,720,762,1113,1314,1637,1668,2239,2340,2430,3108,3343,3705,3877,4000,4048,4556,4559,4645,4682,4792,4923,4937,5017,5102,5460,5801,6307,6354,6407,6613,6776,6919,6973,7205,7436,7786,7978,8120,8344,8842,8866,8878,9023,9062,9223,9323,9480,9523,9573,9693,9903,9999,10007
290,476,514,619,952,1105,1193,2293,2613,2827,2850,3230,3258,3575,3774,3879,4441,4825,4970,5085,5174,5322,5541,5565,5662,5719,5769,5910,6151,6263,6289,6330,6336,6932,7050,7066,7070,7155,7244,7249,7251,7272,7369,7378,7422,7720,7762,7779,8067,8079,8081,8082,8083,8121,8138,8292,8302,8335,8341,8345,8427,8519,8553,8649,8934,8993,9014,9053,9617,9777,9931,9935,9971,9995,10031,10048,10070,10071,10110,10128
50,106,150,156,161,184,244,248,257,282,335,346,348,371,386,395,410,413,420,473,502,519,564,580,596,606,628,725,746,764,766,787,821,827,828,840,968,989,1002,1003,1034,1101,1117,1130,1153,1175,1192,1282,1327,1330,1335,1337,1347,1420,1433,1437,1455,1479,1560,1595,1596,1620,1623,1628,1700,1715,1746,1747,1749,1791,1817,1975,2021,2032,2084,2117,2123,2129,2152,2215,2227,2228,2252,2286,2320,2322,2353,2380,2436,2466,2473,2498,2507,2532,2533,2566,2588,2596,2616,2637,2738,2741,2755,2769,2791,2818,2833,2860,2864,2867,2924,2994,3000,3020,3069,3099,3156,3157,3158,3161,3162,3234,3236,3243,3261,3276,3315,3327,3360,3424,3447,3453,3462,3504,3538,3656,3662,3714,3717,3726,3894,3997,4093,4185,4268,4324,4329,4384,4391,4444,4514,4528,4558,4594,4622,4661,4665,4763,4867,5016,5026,5041,5070,5091,5103,5135,5167,5249,5333,5361,5381,5466,5511,5597,5608,5642,5703,5722,5766,5775,5778,5781,5800,5823,5853,5927,5956,6016,6077,6094,6116,6157,6242,6271,6277,6278,6320,6322,6324,6479,6496,6544,6548,6558,6584,6603,6633,6643,6723,6730,6785,6787,6804,6855,6962,7013,7016,7055,7176,7319,7363,7398,7431,7450,7504,7547,7603,7614,7621,7633,7700,7758,7839,7885,7913,7923,7930,7973,7986,8015,8042,8048,8054,8114,8142,8145,8190,8332,8388,8478,8514,8523,8544,8752,8781,8814,8830,8899,8904,8927,8979,8991,9001,9158,9278,9347,9352,9413,9470,9491,9495,9590,9634,9636,9670,9679,9697,9702,9704,9707,9732,9769,9806,9832,9837,9849,9880,9891,9941,9997,10025,10042,10063,10162,10163,10187,10195
