218,721,1180,1485,1828,1839,2447,2753,2892,3078,3225,3529,3536,3853,3988,4421,4693,4775,4784,4935,5248,5593,5688,5704,5796,6086,6149,6570,6595,6779,6816,7160,7177,7313,7635,8657,8783,8786,9180,9471,10126,10175
29,107,118,221,298,313,427,429,709,777,778,783,789,798,800,894,980,1106,1166,1367,1401,1511,1576,1629,1754,1824,1989,2044,2361,2379,2385,2397,2401,2414,2646,2690,2737,2916,3013,3034,3123,3175,3359,3502,3590,3680,3704,3791,3847,3903,3948,4035,4066,4137,4139,4140,4297,4310,4395,4420,4537,4692,4714,4741,4754,4926,5160,5190,5415,5607,5668,5742,5902,6014,6019,6098,6131,6241,6288,6333,6340,6341,6342,6423,6522,6523,6566,6676,6700,6717,7007,7047,7051,7208,7234,7282,7701,7725,7768,7770,7772,7803,7822,7917,7946,8051,8188,8216,8228,8231,8241,8246,8252,8266,8272,8280,8282,8289,8307,8353,8428,8538,8565,8666,8668,8747,8775,8865,8990,9065,9164,9169,9185,9349,9360,9421,9479,9627,9815,9838,9901,9919,9963,10012,10124,10171,10178
105,124,139,211,433,456,642,714,905,1072,1075,1114,1285,1530,1587,2124,2396,2501,2639,2640,2821,2882,2935,3007,3249,3250,3542,3573,3739,3876,4418,4750,4857,4858,5139,5301,5717,6026,6084,6305,6499,6720,6748,6964,6979,7030,7186,7367,7386,7421,7430,7585,7625,7657,7750,8277,8518,8756,8969,9242,9294,9441,9508,9735,10056
400,547,591,676,1080,1090,1093,1097,1158,1371,1427,1642,2265,2270,2371,2677,2717,2811,2828,2843,2911,3218,3350,3370,3399,3464,3487,3488,3522,3604,3850,4029,4106,4163,4414,4448,4482,4591,4614,5063,5153,5168,5234,5243,5485,5538,5600,5603,5618,5712,5725,5738,5863,5867,5975,6171,6196,6255,6293,6319,6418,6647,6809,6812,6909,6928,6988,7095,7129,7229,7395,7418,7481,7508,7871,7915,7937,8173,8214,8229,8319,8324,8366,8382,8399,8423,8481,8540,8651,8669,8671,8713,8767,8995,9011,9050,9098,9207,9274,9473,9710,9741,9882,9969,10014,10021,10106,10159
1,32,73,182,227,250,255,327,366,375,583,630,706,794,876,1029,1060,1363,1432,1435,1445,1454,1556,1565,1684,1820,1871,1912,1946,2050,2122,2125,2186,2246,2315,2484,2595,2648,2852,2908,2941,2956,2998,3142,3183,3229,3282,3423,3439,3500,3611,3620,3668,3694,3759,3763,3823,3852,3862,3932,3941,3951,3958,4044,4239,4288,4321,4332,4364,4455,4483,4567,4589,4607,4734,4846,5002,5039,5065,5278,5281,5332,5382,5423,5442,5467,5468,5487,5543,5574,5706,5730,5752,5904,5943,5973,6063,6238,6246,6387,6422,6455,6456,6459,6503,6509,6664,6770,6859,6863,6868,6969,6976,7020,7237,7415,7443,7460,7546,7596,7609,7628,7672,7703,7948,8155,8201,8245,8343,8410,8470,8471,8493,8512,8513,8521,8539,8586,8656,8735,8749,8870,8873,8918,8925,9030,9044,9052,9060,9079,9107,9128,9139,9208,9314,9328,9368,9438,9450,9461,9483,9488,9489,9517,9529,9558,9589,9624,9629,9711,9718,9729,9734,9742,9810,9958,9970,9978,10051,10078,10092,10144,10189
13,31,55,100,117,310,387,419,493,513,520,528,570,673,767,817,818,819,829,837,847,873,886,966,1024,1149,1178,1193,1262,1267,1271,1295,1310,1311,1324,1352,1484,1533,1658,1708,1723,1792,1793,1811,1940,1967,2015,2030,2066,2089,2094,2099,2136,2144,2198,2351,2481,2495,2527,2671,2777,2839,2845,2865,2879,2992,2997,3010,3080,3084,3121,3151,3217,3232,3268,3330,3354,3432,3489,3494,3519,3540,3560,3572,3654,3655,3660,3666,3681,3688,3740,3748,3878,3892,3953,4159,4200,4274,4351,4369,4480,4499,4522,4554,4751,4761,4770,4801,4941,5006,5052,5062,5064,5129,5173,5189,5236,5256,5270,5305,5336,5347,5444,5499,5547,5609,5665,5680,5829,5846,5874,5905,6102,6237,6287,6366,6545,6589,6602,6702,6763,6807,7010,7088,7108,7132,7175,7245,7300,7388,7402,7458,7461,7534,7662,7792,7793,7813,7841,7852,7874,7883,7961,8058,8086,8133,8221,8240,8283,8394,8498,8712,8718,8849,8952,8971,8997,9006,9165,9321,9367,9481,9484,9588,9686,9730,9754,9851,9972,9979,10032,10055,10088,10161
6,114,180,181,358,452,534,700,707,718,816,824,825,826,834,838,848,854,855,864,865,866,869,870,872,874,875,877,878,879,880,881,882,890,891,893,895,920,924,939,941,943,944,977,978,988,1050,1052,1063,1092,1131,1163,1172,1186,1211,1270,1373,1439,1486,1720,1724,1726,1728,1730,1731,1738,1745,1809,1810,1825,1826,1829,1832,1834,1841,1843,1849,1850,1889,1892,1993,1995,2007,2041,2127,2180,2184,2251,2257,2301,2307,2318,2391,2392,2411,2413,2424,2428,2434,2437,2443,2526,2561,2565,2614,2642,2662,2688,2701,2702,2703,2706,2745,2752,2787,2822,2837,2855,2856,2861,2880,2881,2902,2912,2923,2934,2951,2953,2954,2964,2982,3035,3046,3050,3054,3101,3103,3109,3113,3119,3189,3205,3228,3235,3241,3246,3255,3274,3306,3320,3326,3328,3331,3348,3352,3362,3363,3364,3375,3388,3396,3442,3449,3457,3527,3532,3549,3556,3561,3581,3584,3633,3638,3643,3671,3673,3674,3709,3751,3752,3756,3783,3887,3889,3891,3893,3895,3921,3993,3994,4023,4025,4027,4031,4050,4096,4097,4101,4105,4111,4130,4132,4167,4197,4328,4408,4458,4493,4495,4504,4521,4604,4608,4609,4611,4618,4628,4633,4652,4658,4685,4703,4707,4723,4743,4774,4783,4799,4810,4811,4825,4829,4834,4841,4847,4851,4852,4853,4897,4911,4913,4914,4915,4916,4917,4929,4933,4944,4968,5018,5046,5047,5082,5083,5089,5106,5107,5110,5116,5145,5148,5163,5166,5226,5253,5313,5320,5367,5369,5370,5371,5384,5408,5416,5441,5489,5594,5625,5636,5650,5673,5682,5689,5690,5697,5714,5745,5818,5820,5845,5847,5869,5872,5877,5894,5916,5942,5994,5995,5996,5998,6022,6024,6030,6038,6041,6042,6045,6049,6053,6056,6058,6061,6062,6064,6072,6073,6081,6088,6095,6104,6121,6125,6138,6139,6140,6146,6147,6152,6183,6230,6236,6276,6338,6358,6368,6402,6412,6431,6436,6475,6521,6524,6525,6526,6536,6537,6538,6539,6659,6660,6662,6663,6665,6666,6668,6669,6680,6685,6691,6693,6703,6739,6788,6791,6814,6817,6818,6821,6827,6828,6829,6831,6834,6837,6845,6857,6878,6893,6911,6914,6931,6937,6958,6970,6985,6997,6999,7003,7017,7057,7062,7079,7081,7082,7104,7119,7122,7135,7144,7161,7192,7194,7195,7196,7197,7198,7199,7223,7224,7233,7241,7242,7290,7297,7316,7318,7321,7324,7335,7341,7354,7359,7368,7382,7391,7403,7408,7409,7426,7429,7432,7433,7462,7467,7479,7484,7487,7489,7491,7493,7500,7502,7505,7509,7510,7515,7520,7531,7538,7539,7540,7552,7555,7556,7559,7578,7582,7597,7599,7601,7602,7604,7618,7632,7640,7656,7658,7669,7674,7675,7676,7677,7678,7682,7692,7693,7695,7697,7699,7715,7731,7735,7737,7741,7742,7743,7744,7745,7749,7751,7752,7755,7773,7851,7857,7863,7867,7886,7893,7953,7955,7956,7962,7964,7966,7969,7970,7974,7976,7997,8000,8003,8004,8006,8009,8010,8012,8013,8016,8017,8022,8023,8024,8025,8027,8028,8032,8035,8036,8037,8038,8039,8041,8043,8047,8049,8068,8069,8084,8093,8095,8111,8147,8154,8159,8165,8178,8203,8451,8452,8458,8463,8469,8488,8496,8499,8503,8504,8526,8530,8563,8589,8599,8606,8608,8609,8610,8611,8614,8620,8633,8637,8638,8639,8642,8643,8644,8647,8680,8681,8689,8702,8719,8721,8794,8803,8913,8976,9016,9047,9131,9152,9168,9220,9232,9309,9318,9341,9432,9468,9604,9690,9694,9750,9920,10013,10077,10090,10130,10177,10193
45,70,141,149,171,191,262,461,733,782,844,927,929,1095,1107,1121,1134,1156,1213,1218,1219,1307,1341,1377,1392,1399,1442,1515,1614,1632,1671,1677,1706,1714,1721,1740,1805,1806,1821,1866,1930,1968,1972,1973,2039,2072,2085,2147,2172,2260,2278,2302,2363,2412,2420,2421,2422,2423,2425,2426,2429,2431,2435,2441,2456,2494,2499,2583,2670,2739,2871,2930,3006,3145,3199,3380,3535,3637,3639,3641,3696,3729,3734,3767,3828,3904,3978,4112,4118,4175,4205,4334,4336,4377,4485,4486,4565,4577,4596,4777,4812,4894,4992,5111,5121,5271,5380,5582,5762,5825,5886,5930,6001,6006,6048,6055,6071,6106,6164,6190,6282,6285,6347,6396,6410,6430,6442,6443,6561,6695,6891,6936,6967,7034,7060,7091,7109,7216,7366,7439,7449,7525,7666,7696,7784,7840,7936,8129,8209,8398,8409,8439,8486,8487,8697,8732,8813,8822,8889,8943,9049,9087,9154,9155,9170,9326,9362,9472,9509,9547,9680,9683,9726,9828,9830,9846,9874,9980
28,66,94,110,189,243,253,291,294,295,334,376,507,543,560,595,614,616,644,674,677,694,775,852,957,1014,1019,1032,1033,1042,1047,1048,1054,1057,1058,1066,1067,1104,1242,1245,1279,1288,1353,1365,1384,1402,1559,1608,1691,1814,1845,1857,1919,1985,2061,2188,2233,2262,2325,2337,2354,2369,2476,2512,2542,2601,2636,2654,2661,2676,2686,2695,2699,2709,2734,2815,2823,2844,3014,3082,3093,3105,3112,3114,3139,3140,3203,3256,3265,3304,3313,3356,3357,3374,3467,3515,3557,3567,3781,3854,3863,3940,3974,3989,4076,4084,4091,4099,4126,4180,4195,4382,4399,4406,4531,4538,4573,4595,4605,4624,4710,4712,4772,4773,4785,4878,4919,4951,4958,4965,4996,5005,5010,5084,5143,5192,5193,5194,5196,5235,5246,5247,5282,5297,5315,5407,5446,5458,5472,5474,5476,5501,5502,5503,5505,5520,5566,5584,5591,5637,5684,5686,5720,5729,5754,5759,5765,5774,5808,5856,5898,5900,5911,5919,5939,5957,5959,5979,6004,6027,6029,6082,6093,6114,6163,6169,6213,6244,6261,6264,6286,6352,6376,6400,6406,6441,6445,6471,6492,6552,6579,6592,6620,6652,6653,6661,6674,6707,6715,6718,6725,6731,6744,6745,6759,6775,6801,6813,6870,6900,6901,6903,6935,6941,7041,7052,7064,7074,7103,7117,7133,7142,7149,7151,7201,7215,7343,7370,7376,7381,7416,7468,7498,7506,7549,7562,7591,7594,7642,7645,7647,7667,7709,7713,7729,7756,7763,7780,7797,7889,7902,7910,7943,8060,8061,8080,8097,8117,8123,8124,8128,8137,8139,8166,8175,8208,8223,8237,8261,8269,8305,8314,8355,8359,8371,8374,8385,8460,8484,8491,8533,8558,8570,8574,8662,8670,8688,8690,8698,8751,8755,8882,8947,9095,9096,9160,9218,9226,9231,9245,9304,9316,9334,9336,9354,9371,9373,9384,9388,9404,9407,9439,9487,9534,9579,9582,9673,9825,9834,9869,9910,9914,9923,9945,9949,10009,10045,10069,10108,10117,10138,10147,10167,10174
1861,2364,3174,5926,7178,7576,8075,8222,8290,8560,8903,8907,8948,8949,8953,9037,9085,10019,10036,10075,10105,10112
144,200,214,251,281,355,421,475,522,639,731,831,832,833,836,859,867,868,990,991,992,993,1010,1011,1035,1140,1155,1162,1170,1253,1304,1396,1406,1539,1618,1712,1727,1797,1798,1799,1926,1969,1979,2105,2204,2206,2271,2308,2388,2467,2472,2487,2564,2641,2732,2797,3073,3273,3325,3329,3389,3472,3541,3667,3746,3825,3832,3965,4030,4071,4160,4404,4449,4496,4599,4606,4640,4649,4778,4855,4924,5029,5049,5175,5420,5776,6158,6260,6404,6472,6556,6656,6671,6688,6690,6740,6822,6823,6826,6889,7044,7080,7225,7323,7364,7390,7482,7490,7503,7517,7586,7947,7952,8011,8019,8089,8103,8115,8176,8204,8483,8549,8998,9003,9137,9224,9519,9744,10153
3,4,15,24,43,54,58,63,67,68,76,79,87,95,99,123,128,140,151,160,165,168,177,183,188,190,194,198,199,202,217,220,226,245,264,268,269,300,304,314,316,319,325,336,338,345,353,357,360,368,374,381,382,394,396,402,406,414,415,417,426,428,439,454,455,460,470,479,484,486,491,501,509,516,524,529,555,562,579,581,588,599,600,601,625,647,649,655,666,667,680,684,692,697,715,716,724,728,729,738,744,753,754,756,773,774,780,799,805,806,807,823,863,896,899,906,909,912,919,921,925,934,947,996,1012,1018,1022,1025,1031,1084,1098,1116,1145,1174,1176,1182,1195,1196,1197,1212,1220,1231,1247,1248,1249,1251,1258,1269,1276,1303,1321,1326,1349,1375,1382,1405,1411,1431,1440,1449,1452,1461,1462,1465,1491,1492,1495,1497,1498,1505,1519,1525,1540,1547,1566,1570,1575,1580,1590,1626,1636,1641,1643,1670,1678,1679,1682,1697,1718,1757,1759,1763,1765,1767,1770,1771,1774,1777,1778,1779,1780,1781,1803,1818,1823,1837,1838,1847,1854,1878,1888,1894,1897,1899,1903,1904,1905,1909,1915,1943,1948,1956,1957,1958,1960,1961,1962,1983,2016,2057,2064,2079,2108,2112,2116,2133,2145,2162,2166,2169,2170,2176,2192,2194,2195,2196,2199,2205,2218,2222,2225,2232,2240,2245,2258,2266,2282,2287,2297,2298,2304,2306,2316,2333,2336,2341,2346,2347,2359,2365,2367,2389,2390,2415,2440,2444,2461,2465,2470,2474,2491,2496,2506,2519,2551,2560,2577,2584,2594,2597,2609,2611,2626,2634,2635,2652,2657,2678,2679,2680,2687,2708,2720,2726,2730,2744,2751,2758,2761,2765,2774,2780,2795,2799,2810,2824,2825,2826,2832,2834,2835,2858,2899,2904,2920,2936,2944,2945,2950,2963,2968,2973,2983,2991,2995,2996,3002,3011,3016,3017,3019,3037,3048,3063,3064,3065,3081,3090,3095,3102,3111,3124,3127,3129,3137,3178,3191,3220,3221,3222,3224,3238,3242,3251,3269,3287,3291,3294,3298,3308,3316,3333,3335,3347,3361,3366,3379,3381,3382,3383,3397,3417,3428,3434,3440,3445,3446,3450,3459,3469,3477,3486,3495,3509,3513,3521,3524,3537,3552,3553,3554,3562,3578,3580,3582,3603,3606,3609,3610,3614,3623,3646,3648,3677,3687,3695,3745,3747,3760,3765,3770,3771,3785,3786,3787,3796,3820,3829,3830,3831,3837,3838,3843,3849,3861,3864,3866,3881,3885,3896,3906,3907,3917,3936,3959,3977,4004,4016,4018,4046,4054,4072,4087,4089,4094,4098,4113,4125,4127,4129,4182,4184,4186,4190,4193,4208,4217,4225,4228,4229,4251,4254,4260,4265,4267,4278,4296,4300,4304,4309,4319,4322,4331,4335,4337,4344,4360,4367,4368,4370,4371,4372,4376,4394,4403,4416,4422,4425,4427,4430,4435,4439,4453,4461,4464,4472,4492,4509,4520,4525,4526,4532,4534,4536,4561,4562,4586,4602,4603,4637,4666,4695,4704,4713,4721,4722,4732,4733,4735,4765,4769,4771,4782,4788,4807,4837,4856,4873,4874,4876,4895,4896,4903,4925,4938,4945,4955,4962,4966,4973,4984,4986,5003,5004,5024,5030,5043,5056,5061,5087,5093,5097,5108,5114,5115,5126,5134,5158,5159,5177,5181,5182,5183,5200,5208,5216,5220,5223,5233,5237,5245,5261,5267,5275,5286,5304,5311,5335,5337,5344,5348,5351,5359,5360,5372,5373,5376,5379,5397,5401,5412,5430,5437,5457,5459,5465,5478,5500,5526,5531,5535,5544,5557,5583,5588,5590,5598,5602,5614,5620,5629,5632,5639,5656,5660,5667,5687,5695,5696,5707,5713,5726,5728,5731,5732,5739,5750,5755,5773,5779,5787,5798,5807,5811,5812,5824,5838,5841,5850,5854,5857,5862,5878,5899,5913,5935,5936,5938,5953,5958,5962,5993,5997,6039,6051,6070,6101,6150,6160,6184,6187,6188,6199,6211,6222,6239,6257,6258,6262,6266,6272,6279,6310,6321,6323,6343,6344,6346,6353,6361,6374,6382,6384,6388,6413,6420,6438,6444,6468,6476,6477,6484,6489,6493,6507,6513,6518,6531,6541,6550,6559,6567,6576,6586,6588,6598,6607,6614,6617,6623,6624,6636,6640,6645,6646,6648,6654,6658,6681,6689,6694,6704,6705,6712,6713,6729,6742,6755,6756,6768,6786,6789,6800,6806,6820,6849,6850,6856,6860,6864,6865,6867,6871,6877,6879,6887,6902,6907,6942,6943,6960,6968,6977,6984,6994,7004,7005,7037,7053,7061,7072,7102,7121,7146,7165,7168,7209,7231,7253,7274,7279,7291,7294,7295,7325,7333,7337,7340,7342,7344,7358,7375,7393,7407,7420,7457,7478,7483,7485,7488,7499,7501,7511,7536,7543,7558,7568,7577,7600,7619,7626,7649,7659,7722,7724,7726,7727,7730,7739,7748,7795,7809,7810,7812,7826,7827,7832,7834,7838,7876,7877,7911,7921,7929,7931,7941,7951,7954,7984,7985,7989,7995,8008,8014,8020,8021,8055,8104,8135,8157,8161,8186,8211,8213,8234,8238,8243,8244,8248,8255,8258,8262,8276,8281,8301,8329,8333,8338,8352,8354,8416,8424,8425,8426,8443,8447,8468,8474,8480,8506,8529,8554,8582,8585,8594,8625,8627,8636,8648,8673,8707,8708,8722,8733,8743,8750,8772,8774,8792,8804,8809,8818,8826,8831,8837,8850,8858,8901,8911,8937,8939,8961,8962,8964,8983,8985,9010,9024,9067,9076,9077,9080,9105,9109,9130,9133,9136,9156,9176,9177,9178,9191,9221,9222,9235,9241,9261,9263,9282,9284,9291,9302,9315,9320,9327,9329,9332,9335,9346,9364,9383,9392,9396,9422,9458,9460,9482,9494,9505,9536,9545,9569,9574,9583,9599,9640,9646,9649,9657,9668,9682,9691,9716,9717,9721,9728,9739,9747,9749,9752,9760,9761,9807,9813,9816,9829,9831,9852,9856,9864,9879,9905,9915,9939,9961,9968,9975,9977,9982,9988,10004,10017,10058,10076,10118,10131,10168,10188
594,705,734,936,1209,1890,1949,2659,2767,4123,4879,5048,5172,5323,5577,5896,6906,8174,8336,8492,8500,8505,9378,9379,9530
254,545,576,652,702,757,860,937,970,1206,1603,1800,1815,1848,2022,2189,2259,2682,2926,2990,3015,3386,3938,4028,4110,4327,4345,4352,4390,4393,4726,4908,5104,5455,5481,6195,6302,6328,6631,6722,6908,7025,7116,7206,7230,7270,7606,8064,8112,8150,8168,8196,8297,8326,8650,8941,8981,9039,9144,9267,9598,9622,9780,10121,10129
10,20,30,53,59,176,197,285,341,342,343,354,403,423,463,523,531,536,574,618,663,681,771,793,839,842,853,922,926,955,984,1021,1023,1030,1071,1103,1143,1169,1224,1235,1280,1302,1308,1328,1333,1351,1354,1356,1366,1370,1398,1400,1407,1421,1447,1464,1478,1487,1509,1532,1554,1567,1581,1588,1589,1607,1625,1651,1680,1690,1703,1733,1748,1755,1788,1796,1846,1853,1860,1885,1901,1939,1998,2036,2054,2055,2060,2103,2104,2121,2154,2175,2281,2300,2342,2360,2374,2383,2399,2439,2477,2497,2538,2546,2575,2590,2607,2627,2633,2645,2650,2668,2748,2759,2775,2872,2877,2897,2898,2915,2931,2974,3066,3104,3107,3136,3141,3149,3194,3201,3204,3208,3244,3349,3394,3414,3471,3478,3507,3520,3574,3595,3602,3607,3713,3722,3725,3753,3929,3942,3950,3968,4001,4011,4020,4036,4045,4052,4073,4146,4172,4216,4283,4293,4412,4490,4494,4512,4524,4535,4540,4569,4571,4572,4582,4632,4660,4675,4680,4684,4711,4749,4802,4824,4860,4862,4961,4982,4991,5127,5156,5204,5262,5279,5299,5342,5388,5491,5561,5596,5626,5675,5751,5761,5802,5828,5920,5928,5937,5963,5981,6018,6144,6212,6284,6308,6414,6417,6481,6490,6542,6554,6568,6626,6641,6675,6682,6765,6782,6832,6896,6926,6927,6934,6948,6980,6990,7019,7077,7115,7140,7204,7296,7331,7345,7350,7425,7465,7598,7644,7782,7848,7866,7914,7932,7991,8033,8050,8066,8072,8125,8131,8132,8146,8163,8230,8357,8383,8440,8495,8612,8626,8700,8769,8807,8838,8892,8909,8922,8923,8968,8988,9005,9054,9108,9111,9127,9141,9151,9213,9409,9414,9425,9429,9475,9504,9533,9548,9563,9580,9623,9625,9644,9684,9689,9727,9854,9872,9883,9886,9956,9973,10028,10096,10102,10139,10165,10192
75,103,121,231,350,615,621,624,650,760,788,871,982,1055,1070,1099,1120,1146,1148,1191,1227,1380,1688,1719,1804,1869,1954,1955,2017,2106,2464,2544,2592,2970,2981,3270,3310,3323,3493,3566,3629,3779,3926,3979,4065,4081,4104,4136,4138,4459,4616,4656,4742,4744,4745,4757,4779,4806,4809,4902,4959,5072,5149,5164,5187,5198,5277,5302,5378,5404,5405,5411,5426,5427,5527,5540,5545,5556,5562,5674,5679,5767,5772,5792,5858,5868,5890,6134,6192,6204,6325,6337,6385,6394,6551,6597,6678,6819,6925,6933,6957,7046,7054,7153,7207,7239,7328,7356,7377,7541,7589,7648,7653,7721,7753,7982,7992,8073,8267,8316,8320,8347,8361,8412,8444,8509,8510,8525,8532,8575,8584,8645,8655,8727,8776,8869,9036,9090,9308,9312,9403,9522,9659,9762,9853,9867,10068,10166,10183
35,131,445,687,688,1076,1077,1159,1214,1225,1394,1494,1736,2155,2248,2511,2572,2663,2742,2746,2925,3645,3678,3757,3790,4024,4176,4199,4269,4294,4307,4701,4718,4791,5362,5655,5790,6078,6426,6494,7059,7126,7334,7414,7419,7470,7616,7833,7869,7922,8144,8441,8531,8551,8597,8817,8853,8868,9026,9042,9071,9101,9270,9275,9446,9449,9463,9510,9511,9662,9696,9731,9745,9746,9758,9771,9989,10001,10002,10061,10064,10179
1142,2891,3559,5074,6701,6741,7123,7256,7554,7714,7999,8691,8723,8779,8780,8862
25,56,119,278,323,416,553,561,627,691,722,726,835,888,1053,1064,1073,1137,1173,1228,1408,1416,1527,1868,2026,2107,2134,2171,2219,2249,2343,2370,2398,2406,2448,2463,2615,2629,2664,2691,2790,2848,2878,2932,2937,2960,3209,3214,3280,3523,3545,3700,3816,3975,3983,3984,3990,4026,4095,4119,4133,4143,4340,4383,4476,4790,4798,4800,4817,4839,4842,4850,4893,4910,4983,4999,5090,5099,5144,5283,5343,5368,5512,5628,5653,5659,5672,5721,5785,5813,5814,5909,5918,5972,6033,6040,6044,6178,6198,6223,6228,6232,6234,6303,6357,6383,6596,6610,6634,6667,6677,6699,6724,6793,6840,6920,6987,7148,7156,7226,7238,7275,7298,7314,7361,7374,7385,7475,7496,7634,7680,7704,7712,7719,7728,7791,7819,8091,8148,8284,8296,8368,8378,8430,8433,8502,8603,8675,8685,8729,8736,8745,8761,8890,8935,8977,8978,9074,9254,9423,9655,9894,9994,10047,10099,10127
21,215,242,441,481,689,727,822,923,999,1008,1118,1122,1252,1272,1428,1438,1463,1469,1549,1705,1725,1929,1970,2081,2111,2159,2768,2914,2952,3044,3100,3182,3196,3400,3448,3461,3563,3593,3741,3775,3858,4069,4194,4253,4277,4445,4527,4546,4631,4643,4803,4822,4975,5219,5324,5700,6265,6298,6447,6583,6672,6686,6716,6802,6811,6824,6923,7145,7214,7346,7435,7987,8002,8090,8156,8181,8588,9201,9631,9845,9847,9930,10026,10135,10148
64,280,671,737,759,815,1415,2317,2479,2598,2704,3596,4010,4192,4271,4471,4498,4529,4838,4977,5042,5692,5799,5882,6180,6389,6612,6830,6869,6898,7681,7884,7972,8158,9021,9359,9434,9613,9859,10104
645,1355,1577,2045,2140,2153,2515,2735,3290,3358,3868,3882,4220,4993,5023,5312,5587,5669,5748,6403,6485,6565,6698,7028,7039,7048,7379,7939,8233,8380,8461,8601,8709,9339,9666,9667,9802,10095
145,225,296,297,539,643,646,749,820,830,856,857,1150,1713,1835,2062,2468,2475,2502,2503,3305,3365,3999,4014,4082,4088,4202,4244,4519,4600,4659,4776,4885,5095,5340,5349,5451,5676,6123,6155,6220,6280,6534,6618,7086,7587,7623,7718,7996,7998,8007,8136,8232,8534,8615,9187,9233,9257,9455,9540,9570,9572,9594,9695
86,236,279,490,741,1127,1141,1910,1966,2149,2150,2948,3707,3860,4051,4320,4518,4674,4679,5417,5606,6017,6432,6760,7583,7790,8218,8407,8516,8613,8929,8986,8987,9038,9387,9516,9595,9639,9658,9733,9790,9868
26,230,409,462,517,751,1128,1157,1422,1544,1639,1756,1773,2033,2086,2403,2460,2638,3337,3517,3625,3727,3913,4474,4635,4880,4882,4930,5222,5289,5490,5516,5523,5564,5595,5982,6108,6371,6419,6888,6992,7278,7293,7624,8392,8661,9063,9106,9369,9428,9660,9753
33,115,172,311,329,332,485,503,648,786,795,1078,1236,1263,1264,1291,1320,1345,1350,1361,1369,1568,1601,1610,1631,1654,1707,1931,2167,2350,2378,2394,2570,2685,2885,2966,3041,3068,3143,3420,3421,3422,3526,3652,3689,3720,3928,3954,3982,4009,4231,4236,4259,4568,4613,4619,4621,4664,4813,5012,5079,5122,5413,5666,5691,5780,5836,5999,6031,6112,6142,6145,6154,6179,6208,6364,6546,6774,6972,6998,7711,7785,7958,8260,8271,8550,8693,8726,8742,8808,8846,8936,8956,8996,9114,9174,9344,9410,9454,9521,9612,9803,9934,10074,10115,10133
2,91,209,541,549,582,638,657,918,1027,1238,1836,1876,2076,2093,2126,2174,2489,2788,2789,2869,3181,3184,3773,3801,4017,4303,4341,4677,5034,6520,7412,7673,7818,8900,8910,9120,9363
71,238,633,711,720,762,1113,1314,1318,1418,1637,1668,2239,2340,2430,3108,3343,3705,3877,4000,4048,4556,4645,4682,4792,4923,4937,5017,5102,5460,5801,6166,6307,6354,6407,6613,6776,6919,6973,7205,7436,7631,7786,7978,8120,8344,8766,8842,8866,8878,9023,9062,9223,9323,9397,9480,9523,9573,9693,9861,9903,9999
174,203,575,1119,1234,1317,1666,3147,3200,3230,3460,4479,4663,4719,5045,5050,5155,5354,5541,5549,5968,6007,6060,6118,6167,6409,7147,7312,7463,7771,7990,8040,8116,8191,8395,8561,8692,9032,9272,9290,9453,9498,9549,9912,9927,9947,10035,10176
108,286,405,435,471,483,651,846,1187,1467,1534,1541,1633,1964,2065,2216,2405,2778,2829,2906,2955,3023,3026,3180,3736,3797,3908,4042,4116,4419,4764,4796,5864,6119,6348,6460,6486,6609,6950,7083,7098,7569,7824,7850,8134,8257,8535,9626,9643,9819,9870,10003,10062
23,52,98,187,240,263,324,359,363,378,392,399,407,422,432,436,488,577,617,742,785,928,1190,1278,1283,1286,1316,1346,1357,1526,1546,1551,1599,1609,1665,1683,1685,1752,1830,1851,1863,1864,1867,2024,2168,2178,2208,2211,2229,2241,2242,2244,2283,2309,2332,2366,2453,2478,2576,2675,2749,2750,2782,2785,2786,2870,2910,3152,3197,3288,3351,3401,3456,3481,3640,3642,3661,3715,3716,3732,3749,3924,3935,4041,4212,4226,4240,4241,4411,4415,4438,4500,4564,4672,4826,4865,4870,4948,5040,5180,5205,5232,5314,5364,5509,5524,5579,5830,5861,5915,6107,6191,6372,6399,6429,6453,6466,6495,6497,6795,6978,6996,7015,7045,7248,7299,7405,7608,7870,7880,7903,7909,7977,8171,8397,8419,8449,8508,8536,8564,8832,8856,8999,9094,9148,9252,9279,9288,9317,9319,9333,9375,9462,9524,9596,9601,9628,9755,9822,9884,10010,10137,10182
7,8,11,14,22,39,48,51,57,60,61,62,65,74,78,81,83,84,85,88,96,101,102,109,111,112,116,125,127,129,134,137,146,147,152,154,157,158,164,166,169,173,175,179,195,196,204,210,213,219,223,229,233,234,237,252,256,258,260,265,270,275,276,283,284,292,293,302,306,308,309,312,315,317,318,322,328,330,337,352,356,362,372,373,377,383,385,388,390,398,411,424,425,430,434,440,443,446,448,450,451,453,459,464,465,467,472,477,478,480,489,500,506,525,526,530,540,542,544,548,550,551,552,554,556,557,559,567,568,578,584,585,589,597,598,603,607,608,610,613,622,623,626,629,635,636,637,640,641,653,654,658,664,665,669,670,672,675,678,686,693,695,696,698,704,708,710,717,719,730,732,736,743,747,748,750,755,758,761,765,768,769,776,779,781,790,796,804,809,811,812,814,858,892,898,901,902,914,930,933,950,951,961,965,969,973,981,987,994,997,1009,1016,1038,1039,1040,1043,1044,1045,1049,1059,1061,1062,1065,1069,1074,1079,1082,1083,1096,1123,1129,1132,1136,1144,1152,1154,1160,1184,1194,1202,1203,1204,1205,1208,1215,1216,1237,1239,1241,1243,1250,1259,1260,1261,1268,1273,1274,1289,1292,1293,1297,1299,1301,1312,1313,1315,1319,1323,1332,1336,1340,1358,1359,1374,1376,1385,1387,1391,1393,1395,1397,1409,1412,1419,1425,1434,1446,1450,1457,1468,1472,1474,1480,1482,1483,1489,1496,1499,1502,1503,1507,1510,1512,1517,1518,1524,1529,1536,1537,1538,1542,1555,1558,1561,1563,1564,1569,1571,1579,1591,1592,1593,1597,1598,1604,1605,1606,1611,1616,1624,1627,1647,1648,1649,1652,1655,1657,1661,1663,1667,1672,1674,1675,1681,1689,1694,1695,1698,1704,1709,1722,1761,1764,1766,1769,1772,1782,1783,1786,1787,1789,1816,1827,1833,1840,1842,1855,1865,1873,1877,1882,1891,1895,1898,1900,1907,1908,1913,1914,1916,1920,1921,1923,1925,1941,1944,1945,1947,1950,1951,1963,1977,1978,1982,2002,2020,2025,2029,2031,2035,2037,2038,2042,2043,2047,2049,2056,2067,2068,2070,2071,2077,2082,2087,2088,2095,2097,2100,2101,2109,2110,2113,2128,2141,2142,2143,2156,2157,2163,2164,2183,2185,2187,2190,2191,2200,2202,2217,2221,2231,2234,2235,2238,2243,2247,2254,2255,2256,2268,2273,2275,2280,2284,2288,2290,2294,2295,2296,2299,2319,2326,2327,2329,2335,2349,2352,2355,2357,2362,2368,2373,2381,2386,2402,2418,2433,2442,2455,2457,2469,2471,2485,2504,2505,2508,2513,2518,2524,2528,2531,2534,2537,2540,2543,2545,2547,2549,2550,2553,2554,2563,2571,2578,2580,2582,2585,2586,2587,2591,2604,2606,2610,2612,2619,2621,2622,2623,2631,2632,2653,2655,2656,2658,2665,2667,2689,2696,2697,2698,2700,2711,2716,2718,2721,2723,2725,2729,2731,2743,2756,2757,2762,2766,2771,2776,2779,2781,2784,2798,2803,2804,2805,2808,2809,2819,2830,2838,2846,2849,2859,2862,2874,2875,2876,2894,2895,2901,2907,2909,2913,2928,2933,2939,2942,2943,2946,2947,2957,2972,2976,2979,2980,2984,2986,2988,2989,2993,2999,3009,3022,3025,3027,3031,3036,3043,3045,3053,3055,3056,3057,3058,3060,3061,3062,3070,3074,3075,3077,3083,3085,3086,3088,3089,3091,3092,3094,3096,3097,3106,3110,3115,3116,3118,3120,3122,3126,3128,3132,3134,3135,3144,3148,3150,3153,3154,3159,3163,3164,3165,3168,3171,3172,3173,3176,3179,3186,3187,3188,3193,3195,3206,3207,3219,3223,3231,3233,3239,3247,3248,3262,3264,3266,3275,3278,3279,3283,3286,3292,3293,3295,3296,3297,3300,3302,3307,3309,3312,3314,3317,3321,3322,3324,3334,3339,3340,3341,3342,3344,3345,3346,3355,3369,3372,3378,3384,3385,3387,3390,3391,3395,3398,3409,3410,3416,3419,3427,3429,3430,3431,3433,3443,3479,3480,3482,3483,3484,3485,3490,3496,3497,3498,3501,3505,3506,3510,3512,3530,3531,3534,3543,3547,3550,3551,3569,3570,3571,3587,3588,3591,3592,3594,3599,3612,3615,3618,3622,3630,3631,3632,3644,3647,3649,3650,3659,3663,3669,3670,3684,3690,3697,3702,3703,3706,3719,3724,3728,3733,3735,3742,3743,3744,3750,3754,3755,3758,3764,3766,3768,3769,3772,3776,3777,3780,3782,3792,3793,3795,3798,3799,3803,3804,3805,3808,3810,3812,3813,3815,3817,3818,3819,3822,3824,3833,3834,3835,3836,3840,3845,3846,3855,3865,3869,3874,3875,3883,3884,3888,3890,3901,3902,3909,3910,3911,3914,3915,3916,3920,3922,3933,3937,3939,3946,3947,3952,3955,3961,3962,3963,3967,3970,3973,3980,3985,3986,3987,3995,3998,4002,4003,4008,4012,4013,4015,4019,4021,4032,4037,4043,4053,4055,4056,4059,4063,4064,4075,4077,4080,4083,4085,4090,4092,4100,4103,4107,4114,4117,4124,4128,4134,4135,4141,4142,4144,4147,4148,4152,4154,4155,4156,4157,4158,4161,4164,4165,4166,4168,4169,4170,4171,4173,4174,4178,4179,4181,4183,4187,4188,4189,4191,4196,4201,4203,4204,4207,4210,4211,4221,4222,4223,4224,4227,4230,4232,4234,4235,4237,4245,4246,4247,4249,4250,4255,4257,4261,4262,4263,4264,4266,4270,4272,4273,4275,4279,4284,4287,4290,4291,4292,4295,4298,4299,4301,4302,4305,4308,4311,4312,4313,4314,4317,4323,4325,4326,4333,4342,4343,4346,4347,4348,4349,4350,4354,4355,4357,4359,4361,4362,4363,4365,4378,4379,4385,4386,4387,4389,4392,4396,4398,4400,4401,4409,4410,4413,4417,4432,4437,4440,4442,4447,4451,4454,4457,4468,4469,4470,4478,4481,4497,4501,4503,4506,4510,4511,4515,4516,4517,4523,4530,4541,4542,4543,4547,4548,4549,4550,4551,4552,4553,4555,4557,4559,4560,4566,4579,4581,4584,4587,4592,4601,4610,4620,4623,4626,4634,4636,4638,4641,4644,4646,4647,4650,4654,4655,4671,4673,4683,4688,4689,4691,4696,4698,4702,4705,4706,4709,4716,4717,4727,4728,4729,4731,4737,4738,4739,4747,4753,4756,4758,4760,4762,4767,4768,4780,4786,4789,4814,4815,4816,4818,4819,4820,4827,4830,4835,4836,4840,4848,4869,4872,4877,4883,4887,4888,4890,4891,4892,4898,4899,4900,4905,4909,4918,4920,4921,4936,4942,4943,4953,4954,4956,4957,4967,4976,4978,4981,4985,4989,4997,4998,5000,5001,5008,5013,5015,5019,5020,5021,5022,5027,5031,5032,5033,5035,5038,5051,5053,5066,5067,5086,5094,5105,5113,5128,5130,5131,5132,5147,5150,5151,5152,5154,5170,5178,5179,5186,5188,5195,5197,5199,5201,5202,5203,5207,5210,5211,5212,5217,5218,5221,5228,5231,5240,5242,5252,5254,5255,5257,5258,5260,5263,5265,5266,5268,5269,5276,5284,5285,5288,5290,5292,5293,5294,5295,5296,5298,5300,5303,5316,5317,5321,5325,5326,5330,5345,5350,5353,5355,5356,5365,5366,5375,5377,5385,5386,5390,5392,5393,5396,5399,5400,5402,5403,5406,5414,5421,5422,5428,5433,5435,5439,5443,5445,5447,5454,5463,5469,5471,5477,5480,5482,5484,5486,5495,5498,5504,5506,5507,5508,5514,5515,5517,5518,5521,5522,5525,5528,5529,5530,5536,5537,5539,5550,5551,5552,5555,5558,5563,5570,5571,5572,5573,5575,5576,5580,5592,5599,5601,5605,5615,5616,5617,5627,5630,5633,5635,5638,5641,5649,5652,5654,5657,5658,5670,5678,5681,5685,5694,5698,5699,5701,5702,5705,5708,5711,5718,5723,5727,5733,5734,5735,5737,5741,5744,5749,5753,5756,5757,5758,5760,5768,5770,5771,5777,5783,5786,5788,5789,5791,5793,5797,5805,5806,5816,5817,5819,5821,5832,5834,5835,5837,5840,5842,5844,5848,5849,5851,5852,5855,5866,5875,5879,5880,5881,5885,5887,5889,5891,5895,5897,5901,5907,5912,5914,5922,5924,5925,5929,5932,5940,5944,5946,5949,5950,5951,5954,5955,5960,5961,5965,5966,5967,5969,5970,5974,5976,5980,5983,5984,5988,5989,5992,6000,6003,6008,6009,6021,6023,6028,6032,6035,6037,6046,6047,6050,6052,6059,6069,6074,6076,6079,6080,6087,6089,6090,6092,6100,6105,6115,6117,6120,6122,6129,6130,6132,6135,6136,6137,6143,6148,6153,6165,6168,6172,6176,6185,6193,6194,6197,6200,6202,6205,6210,6217,6224,6226,6233,6235,6240,6243,6245,6247,6248,6249,6250,6253,6254,6256,6267,6268,6281,6283,6290,6291,6294,6295,6296,6299,6301,6306,6309,6311,6312,6313,6314,6315,6316,6331,6334,6335,6339,6359,6363,6365,6373,6375,6379,6380,6386,6392,6393,6395,6398,6405,6408,6411,6416,6433,6435,6439,6440,6446,6448,6450,6457,6458,6461,6462,6463,6464,6467,6469,6473,6480,6482,6487,6488,6491,6500,6501,6505,6506,6514,6516,6519,6527,6528,6530,6532,6540,6543,6547,6555,6557,6562,6564,6569,6572,6573,6575,6581,6582,6591,6606,6616,6619,6621,6627,6635,6638,6639,6642,6649,6655,6670,6673,6684,6696,6706,6726,6732,6735,6743,6746,6747,6749,6750,6752,6753,6754,6764,6773,6777,6778,6783,6784,6792,6794,6796,6799,6810,6815,6833,6835,6836,6838,6839,6842,6843,6844,6846,6848,6853,6858,6861,6862,6874,6875,6880,6882,6884,6885,6886,6890,6892,6895,6899,6904,6915,6916,6921,6922,6924,6939,6944,6945,6951,6952,6953,6955,6959,6963,6965,6981,6983,6989,7000,7008,7018,7021,7022,7027,7035,7036,7040,7042,7056,7067,7068,7087,7089,7096,7100,7101,7105,7106,7107,7111,7113,7118,7120,7124,7127,7128,7130,7131,7137,7141,7150,7157,7158,7162,7163,7164,7167,7169,7170,7171,7172,7179,7180,7181,7182,7183,7184,7185,7190,7191,7193,7200,7202,7203,7210,7211,7212,7213,7218,7219,7222,7236,7243,7246,7247,7255,7267,7268,7269,7271,7277,7280,7283,7286,7287,7289,7292,7302,7306,7308,7311,7317,7322,7326,7327,7329,7330,7332,7336,7338,7339,7348,7351,7353,7355,7362,7373,7380,7387,7394,7396,7397,7404,7406,7410,7411,7413,7424,7440,7441,7448,7452,7453,7454,7455,7459,7469,7472,7492,7494,7507,7513,7516,7521,7523,7527,7529,7530,7535,7537,7544,7553,7560,7564,7565,7566,7572,7574,7579,7580,7581,7584,7588,7592,7595,7605,7607,7610,7611,7615,7620,7622,7627,7636,7638,7641,7646,7651,7652,7655,7660,7661,7663,7664,7665,7668,7670,7679,7683,7684,7685,7687,7688,7689,7690,7691,7702,7705,7710,7716,7732,7736,7757,7760,7764,7765,7766,7769,7781,7788,7789,7796,7800,7801,7805,7811,7814,7820,7821,7825,7828,7829,7836,7842,7844,7845,7846,7854,7859,7860,7861,7862,7864,7865,7868,7873,7875,7888,7890,7892,7896,7897,7898,7899,7901,7905,7906,7907,7918,7919,7924,7926,7927,7928,7935,7942,7945,7950,7957,7960,7963,7967,7968,7971,7979,7980,7981,7983,7988,7994,8005,8026,8030,8031,8052,8053,8087,8101,8106,8122,8126,8127,8141,8149,8167,8169,8180,8184,8187,8192,8195,8197,8198,8199,8200,8205,8206,8210,8212,8224,8226,8242,8249,8254,8264,8265,8273,8275,8292,8293,8294,8295,8298,8306,8309,8310,8312,8317,8318,8325,8327,8331,8334,8337,8340,8342,8346,8348,8358,8360,8364,8365,8369,8373,8375,8376,8379,8381,8384,8386,8387,8389,8396,8400,8401,8403,8405,8408,8413,8414,8415,8418,8421,8429,8432,8435,8437,8442,8446,8450,8457,8462,8464,8465,8466,8467,8472,8476,8477,8479,8494,8497,8501,8507,8515,8528,8537,8542,8552,8553,8557,8559,8566,8567,8568,8573,8577,8578,8581,8583,8587,8590,8591,8596,8598,8600,8619,8621,8622,8624,8628,8631,8634,8635,8653,8658,8659,8660,8663,8672,8674,8677,8679,8683,8684,8695,8701,8703,8704,8710,8711,8716,8720,8730,8731,8738,8744,8754,8757,8760,8773,8784,8787,8788,8793,8795,8796,8797,8799,8801,8805,8810,8811,8816,8819,8827,8828,8829,8833,8835,8839,8844,8845,8854,8855,8861,8863,8864,8872,8879,8880,8884,8885,8893,8894,8895,8896,8897,8908,8912,8915,8916,8917,8920,8921,8926,8928,8930,8932,8940,8944,8950,8951,8963,8966,8967,8972,8974,8982,8984,8994,9007,9009,9013,9017,9018,9022,9025,9029,9031,9034,9035,9041,9045,9046,9055,9057,9061,9068,9073,9075,9083,9086,9088,9089,9091,9099,9100,9103,9110,9112,9117,9119,9126,9129,9132,9135,9143,9149,9157,9161,9162,9163,9166,9172,9173,9175,9183,9188,9190,9193,9199,9200,9202,9203,9206,9211,9214,9215,9219,9228,9229,9236,9237,9240,9243,9244,9247,9248,9249,9250,9253,9255,9259,9260,9262,9264,9265,9289,9292,9295,9296,9297,9298,9305,9306,9307,9310,9311,9322,9324,9337,9340,9342,9343,9345,9350,9351,9355,9361,9365,9377,9380,9385,9389,9390,9391,9393,9394,9395,9399,9412,9415,9416,9430,9435,9436,9440,9451,9459,9464,9469,9476,9477,9486,9492,9493,9506,9512,9515,9520,9527,9531,9532,9538,9541,9557,9560,9565,9566,9567,9571,9575,9576,9578,9581,9585,9586,9587,9591,9593,9597,9606,9607,9608,9610,9616,9618,9630,9633,9641,9642,9645,9647,9648,9650,9651,9654,9661,9663,9664,9669,9676,9677,9685,9687,9692,9698,9701,9708,9714,9715,9719,9722,9724,9725,9740,9743,9751,9756,9763,9765,9766,9767,9768,9770,9773,9778,9781,9782,9787,9789,9796,9797,9799,9804,9805,9809,9817,9818,9820,9824,9833,9835,9840,9857,9860,9862,9863,9871,9873,9875,9878,9888,9890,9892,9895,9896,9900,9907,9913,9917,9921,9922,9924,9925,9926,9928,9932,9933,9938,9940,9943,9944,9950,9952,9953,9955,9959,9960,9964,9974,9976,9981,9984,9987,9991,9993,9996,9998,10007,10008,10011,10018,10023,10024,10029,10030,10033,10043,10044,10046,10054,10060,10065,10067,10072,10080,10084,10085,10087,10089,10093,10098,10113,10114,10116,10119,10120,10122,10132,10136,10140,10141,10142,10143,10152,10154,10156,10158,10160,10169,10172,10173,10180,10184,10185,10190,10194
0,12,47,228,301,349,351,379,532,538,565,571,572,573,590,604,668,679,699,810,935,938,942,945,946,975,1046,1111,1168,1244,1348,1410,1521,1676,1701,1812,1872,1874,1875,1879,1883,1884,1886,1893,1896,1917,1932,1933,1935,1936,2078,2137,2138,2177,2276,2345,2459,2530,2569,2643,2666,2816,2873,2917,2967,3033,3071,3133,3160,3212,3216,3405,3463,3468,3476,3491,3492,3514,3653,3672,3698,3723,3794,3857,3944,4007,4067,4145,4153,4215,4576,4615,4676,4724,4794,4844,4849,4901,5120,5124,5136,5213,5214,5287,5341,5429,5542,5612,5624,5643,5740,5803,5892,5990,6005,6010,6043,6111,6141,6161,6362,6390,6504,6708,6781,6954,6974,7026,7173,7307,7349,7437,7551,7561,7787,7900,7925,7938,8077,8107,8236,8263,8304,8350,8545,8607,8640,8676,8741,8860,8891,8945,9028,9051,9064,9072,9122,9142,9204,9210,9256,9276,9366,9402,9452,9465,9507,9526,9562,9671,9706,9793,9885,9902,9911,9936,9948,10091,10094,10109,10134,10146
50,106,135,150,156,161,184,244,248,257,282,335,346,348,371,386,395,410,413,420,473,502,519,564,580,596,606,628,725,746,764,766,787,821,827,828,840,845,915,968,989,1002,1003,1034,1101,1117,1130,1153,1175,1192,1232,1282,1327,1330,1335,1337,1347,1420,1429,1433,1437,1455,1479,1531,1560,1595,1596,1620,1623,1628,1700,1715,1746,1747,1749,1791,1817,1975,2021,2032,2084,2117,2123,2152,2207,2215,2227,2228,2252,2286,2320,2322,2353,2436,2466,2473,2498,2507,2532,2533,2566,2588,2596,2616,2637,2738,2741,2755,2769,2791,2818,2833,2860,2864,2867,2924,2994,3000,3020,3069,3099,3156,3157,3158,3161,3162,3234,3236,3243,3261,3276,3315,3327,3338,3360,3424,3447,3453,3462,3504,3528,3598,3621,3656,3657,3662,3714,3717,3726,3762,3894,3981,3997,4093,4131,4185,4268,4324,4329,4384,4391,4444,4505,4514,4528,4558,4593,4594,4622,4661,4665,4681,4763,4867,4947,5016,5026,5041,5070,5091,5103,5135,5167,5249,5333,5361,5381,5466,5511,5597,5608,5642,5703,5722,5766,5775,5778,5781,5800,5823,5853,5927,5956,6016,6077,6094,6116,6157,6242,6271,6277,6278,6320,6322,6324,6479,6496,6544,6548,6558,6584,6603,6633,6643,6723,6730,6785,6787,6804,6855,6962,7013,7016,7055,7176,7284,7319,7363,7398,7431,7504,7547,7603,7614,7621,7633,7700,7758,7839,7885,7913,7923,7930,7973,7986,8015,8042,8048,8054,8114,8142,8145,8190,8332,8388,8478,8514,8523,8544,8752,8763,8781,8814,8830,8899,8904,8927,8933,8979,8991,9001,9158,9197,9278,9347,9352,9413,9444,9470,9491,9495,9590,9615,9634,9636,9670,9679,9697,9702,9704,9707,9732,9769,9806,9832,9837,9849,9880,9891,9941,9997,10025,10042,10162,10163,10187
18,185,239,271,340,361,457,492,494,499,527,931,956,995,998,1007,1028,1051,1147,1210,1266,1281,1305,1309,1325,1458,1504,1520,1543,1550,1584,1659,1664,1696,1802,1870,2052,2135,2151,2214,2230,2328,2338,2480,2509,2510,2521,2523,2603,2893,2905,3098,3169,3240,3254,3426,3470,3474,3576,3628,3679,3686,3848,3851,4252,4276,4280,4315,4429,4575,4580,4588,4740,4752,4940,4974,5036,5092,5098,5109,5119,5357,5804,6297,6326,6427,6502,6608,6622,6657,6769,6912,7110,7143,7548,7557,8044,8239,8286,8303,8820,8825,8919,9195,9230,9433,9821,9881,10015,10040,10155
9,16,27,34,40,42,143,159,261,333,344,404,412,496,512,515,537,587,611,703,772,885,940,954,959,967,974,983,986,1001,1086,1091,1094,1177,1201,1229,1287,1290,1334,1339,1390,1475,1488,1490,1513,1516,1548,1574,1583,1693,1743,1831,1911,1971,1976,1984,2004,2011,2014,2069,2096,2119,2120,2179,2220,2224,2269,2323,2334,2348,2356,2445,2462,2483,2557,2602,2630,2693,2710,2712,2713,2747,2796,2817,2836,2840,2841,2842,2847,2883,2884,3008,3028,3072,3076,3259,3377,3466,3473,3503,3544,3548,3626,3675,3693,3701,3708,3718,3814,3872,3905,3930,3943,3949,3971,4049,4068,4079,4086,4115,4258,4353,4358,4366,4381,4433,4475,4477,4489,4502,4544,4570,4585,4670,4708,4797,4808,4864,4881,4907,4963,4964,5044,5054,5057,5058,5081,5100,5142,5146,5272,5280,5291,5329,5363,5479,5488,5497,5533,5634,5647,5794,5839,5860,5888,5945,5952,6091,6126,6127,6133,6175,6300,6377,6424,6577,6593,6615,6736,6762,6940,6946,6993,7063,7069,7071,7078,7099,7134,7309,7357,7372,7383,7442,7445,7533,7550,7575,7723,7759,7804,7835,7843,7881,7895,7920,7933,7944,8143,8164,8207,8247,8250,8311,8313,8393,8431,8517,8527,8548,8555,8571,8572,8602,8696,8737,8758,8762,8764,8782,8812,8876,8887,8906,8955,8973,8980,9040,9043,9102,9125,9138,9147,9181,9194,9212,9225,9281,9299,9313,9357,9358,9370,9376,9420,9426,9427,9437,9503,9525,9542,9559,9568,9605,9614,9635,9656,9703,9738,9784,9786,9791,9801,9808,9841,9855,9877,9893,9942,9957,9962,10037,10050,10057,10086
46,290,476,514,518,619,1105,1386,1414,1586,1613,1813,2146,2148,2293,2400,2579,2613,2672,2764,2792,2827,2850,2851,2922,2978,3258,3284,3533,3575,3774,3879,3972,4248,4441,4755,4831,4927,4970,5028,5085,5141,5174,5307,5308,5309,5322,5358,5449,5565,5662,5719,5769,5883,5884,5910,5923,6036,6151,6181,6209,6221,6263,6274,6275,6289,6330,6332,6336,6632,6719,6727,6751,6841,6932,7050,7066,7070,7075,7155,7227,7228,7240,7244,7249,7250,7251,7272,7288,7304,7310,7315,7369,7378,7399,7401,7422,7427,7447,7451,7486,7512,7528,7593,7720,7762,7779,7912,8065,8067,8070,8074,8076,8078,8079,8081,8082,8083,8085,8088,8102,8121,8138,8152,8153,8217,8256,8274,8278,8285,8287,8302,8308,8328,8335,8341,8345,8362,8363,8367,8372,8406,8420,8427,8473,8475,8490,8519,8541,8592,8593,8649,8652,8654,8682,8724,8881,8934,8958,8993,9014,9053,9134,9182,9285,9386,9457,9496,9617,9777,9931,9935,9971,9995,10031,10048,10052,10053,10070,10071,10082,10083,10097,10103,10110,10123,10125,10128,10150,10186
205,508,533,735,903,948,1068,1100,2274,2372,2408,2647,2649,2938,2959,3299,3712,4047,4736,4950,5391,5431,5453,5568,5648,5693,5764,5876,6227,6425,6474,6511,6535,6847,6938,7276,7444,7639,7643,7747,7815,7816,8056,8092,8330,8485,8569,8641,8686,8840,9019,9027,9485,9535,9795,9850,9908,9937,10022
5,17,38,44,155,186,224,364,408,418,458,466,474,566,661,802,841,911,917,971,979,1000,1004,1037,1133,1138,1167,1171,1217,1226,1256,1257,1342,1344,1368,1417,1444,1456,1466,1481,1506,1557,1582,1634,1669,1673,1716,1776,1794,1795,1808,1902,1906,1918,1997,2059,2073,2080,2203,2212,2213,2277,2279,2292,2438,2446,2454,2516,2517,2539,2625,2783,2794,2806,2831,2918,2965,2971,3005,3012,3021,3051,3079,3087,3166,3185,3192,3227,3271,3368,3402,3435,3499,3577,3579,3685,3788,3789,3800,4034,4070,4102,4467,4513,4539,4700,4730,4748,4828,4861,5007,5009,5157,5206,5310,5548,5683,5831,5865,6011,6025,6067,6110,6128,6162,6203,6218,6219,6259,6327,6508,6611,6650,6711,6721,6728,6982,7090,7174,7352,7392,7438,7707,7775,7806,7830,8071,8110,8170,8189,8194,8351,8434,8579,8715,8753,8770,8791,8836,8867,8871,8965,8992,9118,9124,9258,9273,9300,9353,9356,9381,9448,9501,9528,9544,9592,9653,9699,9705,9904,9965,10038,10181
89,93,104,142,201,232,247,249,274,288,305,307,389,401,449,482,487,558,602,605,620,656,659,662,685,712,723,792,813,843,883,887,897,953,962,1006,1026,1036,1056,1085,1087,1088,1089,1102,1110,1112,1125,1161,1179,1181,1183,1188,1199,1200,1233,1284,1296,1306,1360,1378,1379,1388,1430,1436,1476,1477,1508,1514,1522,1523,1528,1553,1578,1630,1644,1645,1702,1735,1742,1751,1753,1819,1822,1856,1887,1934,1937,1980,1986,1990,1992,1999,2000,2001,2003,2005,2006,2008,2010,2012,2013,2046,2083,2160,2173,2182,2197,2209,2226,2263,2264,2330,2358,2382,2384,2387,2393,2404,2409,2410,2417,2419,2427,2432,2449,2458,2482,2490,2500,2514,2552,2555,2589,2600,2605,2618,2624,2644,2660,2694,2714,2715,2733,2740,2807,2853,2919,2921,2927,2969,2975,3004,3038,3039,3047,3130,3138,3177,3190,3202,3215,3245,3263,3272,3301,3303,3319,3332,3353,3367,3373,3376,3437,3441,3511,3583,3586,3589,3600,3627,3682,3699,3721,3731,3807,3821,3839,3880,3897,3898,3899,3945,3976,3991,4078,4122,4214,4243,4282,4397,4402,4423,4446,4460,4487,4508,4533,4563,4590,4598,4627,4629,4639,4662,4667,4668,4669,4687,4690,4694,4697,4699,4720,4725,4766,4804,4805,4859,4866,4868,4871,4886,4922,4952,4969,4988,4990,4995,5055,5060,5088,5112,5137,5171,5176,5184,5215,5227,5259,5273,5274,5318,5328,5346,5398,5418,5424,5452,5461,5493,5496,5567,5585,5586,5619,5631,5640,5651,5715,5716,5724,5763,5782,5784,5815,5822,5833,5843,5873,5906,5941,5986,6020,6034,6054,6057,6065,6066,6068,6083,6097,6099,6113,6124,6156,6170,6177,6186,6189,6201,6206,6215,6216,6252,6269,6270,6273,6318,6397,6401,6415,6434,6465,6470,6498,6512,6529,6553,6571,6574,6578,6594,6601,6679,6683,6697,6714,6733,6737,6738,6766,6790,6797,6798,6852,6883,6913,6947,6956,7006,7023,7038,7073,7084,7092,7094,7112,7114,7138,7152,7159,7189,7217,7220,7221,7235,7273,7285,7347,7371,7384,7417,7428,7434,7456,7464,7476,7480,7518,7519,7526,7542,7545,7612,7617,7671,7686,7708,7717,7733,7738,7740,7767,7777,7794,7823,7837,7847,7856,7894,7908,7916,7934,7940,7965,8018,8034,8046,8096,8098,8108,8113,8119,8130,8151,8182,8219,8279,8315,8339,8349,8370,8377,8390,8436,8453,8455,8489,8562,8580,8595,8618,8629,8632,8664,8687,8694,8728,8759,8798,8800,8806,8815,8841,8847,8875,8898,8942,8946,8957,8959,8975,9008,9012,9015,9033,9048,9070,9078,9104,9146,9167,9171,9179,9189,9192,9205,9234,9238,9266,9268,9330,9338,9348,9424,9442,9467,9497,9499,9518,9539,9543,9550,9553,9600,9611,9620,9637,9652,9688,9723,9775,9792,9800,9843,9844,9897,9906,9909,9929,9967,9983,9986,10006,10041,10073,10100,10101,10149,10151,10196
170,277,365,370,468,907,1126,1189,1254,1255,1322,1424,1844,2223,2493,2522,2961,3052,3253,3415,3454,3455,3518,3525,3564,3665,3738,3923,3996,4022,4219,4428,4491,4583,4648,4979,4980,5059,5394,5425,5554,5747,5809,5827,5870,6096,6182,6349,6533,6560,6563,6637,6894,6910,7232,7266,7466,7524,7802,7879,8063,8100,8109,8160,8235,8253,8321,8456,8520,8605,8678,8725,8734,8746,9227,9280,9382,9405,9431,9466,9554,9602,9674,9720,9748,9759,9951,10005
69,132,133,136,216,246,267,303,331,367,384,504,592,713,797,913,1222,1223,1230,1265,1275,1329,1403,1426,1470,1594,1717,1737,2090,2118,2165,2303,2450,2567,2568,2683,2754,2929,2940,3252,3277,3406,3407,3408,3658,3918,3931,3964,4149,4198,4436,4465,4488,4545,4625,4630,4715,4843,4854,4931,5117,5123,5264,5374,5621,5622,5623,5645,5903,6015,6109,6173,6225,6350,6451,6478,6515,6709,6710,6757,6767,7136,7630,7694,7746,7887,7949,8001,8172,8193,8411,8546,8778,8848,8902,9116,9269,9400,9401,9584,9814,9842,9887,9946,10145
609,634,1124,1185,1862,2985,3438,3619,4121,4206,4434,4484,4832,4934,5191,5419,5569,5671,5736,5931,6345,6599,6644,6851,6929,6930,6971,6995,7076,7188,7252,7258,7259,7260,7261,7262,7263,7264,7265,7477,7563,8227,8270,8322,8356,8404,8576,8616,8789,8938,9552,9681,9985,10027
19,36,41,49,72,77,82,90,97,113,122,126,138,153,162,167,178,193,207,208,212,241,259,272,273,287,289,321,339,369,393,437,510,511,521,535,546,586,593,612,632,739,740,745,752,763,784,801,850,889,908,910,916,958,963,972,985,1005,1015,1017,1109,1115,1165,1198,1240,1277,1298,1331,1338,1343,1364,1372,1389,1404,1423,1448,1451,1453,1460,1471,1473,1493,1500,1501,1552,1562,1572,1573,1602,1617,1619,1621,1635,1638,1640,1653,1660,1686,1687,1692,1699,1710,1711,1732,1739,1741,1758,1760,1768,1775,1859,1922,1924,1953,1959,1974,1991,1996,2009,2018,2034,2051,2053,2058,2074,2091,2114,2115,2129,2130,2131,2132,2139,2158,2193,2253,2261,2267,2272,2285,2291,2321,2324,2376,2380,2407,2416,2452,2486,2488,2492,2520,2535,2536,2556,2574,2593,2620,2628,2673,2719,2722,2728,2736,2760,2763,2770,2800,2801,2814,2857,2863,2868,2887,2888,2889,2896,2900,2903,2949,2987,3024,3029,3030,3040,3049,3059,3067,3117,3125,3131,3155,3170,3198,3226,3237,3257,3267,3285,3289,3311,3318,3371,3392,3403,3411,3412,3413,3418,3425,3436,3452,3465,3475,3538,3539,3546,3555,3558,3565,3585,3601,3613,3616,3624,3634,3651,3664,3683,3691,3730,3784,3806,3826,3827,3841,3844,3859,3870,3873,3886,3900,3919,3925,3934,3960,3969,4005,4033,4058,4062,4074,4108,4109,4120,4150,4151,4177,4209,4213,4218,4233,4238,4281,4285,4286,4289,4306,4316,4318,4330,4356,4374,4380,4405,4407,4426,4431,4452,4456,4463,4473,4507,4574,4578,4617,4651,4657,4678,4759,4795,4821,4823,4833,4845,4863,4884,4889,4904,4912,4946,4949,4971,4972,4987,4994,5011,5014,5025,5068,5075,5080,5125,5161,5185,5230,5238,5239,5251,5327,5339,5383,5387,5395,5409,5434,5436,5438,5440,5450,5456,5464,5470,5475,5510,5513,5519,5532,5534,5553,5559,5560,5578,5604,5610,5611,5663,5664,5710,5746,5795,5826,5871,5893,5908,5917,5921,5933,5948,5964,5971,5985,5987,5991,6002,6013,6207,6214,6231,6292,6304,6317,6329,6360,6369,6378,6381,6449,6452,6454,6483,6585,6587,6600,6604,6605,6628,6687,6692,6734,6761,6780,6805,6854,6872,6873,6876,6881,6949,6966,7002,7011,7012,7014,7024,7032,7033,7043,7049,7093,7097,7139,7154,7187,7254,7257,7301,7303,7305,7400,7423,7450,7474,7495,7497,7514,7522,7567,7590,7613,7629,7706,7734,7761,7774,7776,7778,7808,7855,7858,7872,7878,7904,7959,7993,8140,8177,8183,8215,8220,8251,8259,8288,8291,8300,8323,8402,8417,8422,8438,8454,8459,8482,8524,8543,8556,8623,8630,8646,8667,8705,8706,8717,8765,8777,8785,8790,8834,8843,8852,8857,8905,8960,8989,9000,9002,9056,9058,9059,9066,9081,9082,9097,9113,9145,9153,9186,9196,9209,9217,9251,9271,9277,9293,9303,9417,9418,9419,9443,9445,9474,9478,9513,9514,9537,9546,9551,9555,9556,9564,9609,9619,9632,9665,9672,9675,9709,9712,9713,9736,9737,9764,9776,9794,9812,9823,9836,9839,9848,9858,9865,9866,9876,9889,9898,9918,9954,9966,9992,10016,10020,10034,10039,10049,10063,10079,10111,10170,10195
380,803,1300,1622,1881,2210,2958,3957,5096,5138,5448,6251,6355,6771,7166,8714,8824,8914,9084,9159,9287,9490,9772,9826,9827
92,266,447,498,569,682,849,851,861,862,884,932,949,1139,1164,1246,1615,1646,1729,1734,1807,1942,1994,2040,2075,2181,2250,2305,2310,2311,2312,2313,2314,2339,2344,2548,2705,2707,2724,2813,2820,2854,2890,2962,3146,3167,3393,3458,3635,3636,3676,3992,4038,4039,4040,4057,4060,4061,4339,4375,4642,4746,5069,5071,5073,5076,5169,5224,5225,5229,5241,5432,5743,5947,5978,6075,6085,6103,6229,6351,6549,6580,6590,6629,6825,6905,6991,7058,7125,7320,7389,7471,7473,7532,7570,7571,7573,7637,7698,7849,8029,8045,8057,8059,8062,8099,8105,8118,8179,8185,8202,8522,8604,8740,8859,8874,9092,9184,9374,9398,9406,10157
37,130,148,163,206,222,299,320,391,397,444,469,495,631,690,701,791,808,900,904,960,1013,1041,1135,1294,1362,1381,1443,1545,1585,1612,1662,1784,1785,1880,1927,1965,1981,1988,2019,2023,2048,2063,2098,2161,2236,2237,2331,2375,2377,2529,2541,2559,2573,2581,2651,2669,2674,2692,2727,2772,2793,2802,2886,3018,3032,3213,3260,3281,3336,3451,3508,3568,3597,3608,3617,3737,3802,3811,3856,3867,3871,3912,3927,3956,3966,4006,4338,4466,4793,4960,5077,5078,5101,5162,5319,5331,5334,5492,5589,5644,5709,5859,5934,5977,6012,6159,6174,6367,6370,6391,6428,6437,6517,6651,6803,6808,6897,6918,6961,6975,6986,7001,7009,7029,7031,7650,7754,7783,7798,7799,7817,7831,7853,7891,8094,8268,8617,8665,8748,8768,8771,8823,8877,8886,8924,9004,9020,9069,9093,9121,9123,9216,9246,9286,9331,9372,9408,9411,9447,9500,9502,9561,9577,9603,9638,9700,9757,9774,9798,9899,9916,9990,10000,10059,10066
235,326,347,431,438,442,505,563,683,770,964,1108,1151,1207,1221,1413,1441,1459,1535,1600,1650,1744,1750,1762,1790,1852,1928,1938,1952,1987,2027,2028,2102,2201,2289,2525,2558,2608,2617,2681,2684,2812,2866,3001,3003,3042,3210,3211,3404,3605,3710,3711,3761,4162,4256,4373,4443,4450,4686,4781,4787,4939,5037,5118,5140,5209,5244,5389,5410,5581,5677,5810,6510,6625,6630,6772,6866,7807,8225,8445,8547,8699,8851,8883,8931,8954,8970,9140,9150,9198,9283,9301,9325,9678,9779,9783,9788,9811,10081
120,497,952,976,1081,1801,1858,2092,3444,3516,3809,4462,4875,5133,5250,5306,5338,5352,5462,5473,5483,5613,6356,6421,6917,7882,7975,8162,8448,8511,8802,9239,9785,10164
80,192,660,1020,1383,1656,2395,2451,2562,2599,2773,2977,3692,3778,3842,4242,4388,4424,4597,4612,4653,4906,4928,4932,5165,5494,5546,5646,5661,6758,7065,7085,7281,7360,7365,7446,7654,8299,8391,8739,8821,8888,9115,9456,9621,10107,10191
