17,44,59,77,97,207,214,218,219,269,280,307,418,435,462,541,588,600,613,641,656,727,747,805,825,910,916,1237,1245,1340,1342,1448,1639,1702,2004,2011,2103,2109,2202,2261,2304,2337,2450,2460,2607,2617,2705,2732,2770,2825,2860,2908,2926,2997,3022,3058,3106,3136,3142,3151,3186,3188,3237,3240,3244,3271,3278,3449,3472,3525,3560,3668,3701,3781,3813,3937,3938,3954,4282,4520,4669,4719,4750,4793,4796,4812,4859,4863,4881,4972,4974,4976,5020,5021,5041,5064,5071,5077,5093,5187,5204,5237,5277,5324,5345,5491,5527,5585,5614,5616,5720,5795,5835,5903,5907,5921,5941,6067,6099,6177,6300,6370,6404,6427,6494,6505,6519,6565,6581,6719,6743,6932,6933,7115,7152,7237,7267,7275,7378,7428,7435,7450,7594,7624,7632,7641,7679,7750,7799,7806,7937,8083,8292,8320,8388,8389,8397,8472,8584,8678,8782,8794,8837,8840,8847,8924,8928,8952,8954,8995,9118,9176,9182,9296,9306,9309,9352,9411,9446,9474,9475,9541,9554,9576,9593,9636,9640,9642,9702,9840,9945,9953,10017,10045
13,25,26,30,39,42,53,55,60,65,76,81,88,94,109,115,116,119,124,134,138,139,145,158,166,175,183,187,191,199,201,203,209,222,243,250,252,253,257,258,260,266,268,271,286,288,289,295,296,298,306,309,313,318,321,324,328,341,345,352,356,362,368,372,373,375,383,390,392,393,395,401,406,410,412,429,433,456,464,469,472,476,482,484,487,489,491,504,505,506,507,510,511,516,517,518,519,526,540,543,552,553,558,594,595,598,602,609,616,620,628,636,637,642,647,653,658,660,661,662,665,672,683,686,687,694,698,709,717,721,726,734,737,738,739,742,754,757,759,760,761,765,769,777,778,779,781,784,786,790,792,798,799,801,806,809,814,815,845,863,867,868,873,876,878,880,889,890,895,896,903,905,907,919,951,953,954,957,963,965,967,969,973,974,989,1002,1003,1006,1010,1011,1019,1020,1021,1023,1025,1032,1033,1038,1039,1040,1041,1048,1053,1054,1057,1058,1065,1075,1076,1077,1092,1095,1113,1116,1118,1132,1157,1162,1166,1179,1180,1187,1195,1240,1241,1242,1243,1260,1273,1275,1276,1279,1285,1286,1290,1291,1295,1299,1306,1311,1329,1332,1345,1360,1362,1363,1364,1372,1374,1381,1383,1384,1391,1393,1396,1402,1407,1411,1416,1419,1436,1450,1452,1459,1462,1466,1470,1471,1484,1485,1493,1494,1501,1505,1506,1511,1525,1526,1527,1536,1538,1543,1545,1550,1551,1553,1555,1577,1588,1592,1598,1603,1612,1615,1617,1618,1638,1644,1655,1656,1667,1672,1675,1685,1688,1709,1716,1723,1727,1732,1734,1735,1736,1737,1743,1746,1749,1750,1751,1754,1755,1756,1816,1824,1863,1864,1865,1898,1908,1925,1926,1941,1957,1981,1983,1990,1992,1993,1999,2007,2008,2010,2014,2015,2017,2018,2020,2021,2023,2024,2027,2029,2037,2057,2058,2061,2067,2068,2069,2077,2088,2089,2093,2095,2096,2097,2116,2119,2120,2124,2126,2128,2130,2131,2134,2140,2143,2145,2180,2203,2215,2216,2217,2218,2220,2221,2222,2224,2227,2248,2256,2262,2270,2274,2282,2284,2293,2301,2303,2317,2322,2327,2342,2343,2354,2355,2368,2380,2385,2386,2387,2395,2397,2400,2406,2415,2447,2455,2463,2467,2473,2474,2476,2482,2483,2485,2496,2505,2510,2513,2514,2515,2525,2527,2528,2540,2542,2544,2546,2589,2594,2598,2599,2600,2606,2615,2619,2625,2633,2636,2649,2671,2675,2677,2691,2694,2697,2698,2699,2720,2721,2723,2725,2729,2744,2752,2758,2760,2765,2773,2774,2800,2809,2812,2813,2826,2830,2839,2848,2849,2851,2854,2857,2859,2868,2869,2870,2871,2874,2875,2877,2883,2884,2886,2893,2896,2899,2903,2906,2910,2916,2918,2921,2927,2929,2934,2935,2937,2939,2941,2942,2946,2947,2950,2953,2956,2964,2966,2968,2969,2971,2972,2974,2975,2976,2977,2978,2993,2994,2998,3000,3008,3019,3034,3038,3039,3059,3068,3070,3072,3088,3090,3097,3107,3110,3114,3115,3135,3141,3147,3154,3159,3168,3178,3180,3182,3187,3195,3198,3199,3208,3223,3225,3229,3236,3241,3248,3258,3259,3267,3284,3293,3298,3302,3307,3356,3357,3361,3365,3368,3374,3396,3429,3431,3432,3438,3441,3451,3452,3454,3456,3464,3465,3467,3473,3504,3505,3506,3510,3528,3530,3537,3539,3556,3557,3565,3578,3581,3583,3597,3598,3604,3612,3613,3623,3624,3625,3657,3658,3659,3660,3665,3666,3675,3688,3690,3691,3703,3706,3714,3716,3724,3726,3728,3729,3735,3753,3755,3762,3765,3766,3779,3782,3799,3802,3805,3811,3812,3817,3818,3826,3830,3839,3853,3855,3867,3877,3879,3881,3882,3885,3890,3892,3893,3894,3895,3905,3912,3914,3919,3942,3947,3955,3959,3960,3962,3965,3972,3974,3983,3984,3987,3993,3998,4001,4003,4010,4014,4015,4017,4023,4026,4031,4035,4046,4066,4085,4086,4090,4092,4093,4104,4107,4119,4120,4121,4122,4123,4126,4127,4128,4130,4132,4134,4138,4148,4161,4175,4177,4178,4180,4182,4203,4204,4217,4226,4232,4233,4245,4250,4253,4277,4286,4291,4295,4300,4302,4303,4305,4307,4308,4311,4312,4327,4349,4353,4361,4365,4368,4386,4388,4397,4402,4406,4410,4417,4418,4423,4424,4430,4437,4439,4453,4456,4462,4463,4471,4475,4478,4484,4492,4496,4497,4500,4501,4506,4523,4526,4538,4542,4553,4561,4562,4563,4573,4578,4592,4597,4603,4607,4614,4624,4645,4653,4654,4656,4662,4663,4691,4695,4702,4705,4708,4709,4714,4716,4721,4723,4730,4736,4744,4754,4758,4767,4775,4789,4797,4799,4804,4807,4809,4814,4815,4818,4832,4833,4835,4843,4847,4858,4861,4862,4874,4880,4885,4904,4920,4921,4932,4939,4940,4942,4948,4950,4951,4954,4959,4993,4994,4996,4997,5000,5005,5008,5015,5017,5018,5019,5022,5024,5027,5032,5036,5043,5056,5067,5068,5072,5075,5080,5085,5098,5123,5133,5149,5164,5170,5172,5174,5191,5194,5195,5197,5202,5207,5209,5210,5211,5229,5234,5236,5256,5269,5274,5284,5292,5300,5301,5302,5303,5304,5306,5310,5311,5313,5314,5325,5337,5344,5350,5355,5356,5364,5366,5378,5382,5387,5410,5426,5427,5436,5439,5454,5458,5469,5473,5477,5480,5482,5484,5486,5495,5497,5501,5509,5510,5511,5513,5523,5534,5536,5563,5564,5572,5583,5588,5590,5591,5600,5601,5602,5605,5609,5617,5635,5639,5641,5646,5655,5657,5661,5671,5675,5692,5698,5699,5705,5719,5723,5727,5743,5751,5754,5759,5760,5761,5764,5767,5772,5773,5775,5779,5791,5796,5806,5809,5848,5849,5853,5857,5858,5859,5864,5866,5867,5868,5870,5871,5877,5878,5885,5887,5889,5895,5900,5912,5917,5925,5931,5932,5947,5961,5968,5969,5974,5976,5981,5991,5992,5994,6014,6017,6032,6047,6063,6075,6078,6080,6086,6091,6100,6103,6116,6118,6120,6122,6125,6136,6141,6142,6150,6151,6165,6168,6178,6190,6196,6216,6217,6223,6229,6230,6232,6234,6236,6244,6254,6261,6263,6266,6267,6269,6289,6291,6295,6302,6316,6317,6318,6320,6323,6325,6335,6345,6347,6354,6357,6371,6375,6385,6394,6395,6398,6403,6408,6416,6445,6449,6459,6460,6461,6462,6471,6474,6481,6492,6502,6506,6510,6513,6518,6520,6529,6531,6532,6535,6552,6570,6571,6591,6594,6595,6608,6612,6619,6640,6653,6662,6664,6671,6672,6676,6679,6681,6688,6689,6693,6705,6709,6714,6734,6739,6740,6765,6774,6779,6783,6784,6785,6788,6797,6801,6803,6810,6811,6826,6839,6840,6849,6856,6868,6875,6880,6881,6887,6889,6891,6894,6901,6903,6920,6924,6929,6930,6931,6939,6943,6951,6957,6958,6965,6972,6983,6987,6995,6996,6999,7002,7035,7036,7042,7043,7044,7052,7055,7058,7065,7073,7075,7079,7080,7081,7082,7087,7089,7092,7093,7096,7098,7099,7110,7119,7141,7143,7144,7146,7150,7151,7156,7160,7162,7164,7169,7172,7182,7188,7215,7243,7252,7260,7261,7262,7263,7268,7269,7270,7271,7272,7278,7279,7293,7301,7302,7306,7312,7324,7326,7328,7334,7341,7343,7348,7356,7360,7361,7369,7372,7373,7379,7381,7384,7396,7407,7408,7413,7417,7430,7434,7441,7442,7444,7451,7454,7455,7456,7466,7478,7480,7491,7498,7501,7502,7503,7507,7508,7516,7520,7523,7534,7545,7547,7588,7589,7603,7605,7607,7633,7647,7655,7657,7680,7681,7686,7688,7689,7698,7707,7709,7711,7712,7716,7719,7729,7733,7754,7762,7763,7771,7779,7780,7788,7789,7797,7811,7815,7816,7819,7824,7827,7836,7842,7844,7845,7848,7862,7864,7866,7875,7879,7881,7886,7902,7910,7916,7917,7920,7928,7930,7934,7943,7945,7959,7965,7969,7974,7975,7978,7987,7992,7994,8017,8031,8040,8042,8053,8061,8065,8067,8072,8081,8082,8086,8087,8088,8091,8092,8096,8101,8117,8145,8149,8161,8162,8173,8180,8192,8200,8201,8205,8208,8222,8227,8246,8247,8257,8262,8271,8273,8293,8295,8300,8306,8308,8323,8325,8330,8339,8351,8356,8364,8371,8374,8382,8385,8392,8395,8399,8404,8407,8417,8422,8424,8434,8437,8441,8444,8453,8455,8456,8460,8465,8467,8476,8478,8479,8480,8495,8496,8499,8505,8506,8519,8524,8525,8536,8538,8560,8570,8576,8588,8594,8595,8597,8598,8603,8604,8612,8618,8624,8631,8633,8635,8636,8637,8639,8641,8642,8645,8657,8659,8666,8667,8668,8671,8679,8683,8684,8685,8693,8695,8705,8709,8710,8724,8727,8738,8742,8765,8766,8767,8770,8786,8789,8790,8805,8811,8815,8816,8851,8864,8870,8872,8878,8879,8886,8889,8890,8898,8900,8903,8905,8910,8915,8916,8919,8920,8935,8938,8939,8963,8968,8973,8981,8994,8996,9009,9013,9014,9026,9041,9047,9053,9056,9059,9074,9090,9093,9096,9099,9106,9115,9129,9141,9143,9145,9146,9148,9160,9167,9179,9184,9190,9197,9201,9217,9225,9229,9235,9245,9251,9261,9263,9270,9288,9289,9327,9331,9333,9337,9343,9350,9355,9358,9370,9375,9384,9385,9405,9426,9433,9436,9442,9448,9449,9453,9457,9473,9497,9499,9506,9513,9546,9567,9577,9578,9607,9612,9619,9621,9635,9648,9650,9652,9656,9659,9667,9678,9691,9695,9713,9717,9722,9727,9731,9747,9757,9762,9766,9775,9777,9788,9802,9803,9805,9807,9809,9812,9819,9832,9850,9860,9869,9887,9888,9893,9906,9913,9921,9928,9933,9935,9941,9943,9949,9957,9966,9968,9969,9970,9971,9974,9989,9994,10000,10003,10010,10012,10014,10022,10027,10031,10035,10041,10046,10050,10065,10066,10068,10071,10081,10126,10127,10132,10135,10141,10147,10150,10165,10168,10170,10191
4,18,37,63,67,86,99,101,110,114,120,128,133,135,165,167,171,178,193,206,212,217,220,223,232,237,244,256,263,264,267,294,299,300,312,320,329,331,335,339,381,387,394,396,397,402,411,415,419,422,426,430,434,441,448,451,467,470,486,495,499,501,509,523,539,544,562,579,586,593,599,606,607,610,615,621,624,625,631,632,659,664,669,676,678,682,685,690,697,701,730,753,756,764,767,768,788,795,797,840,846,853,866,874,914,915,933,998,1005,1013,1016,1035,1036,1042,1059,1063,1066,1072,1084,1091,1125,1171,1182,1194,1198,1266,1270,1287,1296,1308,1309,1312,1316,1321,1326,1344,1349,1359,1366,1369,1377,1379,1382,1386,1394,1404,1405,1421,1425,1442,1451,1453,1474,1498,1510,1512,1529,1533,1556,1566,1567,1572,1601,1636,1637,1649,1651,1653,1659,1660,1670,1681,1691,1698,1705,1731,1742,1760,1801,1854,1866,1867,1903,1905,1922,1930,1938,1945,1962,1984,1988,2012,2013,2028,2033,2034,2036,2038,2041,2047,2070,2079,2080,2083,2086,2090,2100,2108,2118,2133,2139,2142,2144,2155,2158,2162,2163,2164,2165,2166,2173,2199,2201,2206,2245,2254,2255,2280,2281,2289,2290,2299,2320,2324,2326,2332,2335,2346,2353,2363,2370,2375,2376,2378,2394,2399,2452,2466,2468,2477,2489,2507,2521,2529,2536,2537,2539,2541,2548,2555,2557,2560,2561,2563,2564,2565,2567,2568,2578,2580,2604,2627,2631,2632,2637,2641,2658,2674,2681,2684,2689,2703,2763,2775,2777,2790,2793,2801,2802,2803,2804,2805,2810,2819,2837,2845,2847,2855,2879,2889,2898,2904,2933,2982,2983,2984,2987,2988,2989,2990,2991,2996,3001,3002,3024,3028,3032,3043,3047,3050,3053,3061,3063,3080,3087,3118,3120,3124,3125,3128,3152,3181,3193,3203,3219,3224,3238,3246,3251,3256,3263,3269,3277,3303,3316,3317,3318,3324,3329,3333,3337,3338,3339,3342,3346,3351,3366,3387,3406,3407,3408,3409,3430,3440,3477,3489,3490,3499,3501,3502,3519,3524,3527,3529,3533,3535,3544,3558,3563,3564,3569,3572,3573,3577,3580,3593,3595,3609,3614,3620,3630,3631,3633,3638,3651,3656,3662,3663,3676,3687,3711,3717,3720,3739,3747,3774,3784,3785,3793,3798,3804,3806,3808,3819,3820,3822,3824,3827,3831,3840,3852,3859,3865,3872,3873,3884,3900,3904,3907,3917,3918,3922,3923,3924,3928,3931,3933,3936,3950,3951,3952,3956,3958,3968,3969,3973,3977,3982,3985,3994,4004,4032,4036,4041,4042,4049,4060,4069,4074,4082,4101,4114,4117,4146,4151,4158,4167,4172,4179,4181,4185,4186,4195,4198,4200,4205,4206,4207,4208,4212,4216,4220,4221,4246,4247,4254,4255,4259,4281,4288,4289,4294,4301,4313,4315,4317,4318,4319,4323,4343,4350,4351,4354,4357,4360,4370,4372,4373,4378,4381,4390,4394,4399,4400,4408,4412,4413,4416,4422,4425,4426,4427,4447,4454,4458,4464,4490,4498,4507,4525,4532,4551,4584,4589,4611,4615,4623,4646,4658,4660,4667,4675,4690,4711,4718,4722,4734,4739,4753,4760,4765,4774,4776,4781,4785,4801,4808,4810,4824,4825,4826,4869,4871,4872,4877,4894,4896,4899,4912,4914,4916,4917,4925,4929,4931,4933,4934,4938,4946,4960,4962,4971,4986,4987,4999,5004,5014,5031,5037,5040,5059,5078,5099,5104,5105,5112,5115,5119,5126,5157,5162,5163,5166,5171,5176,5186,5188,5223,5232,5241,5251,5254,5255,5267,5305,5316,5317,5319,5327,5331,5369,5371,5377,5380,5384,5388,5416,5419,5432,5437,5444,5445,5462,5464,5466,5512,5519,5520,5525,5528,5535,5547,5555,5559,5594,5596,5625,5630,5650,5660,5668,5678,5685,5715,5737,5738,5748,5750,5758,5765,5770,5786,5810,5811,5815,5825,5831,5841,5845,5846,5854,5890,5905,5927,5935,5952,5953,5955,5960,6003,6006,6007,6027,6031,6039,6040,6050,6052,6059,6090,6101,6108,6115,6144,6146,6147,6153,6154,6157,6158,6160,6203,6204,6211,6224,6225,6228,6242,6250,6290,6321,6337,6356,6364,6386,6388,6424,6428,6433,6438,6442,6444,6448,6469,6493,6539,6541,6544,6554,6559,6590,6615,6636,6661,6668,6684,6691,6701,6703,6712,6728,6757,6762,6764,6777,6789,6790,6794,6796,6798,6813,6814,6816,6820,6827,6834,6838,6854,6855,6866,6872,6878,6879,6893,6897,6918,6942,6954,6960,6990,6997,7004,7005,7013,7018,7028,7031,7050,7101,7109,7123,7128,7134,7165,7187,7203,7207,7214,7219,7222,7241,7254,7256,7257,7284,7317,7318,7335,7336,7342,7370,7394,7405,7415,7419,7429,7440,7453,7457,7459,7481,7485,7497,7531,7532,7543,7573,7578,7580,7595,7597,7614,7617,7626,7677,7692,7700,7714,7722,7728,7736,7783,7790,7805,7812,7814,7822,7829,7840,7841,7890,7911,7949,7951,7953,7955,7956,7957,7958,7960,7986,7999,8057,8124,8132,8140,8156,8167,8219,8225,8238,8253,8264,8279,8283,8289,8315,8345,8354,8410,8439,8454,8459,8469,8547,8554,8580,8599,8606,8609,8610,8661,8672,8677,8690,8691,8726,8732,8736,8756,8778,8779,8784,8812,8821,8846,8849,8857,8868,8925,8937,8941,8953,8985,9006,9019,9024,9027,9031,9080,9088,9100,9108,9109,9130,9149,9155,9156,9177,9183,9188,9222,9227,9273,9280,9320,9325,9328,9338,9378,9379,9406,9415,9461,9487,9489,9516,9530,9534,9551,9560,9569,9570,9574,9583,9584,9597,9604,9623,9626,9644,9657,9668,9675,9758,9760,9764,9767,9771,9773,9783,9785,9789,9798,9813,9816,9834,9836,9849,9879,9891,9892,9900,9905,9912,9946,9956,9964,9986,9988,9990,9998,10001,10004,10015,10039,10048,10049,10057,10080,10102,10119,10139,10145,10181,10182,10196
64,74,151,163,164,188,198,249,275,281,304,314,316,325,366,389,423,461,485,566,569,652,693,702,725,782,1028,1030,1085,1098,1126,1235,1248,1249,1250,1251,1259,1267,1272,1378,1392,1420,1431,1509,1546,1630,1677,1703,1711,1805,1888,1899,2060,2105,2148,2176,2308,2309,2310,2311,2312,2313,2314,2329,2350,2377,2401,2404,2416,2418,2419,2493,2576,2577,2682,2749,2750,3253,3314,3358,3415,3416,3420,3421,3422,3508,3517,3541,3575,3667,3689,3694,3825,4133,4142,4249,4276,4334,4339,4583,4672,4732,4779,4855,4865,4900,4918,4945,5026,5055,5121,5135,5198,5199,5278,5307,5308,5485,5562,5598,5726,5745,5904,5934,5973,5999,6159,6162,6166,6199,6208,6221,6412,6497,6546,6578,6606,6742,6770,7070,7131,7292,7337,7438,7448,7618,7621,7628,7660,7757,7764,7765,7834,8211,8274,8276,8296,8343,8344,8362,8529,8592,8593,8596,8781,8802,8808,8813,8844,8869,8907,9021,9065,9299,9326,9425,9491,9548,9744,9792,9830,9854,9983,9987,9999,10072,10115,10160
24,27,34,45,48,72,83,102,125,132,170,173,182,192,197,205,211,238,254,259,290,291,407,427,442,450,479,490,496,515,551,580,587,596,603,611,648,650,657,674,715,724,744,758,811,821,831,851,875,892,897,901,956,959,970,1037,1069,1172,1176,1190,1197,1236,1269,1336,1338,1350,1352,1354,1358,1367,1373,1385,1397,1401,1418,1440,1477,1490,1499,1502,1513,1517,1518,1534,1541,1547,1552,1558,1560,1569,1576,1581,1620,1622,1629,1642,1647,1648,1674,1692,1697,1710,1740,1753,1814,1819,1856,1857,1921,1940,1947,1950,1959,1961,1968,2055,2123,2171,2198,2225,2263,2278,2325,2348,2349,2364,2384,2396,2475,2479,2503,2570,2652,2661,2673,2676,2686,2693,2695,2708,2709,2734,2762,2834,2853,2862,2865,2913,2919,2949,2961,3069,3094,3112,3146,3157,3167,3184,3189,3205,3210,3239,3254,3279,3300,3386,3402,3425,3536,3538,3567,3599,3686,3695,3731,3748,3761,3767,3773,3777,3778,3843,3847,3858,3860,3863,3948,3961,3975,3989,3997,4043,4065,4073,4081,4118,4183,4199,4201,4292,4297,4479,4527,4531,4581,4586,4606,4685,4697,4701,4710,4717,4720,4747,4752,4756,4763,4766,4846,4870,4908,4909,4919,4936,4965,5006,5023,5042,5044,5081,5147,5153,5190,5203,5248,5268,5283,5294,5315,5321,5333,5374,5391,5395,5407,5424,5455,5475,5481,5538,5546,5549,5637,5645,5680,5683,5755,5804,5821,5834,5836,5843,5888,5898,5915,5922,5933,5983,6071,6092,6098,6113,6134,6135,6170,6181,6255,6256,6264,6288,6303,6338,6348,6380,6387,6467,6477,6498,6551,6566,6593,6598,6618,6620,6644,6648,6652,6687,6702,6718,6720,6748,6750,6755,6758,6786,6791,6843,6870,6913,6922,6941,7022,7041,7051,7084,7120,7153,7177,7191,7201,7265,7340,7346,7402,7427,7469,7482,7484,7492,7499,7513,7522,7528,7557,7560,7623,7650,7678,7691,7725,7804,7809,7877,7887,7889,7944,7972,7977,8013,8020,8027,8038,8052,8066,8069,8141,8171,8185,8207,8221,8252,8261,8269,8312,8346,8353,8360,8361,8367,8368,8403,8432,8466,8509,8556,8558,8563,8567,8574,8591,8630,8737,8748,8761,8764,8830,8906,8908,8934,8955,8966,8983,8988,9025,9032,9035,9077,9114,9133,9185,9207,9214,9236,9272,9293,9349,9374,9376,9403,9404,9416,9427,9437,9441,9443,9479,9500,9537,9582,9628,9641,9653,9688,9711,9712,9784,9800,9853,9866,9978,10040,10054,10090,10101,10113,10174,10178,10195
75,96,111,122,127,129,130,153,196,235,350,385,388,424,537,559,578,645,646,680,684,708,710,719,732,735,899,952,962,1014,1024,1043,1045,1047,1061,1079,1081,1082,1175,1193,1239,1292,1293,1483,1486,1491,1564,1591,1621,1628,1652,1661,1696,1855,1858,1923,2056,2106,2113,2275,2319,2372,2381,2403,2433,2451,2461,2465,2545,2582,2593,2626,2696,2745,2748,2766,2771,2838,2894,2900,2938,2943,2948,2980,2985,3025,3027,3044,3066,3077,3264,3330,3345,3372,3395,3397,3398,3436,3570,3576,3591,3592,3622,3697,3874,3888,3911,3920,3939,3940,3979,4002,4005,4051,4077,4211,4405,4420,4452,4460,4469,4470,4474,4511,4515,4529,4574,4647,4745,4786,4822,4864,4883,4907,4922,4967,5003,5062,5079,5159,5185,5189,5288,5295,5312,5338,5339,5349,5352,5400,5401,5402,5403,5404,5405,5406,5447,5474,5483,5567,5570,5587,5658,5693,5694,5712,5768,5769,5805,5837,5897,5909,5918,5924,5939,5946,5965,5967,5971,5980,6002,6008,6013,6029,6037,6057,6060,6079,6089,6222,6235,6281,6287,6292,6294,6296,6298,6299,6311,6312,6379,6389,6392,6397,6401,6480,6485,6511,6543,6547,6550,6555,6558,6572,6573,6575,6582,6706,6733,6749,6752,6763,6778,6832,6861,6945,6952,6959,7015,7021,7027,7049,7053,7068,7106,7116,7170,7200,7239,7255,7280,7303,7344,7345,7410,7452,7495,7504,7564,7568,7569,7574,7608,7610,7611,7622,7646,7732,7734,7774,7798,7896,7897,7904,7918,7924,7926,7942,7950,7961,7962,7963,7979,7980,8026,8030,8122,8127,8177,8213,8254,8317,8334,8384,8387,8401,8402,8409,8411,8413,8414,8415,8416,8418,8421,8445,8450,8461,8528,8543,8546,8583,8628,8629,8658,8674,8688,8698,8704,8711,8734,8740,8744,8752,8773,8783,8788,8810,8827,8834,8863,8895,8897,8921,8926,8930,8974,9017,9057,9089,9091,9094,9105,9161,9162,9172,9186,9241,9253,9265,9269,9294,9297,9317,9321,9389,9400,9418,9493,9538,9540,9573,9575,9595,9606,9608,9616,9618,9663,9665,9677,9692,9715,9768,9779,9787,9797,9804,9839,9842,9845,9851,9867,9873,9875,9876,9883,9886,9907,9908,9917,9919,9922,9924,9952,9959,9960,9984,9991,10002,10011,10021,10043,10058,10070,10148,10149,10155,10156,10172,10173,10176,10180,10185
143,168,210,242,262,274,384,545,775,1012,1029,1202,1203,1204,1205,1206,1207,1208,1209,1210,1211,1213,1215,1220,1225,1227,1228,1229,1263,1265,1461,1575,1584,1766,1767,1768,1769,1770,1771,1772,1773,1774,1775,1776,1777,1778,1779,1780,1781,1782,1783,1784,1792,1793,1913,1914,1951,2110,2233,2234,2241,2242,2244,2246,2247,2294,2295,2296,2297,2298,2300,2328,2330,2409,2410,2411,2412,2413,2414,2420,2421,2422,2423,2424,2425,2426,2427,2428,2430,2524,2550,2551,2552,2553,2554,2556,2558,2583,2621,2622,2629,2635,2645,2741,2779,2780,2781,2784,2788,2789,2844,2878,2957,2960,3026,3037,3083,3089,3190,3214,3218,3275,3286,3308,3341,3350,3369,3370,3371,3394,3427,3450,3474,3545,3550,3551,3552,3553,3555,3559,3586,3602,3617,3626,3627,3628,3646,3647,3648,3649,3650,3669,3678,3681,3737,3743,3925,3967,4102,4116,4129,4136,4210,4214,4237,4329,4359,4376,4379,4409,4436,4444,4483,4518,4524,4530,4543,4617,4634,4821,4848,4850,4878,4884,4893,4943,4985,5048,5051,5090,5109,5165,5217,5221,5226,5230,5257,5258,5264,5318,5328,5332,5359,5365,5381,5383,5392,5393,5397,5415,5420,5430,5442,5448,5496,5507,5574,5580,5713,5744,5862,5930,6035,6126,6139,6285,6334,6361,6365,6367,6495,6524,6527,6586,6634,6729,6809,6815,6884,6885,6892,6944,6984,6986,7057,7066,7112,7139,7154,7216,7217,7218,7220,7221,7236,7238,7246,7253,7274,7276,7288,7295,7297,7382,7388,7477,7537,7620,7663,7670,7685,7726,7727,7810,7825,7853,7856,7857,7872,7898,7983,7984,7988,7991,8369,8372,8775,8833,9023,9034,9147,9159,9259,9341,9435,9451,9485,9520,9592,9654,9843,9985,10044,10051,10097,10103,10116,10169
47,351,532,565,571,572,573,604,629,668,728,810,935,936,937,938,942,943,945,1168,1348,1410,1521,1872,1874,1875,1878,1881,1886,1890,1893,1896,2177,2471,2624,2796,2917,3129,3131,3443,3476,3491,3492,3746,3891,4320,5148,5298,5539,6043,6415,6906,6974,7437,7515,7561,7602,7742,8304,8640,8875,9256,9472,9697,10108
8,69,131,136,159,194,240,492,503,635,808,894,1007,1008,1009,1062,1163,1258,1305,1353,1426,1439,1500,1562,1586,1597,1604,1631,1748,1813,1989,2044,2192,2193,2194,2195,2315,2508,2526,2586,2659,2730,2783,2791,2866,2922,3029,3054,3137,3138,3162,3163,3164,3165,3173,3175,3266,3485,3709,3803,3810,3866,3869,3883,3902,3903,4056,4088,4137,4140,4141,4147,4227,4238,4264,4265,4310,4326,4332,4333,4345,4348,4544,4557,4633,4636,4706,4741,4769,4840,4841,4895,4923,5053,5086,5250,5396,5409,5450,5506,5577,5638,5742,5776,5819,5820,5822,5901,6046,6200,6202,6258,6341,6342,6624,6626,6645,6747,6799,6902,6912,6976,7121,7130,7166,7227,7234,7248,7296,7333,7347,7616,7645,7903,7946,8217,8248,8282,8522,8553,8649,8669,8861,8993,9134,9164,9169,9239,9295,9346,9814,9856,10082,10083,10110,10123,10129,10138,10154,10187,10188
644,675,796,913,1196,1315,1357,1496,1563,2064,2208,3105,3158,3375,3842,3980,4593,4594,4631,5260,5629,6129,6436,9864
40,71,148,152,204,323,343,376,454,508,605,617,633,634,703,711,839,865,884,893,981,985,997,1001,1055,1070,1073,1074,1105,1110,1112,1149,1158,1167,1184,1274,1313,1317,1361,1457,1497,1503,1528,1693,1724,1730,1733,1738,1861,1869,1900,1994,2022,2107,2141,2219,2443,2444,2501,2601,2664,2685,2737,2767,2785,2797,2811,2815,2850,2876,2892,2901,2912,2951,3075,3078,3081,3103,3113,3179,3388,3442,3460,3523,3526,3566,3693,3700,3715,3740,3754,3807,3815,3821,3897,3926,4038,4039,4050,4106,4159,4169,4171,4273,4421,4486,4493,4533,4595,4602,4604,4610,4686,4687,4738,4746,4792,4879,4891,4983,5045,5050,5058,5083,5102,5354,5358,5413,5453,5463,5465,5488,5498,5521,5537,5566,5576,5607,5628,5648,5670,5711,5749,5753,5763,5824,5876,6020,6045,6058,6061,6062,6064,6065,6066,6068,6073,6076,6085,6123,6124,6167,6186,6192,6293,6301,6435,6470,6501,6592,6635,6675,6713,6715,6731,6766,6769,6807,6821,6844,6847,6895,6905,6938,6940,7045,7085,7178,7194,7259,7354,7371,7376,7433,7512,7544,7548,7552,7566,7576,7615,7656,7662,7664,7669,7674,7675,7704,7753,7766,7837,7964,7976,7990,8034,8041,8075,8078,8079,8085,8095,8097,8102,8106,8110,8111,8116,8120,8144,8147,8174,8197,8203,8267,8321,8359,8386,8423,8426,8429,8468,8481,8483,8510,8532,8552,8575,8620,8632,8675,8680,8687,8692,8701,8760,8947,8984,9036,9075,9175,9189,9212,9242,9243,9254,9262,9290,9301,9322,9364,9456,9471,9605,9627,9684,9693,9728,9795,9796,9822,9901,9926,9927,9937,9962,10008,10009,10034,10036,10104,10111,10140,10158,10159,10166,10183
200,255,370,399,439,468,534,673,882,885,920,1097,1152,1169,1189,1254,1255,1262,1722,1810,1849,2111,2184,2223,2260,2663,2687,2688,2717,2787,2835,2852,2881,2891,3052,3102,3104,3109,3197,3216,3322,3328,3362,3364,3389,3399,3445,3455,3507,3518,3521,3582,3584,3738,3742,3752,3756,4020,4021,4025,4029,4030,4080,4110,4231,4244,4403,4404,4415,4476,4481,4482,4743,4749,4828,4829,4834,4868,4882,4913,4980,5049,5052,5070,5082,5089,5103,5106,5107,5111,5116,5132,5224,5225,5322,5323,5367,5425,5489,5579,5718,5730,5899,5996,6018,6024,6038,6041,6042,6048,6049,6053,6055,6056,6081,6087,6088,6095,6096,6104,6240,6272,6310,6439,6443,6533,6560,6637,6682,6817,6825,6991,6998,7088,7091,7213,7224,7225,7232,7233,7316,7327,7331,7431,7538,7604,7636,7638,7640,7666,7671,7696,7697,7699,7724,7939,8048,8050,8062,8084,8093,8109,8126,8129,8148,8150,8160,8176,8178,8449,8451,8523,8605,8651,8702,8719,8801,8838,8862,8901,8914,8976,8998,9016,9039,9076,9119,9202,9232,9248,9432,9591,9602,9645,9694,9748,9749,9750,9920,9951,9995,10033,10130
2,6,38,62,66,90,113,117,123,177,226,241,265,276,278,283,284,326,344,365,400,421,425,428,449,478,480,531,546,574,592,651,667,746,749,817,824,834,835,855,856,870,1078,1114,1117,1143,1192,1310,1318,1320,1327,1331,1365,1389,1398,1413,1415,1433,1467,1469,1574,1589,1593,1623,1650,1669,1673,1700,1717,1728,1823,1902,1997,2006,2031,2043,2045,2052,2076,2122,2168,2207,2264,2266,2272,2273,2277,2291,2338,2351,2360,2374,2405,2445,2462,2486,2492,2495,2543,2574,2602,2605,2610,2651,2655,2701,2727,2743,2768,2808,2833,2858,2902,2979,2992,3030,3091,3095,3127,3153,3185,3192,3228,3242,3250,3291,3334,3336,3437,3457,3461,3466,3542,3596,3618,3661,3721,3725,3775,3780,3795,3836,3844,3856,3871,3876,3908,3932,3934,3986,3988,4008,4018,4062,4075,4078,4191,4223,4274,4299,4335,4340,4358,4366,4429,4433,4435,4438,4473,4487,4489,4514,4519,4566,4568,4659,4678,4762,4803,4820,4836,4860,4905,4924,4953,4957,4958,4963,4975,4977,4978,4982,4988,5002,5012,5125,5130,5143,5205,5208,5289,5293,5343,5389,5418,5433,5476,5499,5584,5597,5611,5659,5665,5677,5684,5687,5689,5690,5710,5746,5799,5800,5874,5893,5894,5958,6001,6033,6036,6069,6114,6132,6148,6176,6205,6245,6257,6259,6278,6306,6430,6489,6580,6609,6625,6643,6692,6694,6695,6710,6730,6776,6780,6805,6818,6819,6828,6858,6860,6869,6896,6948,6975,6992,7014,7030,7037,7061,7077,7083,7097,7105,7114,7118,7122,7133,7145,7264,7305,7432,7460,7461,7462,7471,7474,7493,7514,7600,7609,7627,7687,7690,7693,7702,7739,7776,7784,7785,7835,7838,7882,7954,7995,8009,8010,8015,8023,8037,8077,8136,8139,8226,8329,8331,8474,8503,8517,8535,8544,8557,8626,8665,8689,8718,8722,8733,8751,8791,8798,8809,8836,8850,8951,8971,9010,9029,9061,9066,9071,9079,9166,9203,9318,9330,9372,9398,9412,9413,9439,9478,9495,9522,9536,9545,9611,9620,9624,9736,9737,9769,9786,9808,9828,9855,9865,9880,10019,10020,10062,10073,10177
5,19,22,156,176,277,340,403,460,766,789,800,909,949,1106,1135,1303,1417,1429,1571,1582,1600,1712,1747,2059,2062,2321,2511,2722,2724,2792,3013,3015,3023,3183,3400,3428,3447,3462,3478,3479,3480,3655,3718,3733,3913,4070,4194,4325,4336,4367,4546,4560,4590,4620,4632,4713,4935,5100,5183,5346,5478,5494,5828,5838,5920,6019,6173,6207,6423,6490,6614,6617,6641,6650,6686,6841,6888,6900,7020,7048,7308,7536,7579,7583,7713,7775,7817,7947,8125,8202,8216,8259,8301,8302,8340,8355,8391,8393,8511,8585,8616,8848,8877,8970,9000,9062,9126,9170,9173,9199,9208,9216,9392,9531,9580,9666,9698,9859,9914,9973,10007,10038,10059,10086,10144
70,73,80,82,93,103,147,162,169,184,195,208,224,261,287,293,297,310,311,332,358,431,453,457,481,497,542,547,548,549,550,554,560,561,589,591,608,612,619,705,714,716,718,720,780,791,858,891,898,902,908,955,958,971,1018,1022,1034,1044,1056,1083,1129,1154,1159,1165,1178,1185,1199,1268,1271,1283,1314,1319,1337,1341,1380,1434,1460,1475,1476,1482,1530,1531,1549,1559,1587,1602,1614,1619,1626,1635,1665,1666,1680,1695,1699,1708,1752,1762,1948,1958,1965,2025,2026,2039,2066,2074,2101,2102,2125,2135,2157,2169,2175,2178,2181,2200,2214,2226,2229,2251,2267,2285,2356,2362,2373,2457,2509,2512,2520,2534,2535,2597,2612,2616,2628,2650,2680,2692,2726,2740,2742,2807,2828,2832,2840,2843,2882,2885,2887,2890,2920,2924,2930,2936,2955,3003,3011,3049,3051,3057,3064,3076,3096,3100,3140,3143,3155,3177,3207,3222,3227,3231,3233,3234,3247,3252,3262,3268,3272,3273,3285,3288,3289,3292,3294,3311,3312,3340,3360,3509,3531,3594,3610,3611,3621,3634,3652,3683,3684,3719,3736,3776,3823,3878,3886,3930,3957,4019,4048,4053,4058,4076,4099,4108,4174,4196,4225,4234,4266,4269,4296,4324,4337,4342,4375,4392,4396,4432,4434,4451,4495,4516,4540,4558,4571,4657,4665,4670,4700,4759,4768,4782,4788,4806,4816,4819,4827,4906,5016,5025,5028,5030,5054,5084,5092,5129,5131,5137,5146,5160,5181,5249,5259,5276,5279,5353,5375,5408,5411,5440,5452,5456,5470,5502,5503,5545,5550,5578,5586,5599,5604,5654,5673,5732,5739,5774,5777,5784,5832,5833,5842,5847,5902,5911,5926,5949,5950,5959,5964,5979,6009,6044,6107,6149,6171,6183,6187,6188,6195,6198,6214,6218,6231,6243,6249,6270,6307,6313,6336,6352,6400,6450,6456,6457,6463,6466,6483,6496,6512,6528,6564,6588,6602,6621,6629,6647,6696,6699,6707,6768,6806,6829,6873,6882,6890,6899,6914,6917,6925,6936,6953,6970,6994,7011,7040,7054,7069,7094,7103,7107,7136,7138,7167,7185,7212,7304,7320,7338,7339,7367,7391,7395,7398,7406,7423,7439,7443,7464,7465,7472,7527,7553,7558,7562,7587,7599,7613,7631,7651,7652,7668,7720,7737,7756,7778,7832,7833,7867,7876,7891,7899,7908,8059,8098,8134,8165,8166,8175,8187,8189,8214,8215,8224,8266,8270,8277,8288,8294,8347,8349,8376,8405,8412,8428,8438,8442,8457,8458,8482,8485,8489,8491,8500,8518,8520,8531,8578,8602,8623,8634,8725,8729,8730,8739,8746,8768,8774,8792,8795,8814,8818,8820,8826,8856,8884,8902,8904,8917,8923,8931,8944,8948,8949,8958,8960,8965,8969,9008,9037,9040,9063,9098,9124,9125,9136,9153,9178,9192,9205,9211,9249,9266,9282,9284,9292,9308,9357,9386,9399,9492,9533,9543,9553,9566,9586,9638,9660,9664,9669,9681,9707,9709,9716,9719,9724,9740,9829,9841,9844,9857,9863,9915,9918,9931,9932,9967,9996,10024,10028,10061,10063,10117,10184,10190,10194
52,78,85,172,230,239,251,330,361,483,512,555,563,707,743,774,804,836,918,923,925,926,927,929,931,934,939,1297,1325,1335,1395,1428,1432,1535,1540,1561,1616,1624,1641,1713,1808,1825,1826,1829,1830,1834,1836,1846,1853,1873,1876,1889,1892,1946,2167,2183,2480,2573,2653,2656,2719,2944,3121,3130,3132,3287,3534,3677,3699,4087,4440,4441,4442,4513,4777,4784,4990,5128,5156,5158,5261,5270,5700,5702,5704,5937,5972,5978,6022,6054,6184,6343,6410,6411,6561,6669,6831,7483,7540,7559,7738,7740,7741,7800,7895,7901,7907,7941,8133,8275,8463,8494,8512,8551,8622,8803,8912,9116,9128,9221,9228,9281,9302,9342,9587,9705,9909,9916,10013,10152
51,84,141,844,860,871,888,940,980,987,992,1104,1145,1188,1445,1454,1646,1682,1689,1694,1725,1895,1927,1944,2051,2252,2259,2318,2504,2590,2591,2614,2662,2702,2716,2731,2735,2798,2923,2925,2928,2962,3007,3031,3085,3123,3200,3220,3349,3469,3547,3708,3710,4013,4173,4271,4330,4347,4380,4382,4398,4491,4619,4650,4674,4704,4910,5009,5034,5035,5038,5122,5138,5168,5175,5200,5222,5252,5340,5394,5504,5508,5526,5647,5752,5757,5807,5860,5951,6137,6145,6152,6252,6359,6368,6378,6434,6517,6596,6601,6673,6697,6812,6910,6919,6934,6985,7056,7159,7190,7490,7526,7539,7541,7570,7637,7665,7667,7701,7747,7792,7823,7865,7871,7914,8090,8196,8233,8332,8452,8566,8706,8735,8743,8749,8769,8835,8855,9002,9004,9015,9038,9224,9394,9423,9431,9458,9625,9633,9655,9817,9833,9976,10089
23,31,100,245,417,500,638,640,643,803,843,984,1004,1094,1119,1139,1156,1186,1191,1247,1252,1414,1424,1480,1487,1590,1671,1715,1759,1804,1806,1815,1828,1832,1847,1885,1911,2071,2094,2129,2151,2190,2191,2232,2279,2288,2307,2357,2371,2379,2391,2435,2437,2439,2440,2454,2618,2679,2704,2772,2794,2795,2831,2914,2931,2945,3017,3036,3065,3092,3111,3134,3148,3194,3201,3204,3215,3230,3377,3417,3418,3419,3475,3486,3494,3495,3635,3636,3643,3645,3702,3722,3783,3796,3829,3835,3901,3953,3978,4044,4071,4112,4113,4115,4188,4190,4222,4240,4241,4267,4283,4321,4322,4385,4407,4431,4468,4503,4504,4569,4596,4621,4625,4628,4629,4638,4639,4652,4673,4728,4731,4740,4748,4817,4887,4928,4969,5074,5087,5144,5173,5178,5219,5265,5266,5273,5422,5457,5493,5517,5541,5556,5575,5593,5636,5722,5724,5735,5741,5797,5798,5827,5880,5942,5943,5945,6105,6265,6274,6275,6277,6297,6353,6453,6487,6509,6514,6522,6579,6589,6613,6737,6792,6842,6845,6857,6859,6916,6962,7046,7062,7067,7111,7179,7180,7181,7287,7289,7290,7357,7359,7487,7489,7506,7556,7577,7673,7777,7828,7839,7880,7905,7927,7966,7968,8104,8135,8158,8186,8210,8218,8281,8307,8473,8487,8497,8608,8686,8696,8793,9252,9310,9315,9319,9430,9467,9600,9682,9689,9774,9818,9898,9939,9950,9958,10030,10032,10037,10084,10085,10122,10125,10157
49,150,202,830,852,1253,1294,1412,1458,1465,1495,1539,1557,1594,1607,1610,1633,1684,1852,1920,2154,2249,2909,2952,3439,3763,3790,3880,3909,3915,3929,3941,3946,4084,4165,4202,4306,4459,4587,4655,4707,4966,4970,4998,5065,5182,5282,5299,5330,5592,5674,5725,5731,6051,6156,6376,6484,6486,6500,6536,6537,6538,6649,6654,6683,6835,6907,6908,7012,7025,7059,7195,7196,7197,7198,7323,7401,7468,7473,7476,7584,7749,7751,7830,7847,7850,7868,8073,8169,8182,8209,8278,8299,8318,8373,8507,8894,9018,9102,9240,9246,9258,9307,9454,9482,9535,9572,9643,9720,9723,9877,10016,10096
763,818,819,820,826,833,854,864,948,968,976,977,988,990,995,1142,1174,1256,1257,1578,1585,1729,1741,1843,1882,2084,2085,2344,2516,2630,2707,2712,2822,2954,2995,3274,3320,3321,3323,3327,3332,3393,3532,4009,4047,4057,4094,4235,4466,4480,4488,4522,4599,4698,4764,4791,4802,4852,4915,4952,5073,5088,5235,5372,5441,5582,5595,5681,5682,5762,5771,5780,5826,5886,5993,5997,5998,6106,6109,6179,6193,6215,6268,6280,6304,6315,6319,6351,6358,6393,6399,6402,6479,6526,6549,6659,6660,6663,6665,6685,6690,6741,7003,7017,7076,7104,7127,7184,7199,7223,7291,7299,7300,7368,7375,7409,7458,7500,7525,7554,7634,7676,7718,7773,7793,7820,7935,7952,7989,8032,8047,8049,8089,8103,8105,8131,8142,8183,8198,8240,8313,8335,8379,8435,8548,8582,8611,8621,8646,8653,8670,8721,8723,8757,8780,8882,8961,8962,8967,9001,9046,9131,9165,9335,9373,9508,9555,9701,9730,9782,9929,9979,10100,10114,10120
180,236,382,452,564,575,677,862,872,1027,1068,1099,1151,1282,1323,1634,1838,1859,1894,1919,1967,2075,2099,2398,2566,2846,2867,3006,3126,3196,3243,3629,3833,3834,3875,3887,3943,3963,4260,4580,4787,4897,4949,5782,6451,6622,6646,6667,6677,6754,6979,7006,7024,7100,7113,7125,7192,7400,7533,7596,7885,7973,7985,7998,8024,8029,8060,8243,8272,8443,8772,8831,8839,9150,9158,9198,9233,9255,9257,9314,9347,9515,9547,9721,9761,10067,10069,10137,10179
155,308,334,522,700,832,841,848,849,861,912,978,979,1050,1051,1052,1071,1100,1131,1134,1138,1146,1170,1328,1441,1456,1568,1802,1860,1975,1979,1995,1998,2292,2358,2388,2407,2497,2498,2706,2880,3035,3046,3073,3101,3116,3166,3401,3446,3673,3674,3744,3999,4125,4131,4166,4192,4539,4572,4703,4853,4968,5110,5459,5620,5697,5714,5792,5913,5923,6140,6227,6447,6597,6623,6735,6802,6823,6824,6830,6937,7072,7135,7161,7244,7249,7251,7266,7321,7390,7393,7479,7505,7517,7571,7730,7731,7743,7744,7745,7746,8001,8008,8021,8035,8036,8043,8044,8045,8046,8051,8054,8055,8100,8284,8290,8425,8527,8559,8562,8643,8644,8660,8700,8797,8911,8913,8979,8991,9012,9085,9103,9110,9168,9283,9304,9334,9356,9419,9673,9680,9690,9824,9889,10161
21,46,622,722,1031,1478,1791,2121,2620,2665,2669,3093,3206,3260,3424,3846,3898,4213,4242,4352,4414,4446,4485,4556,4751,4941,5060,5150,5275,5347,5421,5633,5716,5756,5778,5785,5856,5883,5884,5896,5963,6000,6155,6251,6322,6420,6488,6577,6724,6725,7010,7108,7283,7310,7377,7387,7411,7446,7653,7752,7755,7796,7826,7870,7921,8108,8164,8245,8311,8319,8324,8328,8338,8341,8398,8427,8516,8589,8822,8832,8873,8918,8956,8977,8982,9011,9044,9067,9132,9152,9238,9285,9339,9447,9710,9753,9852,9878,9884,9965,10105
68,89,174,315,369,391,570,696,741,802,812,983,1107,1144,1201,1212,1216,1217,1221,1226,1234,1264,1280,1479,1489,1544,1686,1763,1785,1786,1787,1789,1790,1820,1901,1907,1915,1916,1952,1953,1960,2063,2098,2172,2228,2243,2269,2331,2481,2484,2490,2559,2562,2670,2739,2746,2756,2759,2836,3021,3191,3202,3226,3347,3426,3543,3574,3644,3664,3757,3801,3828,3832,3851,4037,4059,4168,4341,4363,4364,4419,4450,4477,4567,4582,4790,4838,4845,4867,4875,4937,4944,5152,5240,5242,5243,5435,5543,5551,5651,5653,5691,5695,5708,5790,5793,6012,6026,6238,6260,6273,6314,6326,6350,6437,6562,6585,6639,6723,6759,6851,6886,6961,7102,7126,7314,7325,7353,7365,7524,7769,7791,7813,7861,7888,7906,7912,8000,8099,8130,8163,8310,8430,8464,8514,8549,8579,8648,8682,8699,8714,8745,8755,8771,8785,8853,8854,8858,8932,9054,9086,9113,9193,9244,9247,9279,9291,9305,9365,9380,9382,9395,9397,9463,9484,9510,9512,9523,9529,9542,9561,9596,9629,9639,9661,9700,9741,9759,9794,9825,9827,9881,9895,9961,9992,10025,10076,10078,10131
43,380,466,514,623,1086,1103,1161,1406,1514,1679,1937,1986,2040,2081,2156,2212,2393,2506,2595,2639,2764,2814,2911,3209,3217,3310,3458,3588,3600,3704,3705,3976,4163,4287,4588,4598,4601,4666,4671,4679,4692,4725,4726,4755,4866,5215,5557,5606,5627,6164,6362,6473,6605,6760,6904,7034,7148,7567,7787,7892,8291,8314,8406,8433,8550,8601,8842,8896,8959,8987,9154,9196,9215,9345,9410,9509,9539,9557,9559,9581,9630,9686,9703,9742,9826,9838,9861,9940,9963,10023,10171
106,140,248,282,437,444,488,502,535,557,582,601,627,666,671,688,793,947,996,1115,1153,1230,1231,1333,1356,1438,1481,1504,1508,1519,1522,1554,1583,1599,1706,1904,1969,2001,2016,2054,2174,2323,2341,2365,2382,2533,2678,2683,2718,2818,3014,3040,3086,3255,3276,3319,3459,3515,3562,3603,3605,3606,3615,3741,3745,3945,4027,4055,4091,4149,4355,4467,4528,4534,4605,4649,4684,4991,5007,5101,5141,5192,5193,5196,5228,5263,5329,5376,5472,5529,5553,5613,5626,5662,5733,5817,5830,5914,5962,5966,5975,5977,6082,6112,6121,6209,6233,6324,6346,6355,6377,6384,6440,6478,6499,6516,6534,6574,6599,6628,6744,6767,6787,6804,6833,6862,6935,6963,6968,6982,7023,7060,7086,7157,7174,7230,7282,7309,7383,7496,7629,7672,7802,7919,8019,8143,8155,8157,8172,8228,8237,8249,8251,8381,8440,8534,8587,8615,8867,8936,8942,8946,9033,9050,9052,9069,9082,9097,9121,9200,9278,9312,9401,9422,9429,9459,9481,9483,9511,9517,9519,9528,9563,9571,9598,9609,9614,9646,9670,9672,9674,9718,9738,9745,9746,9755,9778,9791,9831,9858,9871,9872,9944,9947,9954
14,107,144,443,533,663,712,751,859,961,1060,1087,1108,1173,1177,1370,1427,1446,1608,1663,1800,1807,1909,2149,2150,2153,2188,2189,2197,2204,2205,2253,2456,2494,2518,2592,2646,2647,2660,2672,2863,2897,3122,3149,3301,3487,3520,3522,3616,3707,3712,3751,4000,4052,4068,4239,4261,4262,4263,4316,4448,4509,4635,4839,4927,4981,4992,5169,5370,5386,5417,5460,5467,5728,5801,5916,5957,6011,6028,6072,6074,6284,6340,6382,6600,6610,6658,6700,6722,6911,6915,6993,7033,7129,7240,7250,7364,7572,7581,7803,8006,8016,8022,8056,8063,8070,8074,8076,8153,8206,8396,8493,8569,8663,8664,8817,8865,9007,9060,9267,9275,9336,9359,9360,9421,9505,9683,9726,9772,9790,9874,10005,10018,10175
186,319,408,493,585,886,950,1089,1102,1141,1200,1214,1219,1430,1443,1523,1524,1579,1658,1718,1803,2019,2042,2072,2146,2147,2160,2211,2230,2236,2237,2238,2306,2333,2334,2389,2390,2431,2432,2434,2436,2438,2441,2442,2446,2596,2667,2668,2786,2820,3041,3079,3295,3296,3297,3299,3367,3376,3378,3379,3380,3381,3382,3383,3384,3404,3414,3540,3546,3589,3632,3639,3640,3641,3642,3758,3800,3899,3916,4111,4176,4189,4193,4229,4248,4256,4314,4346,4383,4428,4630,4668,4683,4811,4873,4902,5001,5033,5154,5218,5220,5227,5253,5309,5390,5412,5428,5438,5443,5515,5554,5632,5634,5766,5787,5850,5891,5944,6025,6127,6253,6276,6279,6360,6391,6452,6464,6576,6611,6632,6850,6871,7000,7001,7168,7209,7210,7226,7235,7242,7285,7298,7329,7350,7351,7352,7385,7535,7565,7601,7612,7708,7748,7786,7801,7831,7846,7854,7863,7869,7970,7981,8005,8068,8204,8220,8230,8234,8501,8513,8561,8617,8619,8652,8800,8866,9101,9104,9107,9163,9408,9462,9503,9588,9622,9696,9704,9729,9846,10118,10136
41,273,317,354,371,377,463,474,525,536,654,911,1334,1375,1596,1662,1704,1794,1795,1796,1817,1987,2065,2091,2092,2347,2392,2464,2940,3117,3161,3385,3434,3435,3496,3497,3579,3770,3771,3789,3906,3964,4045,4143,4162,4184,4268,4309,4559,4735,4823,4854,4930,5091,5108,5118,5233,5246,5334,5548,5669,5701,5707,5802,5881,5940,6110,6210,6212,6262,6305,6339,6417,6508,6587,6657,6666,6717,6782,6876,6927,6980,7007,7047,7064,7176,7228,7315,7355,7420,7447,7546,7649,7735,8121,8152,8179,8193,8194,8244,8285,8297,8477,8655,8673,8703,8762,8777,8804,8823,8829,8871,8876,8893,8940,8950,9042,9213,9226,9332,9368,9420,9955
61,98,157,285,459,713,723,794,829,986,1026,1121,1388,1757,1821,2050,2073,2161,2170,2240,2283,2359,2366,2738,2888,3042,3062,3099,3150,3352,3433,3571,3587,3734,3992,4034,4079,4095,4109,4275,4298,4356,4371,4465,4535,4536,4554,4570,4640,4773,4780,4795,4798,4898,4964,5011,5244,5245,5271,5272,5431,5568,5569,5621,5640,5676,5706,5717,5729,5736,5788,5865,5938,5948,5954,6077,6197,6237,6282,6283,6327,6381,6421,6482,6521,6542,6567,6584,6631,6638,6651,6711,6795,6808,6836,6863,6946,6964,6967,7245,7313,7463,7582,7781,7795,7808,7884,8250,8358,8380,8484,8625,8656,8708,8776,8972,9005,9049,9073,9081,9277,9754,9765,9997
189,231,333,458,530,626,837,857,881,994,1000,1183,1289,1346,1720,1726,1745,1929,2087,2352,2644,2700,2736,2821,3055,3156,3270,3304,3315,3325,3326,3331,3607,3619,3671,3896,3991,4061,4170,4284,4285,4338,4384,4449,4502,4545,4548,4612,4622,4770,4771,4783,4876,5167,5184,5212,5362,5423,5530,5573,5644,5703,5789,5872,5936,5985,5986,5987,5988,5989,5995,6021,6344,6465,6472,6507,6525,6670,6772,6864,6989,7095,7149,7412,7467,7470,7550,7630,7695,7818,7849,7922,8004,8058,8071,8154,8190,8223,8265,8436,8462,8647,8759,9112,9120,9220,9230,9353,9354,9369,9424,9469,9480,9502,9679,9708,9725,9870,9930,10006,10088,10143,10153
87,95,216,303,363,386,405,455,568,597,731,773,917,960,1261,1298,1307,1347,1368,1371,1447,1464,1468,1472,1520,1632,1664,2117,2136,2186,2271,2302,2316,2581,2648,2842,2872,2959,3004,3056,3174,3249,3280,3343,3444,3590,3654,3862,3927,3966,3996,4139,4270,4328,4443,4616,4651,4778,4956,5095,5281,5360,5446,5487,5589,5615,5783,5855,5861,6131,6175,6201,6219,6422,6429,6432,6515,6627,6736,6848,7008,7019,7397,7414,7511,7659,7768,7874,8159,8184,8280,8303,8309,8316,8447,8471,8498,8697,8728,8819,8874,9206,9287,9450,9490,9514,9585,9589,9756,9780,9847,9848,9903,9977,10055,10107,10124,10164
0,12,228,233,301,379,538,590,679,699,946,975,1046,1049,1278,1676,1701,1714,1812,1827,1842,1879,1883,1884,1910,1917,1931,1932,1933,1935,1936,2078,2137,2138,2339,2345,2459,2569,2643,2666,2751,2873,2967,3033,3133,3160,3212,3335,3468,3471,3514,3653,3672,3698,3723,3794,3857,3861,3944,4007,4067,4215,4564,4576,4676,4688,4689,4724,4727,4794,4844,4849,4901,5066,5120,5124,5136,5213,5214,5287,5320,5341,5429,5612,5624,5652,5740,5803,5892,5990,6005,6010,6111,6161,6332,6390,6504,6556,6781,6956,7026,7173,7307,7358,7362,7399,7449,7593,7873,7883,7900,7925,7929,7938,8107,8236,8256,8263,8287,8363,8492,8545,8607,8654,8676,8741,8841,8860,8891,9028,9051,9064,9072,9122,9135,9142,9171,9191,9204,9210,9260,9276,9311,9324,9351,9366,9402,9452,9477,9507,9526,9562,9651,9671,9793,9885,9936,9948,9993,10075,10094,10134,10142,10146,10151,10186
3,10,16,50,56,91,185,213,221,270,338,346,348,359,477,520,745,772,785,813,828,1064,1067,1122,1123,1130,1133,1181,1232,1322,1390,1408,1473,1595,1678,1683,1690,1939,1949,1964,2030,2032,2035,2048,2114,2152,2179,2209,2287,2336,2367,2369,2402,2449,2453,2469,2500,2856,2965,3009,3018,3048,3060,3082,3098,3211,3257,3261,3283,3290,3403,3585,3730,3768,3769,3786,3850,3854,3868,3889,3949,3970,3981,4016,4150,4160,4236,4251,4280,4362,4508,4510,4677,4680,4737,4772,4830,4856,5057,5069,5127,5142,5161,5179,5201,5286,5291,5361,5373,5492,5505,5518,5561,5581,5622,5623,5688,5734,5844,5879,5882,5906,5908,5982,5984,6004,6119,6138,6169,6174,6220,6248,6308,6329,6330,6331,6369,6383,6396,6405,6409,6454,6455,6491,6553,6603,6630,6633,6698,6738,6745,6746,6756,6761,6865,6874,6955,6966,7078,7124,7137,7311,7380,7416,7418,7424,7426,7642,7654,7705,7761,7913,7933,7993,8003,8007,8012,8018,8114,8128,8212,8229,8258,8322,8336,8348,8383,8390,8448,8539,8577,8662,8707,8747,8758,8763,8843,8845,8883,8909,8922,8933,8978,8989,8997,9003,9045,9048,9111,9140,9250,9271,9298,9316,9329,9390,9391,9396,9417,9444,9455,9468,9486,9494,9501,9504,9518,9556,9564,9579,9590,9594,9631,9632,9649,9676,9699,9732,9735,9752,9776,9806,9820,9821,9896,9975,10042,10060,10098,10106
179,353,581,681,1127,1147,1218,1224,1764,1765,1788,1912,1918,2429,2841,2970,3488,3809,4103,4591,4813,4831,4842,5231,5285,5363,5461,6373,6458,6656,7029,7063,7258,7273,7510,7948,7982,8002,8033,8231,8375,8504,8572,9022,9030,9055,9123,9393,9498,9525,9799
7,104,137,149,160,227,349,404,436,465,556,583,614,670,706,750,762,900,924,928,930,944,1238,1244,1351,1387,1399,1422,1435,1611,1627,1831,1833,1835,1839,1844,1845,1850,1851,1871,2213,2231,2491,2613,3071,3084,3144,3390,3391,3392,3682,3764,3791,3935,4377,4761,5039,5096,5180,5813,5814,5816,5873,6034,6182,6191,6247,6366,6372,6773,6867,6947,6969,7163,7386,7549,7598,7821,7851,7909,8118,8268,8590,8807,9237,9835,10121,10192
15,29,35,79,112,234,272,279,378,413,748,783,787,879,964,991,1017,1080,1101,1109,1277,1284,1288,1330,1580,1609,1613,1640,1668,1739,1868,1906,1924,1991,2046,2112,2115,2502,2538,2609,2728,2782,3020,3045,3067,3074,3145,3309,3453,3481,3498,3601,3750,3921,4063,4072,4243,4304,4387,4389,4457,4521,4550,4579,4600,4641,4643,4742,5010,5061,5140,5238,5247,5296,5348,5357,5414,5434,5490,5516,5531,5560,5608,5610,5642,5649,5664,5679,5686,5696,5721,5823,5840,5919,5928,5970,6016,6093,6094,6271,6413,6414,6441,6468,6476,6545,6607,6721,6753,6877,6898,6928,6977,7032,7039,7142,7247,7277,7319,7363,7422,7436,7521,7530,7542,7586,7635,7639,7715,7770,7997,8011,8014,8064,8080,8123,8137,8400,8475,8502,8533,8600,8613,8650,8694,8715,8799,8880,8980,8992,9058,9083,9095,9303,9377,9381,9445,9470,9524,9615,9617,9634,9743,9810,9837,9882,9894,9897,9923,10047,10079,10128,10193
105,142,446,447,1096,1120,1128,1281,1455,1719,1721,1822,2185,2210,2258,2499,2584,2585,2587,2710,2823,2827,2895,3108,3172,3245,3348,3363,3470,3482,3483,3484,3549,3749,4011,4054,4064,4224,4290,4517,4609,4644,4696,4837,5097,5216,5558,5571,5619,5794,5829,6083,6143,6846,7147,7155,7158,7171,7183,7281,7322,7403,7488,7519,7555,7658,7710,8028,8115,8241,8408,8614,8681,8713,8824,8852,8859,8943,9187,9348,9367,9434,9647,9714
20,225,347,357,374,420,1015,1302,1444,1654,1963,2239,2268,2361,2654,2690,2963,3016,3423,3554,3608,3680,3685,3732,3760,3772,3788,3864,4096,4097,4098,4100,4279,4331,4369,4395,4411,4537,4733,4903,4926,5046,5047,5114,5145,5290,5297,5326,5449,5618,5656,5663,5666,5667,5851,5852,6185,6239,6241,6349,6431,6604,6800,6837,7208,7332,7392,7563,7590,7591,7619,7878,7893,8170,8188,8191,8195,8242,8305,8564,8565,8581,8627,8750,9195,9460,9464,9558,10026
292,355,414,567,576,921,1090,1140,2799,3221,3235,3344,4022,4024,4028,4105,4230,4648,4890,4979,5076,6023,6030,6070,6680,6926,7229,7231,7389,7509,7644,7661,8112,8235,8260,8286,8326,8638,8720,8929,8999,9144,9466,9890,10093,10133
28,527,584,639,695,733,932,1088,1111,1160,1570,1840,1848,1928,1966,1982,2276,2417,2472,2487,2488,2530,2816,3169,3313,3405,3463,3713,3837,4145,4541,4565,4577,4627,4757,5139,5368,5542,5552,6407,6569,6708,6727,6732,6973,6988,7140,7186,7193,7205,7206,7349,7366,7486,7551,7592,7723,7759,7794,7967,8168,8199,8333,8342,8350,8419,8420,8486,8490,8530,8541,8542,8586,8731,8787,8881,8945,9139,9174,9438,9440,9465,9496,9527,9565,9706,9734,9739,9751,9763,9815,9862,9899,9902,9911,9938,9981,10052,10053,10077,10091,10092
154,364,524,1339,1403,1492,1507,1516,1548,2250,2571,2588,3005,3305,3511,3792,4006,4393,4455,4661,4955,4995,5335,5342,5808,5869,6213,6333,6540,6583,6642,6704,6822,7330,7807,8366,8825,9070,9313,9662,9942
32,36,1605,4083,4144,4152,4153,4154,4155,4156,4157,4547,4549,4552,4555,5929,8327,8515,9068,9550,9811,9823
9,92,161,336,367,416,440,445,475,528,618,689,692,740,770,904,1246,1300,1355,1400,1449,1565,2127,2159,2265,2305,2603,2638,2713,2714,2715,2753,2754,2755,2757,3353,3355,3359,3692,3845,3971,4512,4637,4642,4693,4892,5155,5533,5540,5812,6015,6117,6128,6189,6328,7071,7074,7117,7132,7648,7932,7936,8232,8365,8508,8537,8712,8753,8885,8957,9127,9137,9323,9544,9568,9601,9603,9613,9934,10099
126,181,190,215,229,360,398,438,471,521,577,630,729,906,966,972,1222,1223,1301,1409,1537,1542,1606,1625,1657,1687,1970,1971,1972,1973,1978,1985,1996,2002,2003,2005,2082,2132,2478,2523,2547,2575,2608,2623,2747,2769,2778,2817,2824,2861,2958,2973,2981,2986,3213,3354,3512,3513,3548,3561,3568,3727,3759,3787,3797,3814,3848,3870,4012,4033,4164,4187,4209,4278,4344,4461,4472,4494,4505,4575,4626,4715,4729,4857,4947,4961,4973,5029,5113,5239,5398,5399,5471,5532,5603,5631,5672,5709,5818,6097,6133,6180,6418,6419,6426,6523,6716,6883,6923,6950,7016,7175,7202,7585,7706,7717,7721,7758,7782,7852,7855,7858,8181,8239,8255,8298,8470,8796,8828,8927,9078,9286,9549,10029,10074,10163
57,108,118,246,322,337,409,432,473,494,498,529,655,755,822,823,827,842,847,850,869,877,883,993,999,1150,1155,1233,1324,1343,1437,1463,1573,1643,1707,1744,1758,1818,1870,1974,1976,1977,1980,2000,2009,2053,2196,2257,2286,2408,2458,2519,2522,2531,2532,2572,2579,2611,2640,2642,2711,2806,2829,2864,2907,2932,2999,3010,3119,3176,3232,3265,3281,3282,3448,3503,3516,3679,3816,3849,4135,4218,4252,4258,4293,4401,4499,4613,4618,4664,4681,4694,4699,4712,4805,4851,5117,5151,5177,5379,5385,5451,5522,5747,5781,5839,5863,5875,6102,6163,6206,6309,6406,6446,6563,6616,6678,6793,6949,6971,6981,7090,7374,7421,7425,7529,7575,7684,7760,7915,7923,7971,8094,8146,8337,8352,8370,8394,8446,8488,8555,8573,8716,8717,8806,8892,9138,9181,9194,9209,9218,9223,9234,9300,9361,9362,9383,9409,9414,9488,9599,9610,9637,9910,9972,9982,10064,10087,10095,10162,10167,10189
11,513,691,704,776,1164,1304,1797,1798,1942,1943,1956,2340,2383,2470,2517,2549,2634,2776,3012,3410,3411,3412,3413,3493,3500,3637,3670,3838,3841,4089,4124,4197,4228,4257,4272,4374,4391,4445,4886,4888,4889,4911,4984,4989,5262,5500,5514,5524,5544,5565,6130,6194,6226,6363,6374,6503,6726,6921,7009,7294,7404,7683,7767,7843,7859,7860,7894,7931,8151,8568,9117,9264,9428,9658,9770,9925
1,33,54,58,121,247,302,342,752,771,807,838,922,941,982,1376,1423,1488,1532,1645,1761,1799,1809,1811,1837,1841,1877,1887,1891,1897,1934,1954,1955,2182,2733,2915,3170,3171,3696,3995,4585,5134,5351,5468,5479,5643,5956,6246,6548,6568,6655,6771,6852,7211,7286,7445,7694,8357,8378,8431,8521,8754,8887,8964,8986,9043,9084,9087,9231,9344,9371,9387,9685,9687,9733,9781,9801,9868,10056,10109,10112
305,736,1124,1137,1515,1862,1880,2049,2104,2235,2448,2761,2905,3990,4219,4682,5094,5206,5336,5910,6172,6286,6475,6530,6674,6775,7494,7518,7606,7996,8138,8377,8888,8899,8990,9092,9151,9157,9219,9274,9363,9388,9904
146,327,649,816,887,1093,1136,1148,2187,2657,3139,3306,3373,3910,4040,4608,4800,5013,5063,5280,6084,6425,6557,6751,6853,6909,6978,7038,7189,7204,7475,7625,7643,7682,7703,7772,7940,8025,8039,8113,8119,8526,8540,8571,8975,9020,9180,9268,9340,9407,9476,9521,9532,9552,9980
