136,537,545,603,668,803,869,900,908,912,967,1044,1063,1217,1224,1280,1288,1293,1303,1483,1562,1564,1646,1695,1759,1774,1781,1801,1814,1845,1852,1879,1950,1984,2054,2066,2094,2100,2118,2158,2161,2196,2208,2231,2234,2372,2397,2416,2467,2485,2524,2530,2555,2626,2627,2663,2727,2733,2770,2771,2835,2839,2848,2871,2882,2888,2902,2938,2955,2975,2990,2994,3021,3090,3115,3136,3147,3176,3223,3227,3228,3243,3245,3256,3272,3278,3358,3418,3458,3459,3485,3498,3516,3549,3593,3608,3629,3657,3696,3712,3731,3739,3742,3744,3761,3784,3797,3802,3812,3822,3866,3883,3905,3934,3935,3963,3995,4002,4016,4070,4071,4122,4126,4139,4153,4191,4206,4227,4228,4232,4234,4259,4267,4315,4316,4325,4329,4356,4372,4382,4394,4401,4422,4437,4448,4454,4456,4473,4517,4518,4593,4624,4626,4633,4643,4660,4667,4679,4687,4726,4762,4763,4805,4808,4814,4825,4845,4881,4936,4942,4956,4966,4969,5002,5020,5031,5034,5040
281,333,359,408,410,451,474,531,638,659,670,703,704,725,732,757,766,779,817,820,826,842,844,849,897,913,914,930,941,953,986,1001,1070,1083,1093,1094,1098,1150,1158,1163,1186,1198,1215,1216,1227,1244,1253,1264,1270,1298,1299,1300,1331,1339,1340,1370,1376,1394,1413,1426,1433,1434,1442,1443,1479,1498,1545,1561,1572,1608,1614,1618,1619,1622,1624,1639,1661,1669,1672,1679,1681,1705,1737,1771,1783,1796,1808,1810,1834,1835,1839,1849,1857,1867,1887,1891,1917,1923,1926,1946,1961,1963,1977,1985,1992,2008,2029,2035,2040,2057,2063,2074,2082,2101,2114,2115,2144,2148,2162,2175,2182,2199,2219,2243,2264,2271,2280,2299,2314,2321,2343,2359,2367,2377,2378,2390,2395,2398,2400,2404,2410,2412,2413,2414,2428,2436,2437,2443,2445,2490,2498,2506,2507,2511,2516,2531,2537,2541,2545,2563,2570,2586,2589,2593,2648,2654,2655,2661,2698,2709,2715,2747,2778,2790,2796,2800,2809,2818,2821,2844,2845,2851,2860,2876,2878,2894,2905,2921,2949,2965,2966,3003,3057,3061,3067,3073,3076,3081,3095,3099,3119,3126,3127,3138,3143,3160,3162,3165,3171,3174,3185,3204,3236,3241,3250,3251,3258,3275,3283,3289,3295,3298,3306,3319,3348,3350,3366,3368,3371,3378,3381,3389,3393,3395,3398,3400,3403,3421,3428,3442,3447,3455,3463,3474,3502,3503,3512,3551,3591,3594,3605,3612,3619,3620,3622,3631,3650,3662,3670,3685,3737,3740,3756,3759,3785,3819,3834,3837,3869,3897,3918,3922,3939,3946,3948,3951,3961,3965,3974,3978,3991,4008,4069,4100,4112,4114,4120,4147,4155,4160,4165,4178,4189,4193,4198,4209,4235,4244,4283,4302,4305,4308,4347,4365,4383,4387,4393,4395,4402,4407,4418,4424,4436,4471,4483,4490,4492,4553,4557,4567,4578,4581,4583,4600,4636,4648,4650,4654,4677,4706,4734,4742,4745,4749,4753,4783,4786,4788,4789,4804,4806,4824,4829,4847,4858,4861,4887,4898,4902,4909,4913,4923,4930,4974,4975,4984,4986,4987,4998,5017,5021,5041
0,40,60,95,239,256,264,288,345,413,606,750,1034,1103,2272,2486,2499,2599,2797,3094,3288,3329,3575,4084,4599,4873
15,34,39,47,123,210,236,237,240,433,520,675,688,769,1145,1432,1536,1660,1702,2051,2113,2168,2687,3024,3269,3462,3541,3634,4690
105,142,179,221,251,307,320,399,421,463,490,539,570,738,834,850,957,990,1069,1194,1236,1308,1362,1515,1576,1678,1779,1986,2123,2612,2632,2742,2917,2927,2970,3195,3291,3344,3645,4649
177,324,364,377,404,409,457,534,543,555,565,579,593,595,625,627,671,680,706,715,718,764,773,781,795,796,827,852,904,965,975,979,987,994,1000,1003,1005,1007,1011,1014,1018,1019,1025,1033,1042,1043,1046,1054,1066,1079,1080,1084,1085,1108,1120,1151,1162,1170,1181,1192,1214,1274,1317,1319,1355,1361,1369,1379,1383,1391,1412,1416,1440,1457,1462,1499,1503,1558,1569,1603,1621,1644,1668,1682,1689,1694,1697,1710,1732,1751,1800,1806,1812,1822,1825,1836,1859,1865,1885,1929,1940,1949,1959,1966,1982,1983,2000,2090,2103,2106,2122,2127,2129,2147,2166,2169,2187,2195,2201,2209,2216,2221,2267,2277,2303,2315,2341,2344,2347,2353,2358,2383,2399,2463,2466,2484,2509,2513,2523,2525,2526,2533,2552,2554,2568,2584,2591,2597,2609,2638,2679,2691,2718,2719,2723,2728,2731,2739,2745,2767,2804,2827,2880,3002,3004,3027,3044,3053,3070,3072,3074,3168,3192,3193,3203,3239,3242,3292,3320,3328,3430,3443,3452,3481,3545,3567,3579,3588,3592,3613,3623,3646,3647,3683,3690,3710,3775,3778,3781,3783,3788,3811,3856,3884,3913,3916,3940,3944,3959,3994,4000,4013,4022,4105,4118,4249,4278,4319,4322,4328,4346,4392,4415,4419,4474,4493,4496,4516,4559,4571,4601,4631,4642,4656,4684,4692,4699,4743,4792,4850,4863,4905,4973,5016,5039
169,226,271,300,350,360,380,415,416,450,471,487,548,568,613,615,661,686,713,743,843,861,916,961,1036,1045,1110,1123,1135,1294,1399,1447,1570,1846,1904,1907,1938,1976,2766,2920,3255,3267,3427,3587,4004,4176
79,542,605,1009,1207,1389,1510,1543,1568,1578,1657,1762,1805,1939,2318,2449,2547,2603,2639,2736,2755,2843,2937,3055,3092,3100,3139,3300,3486,3497,3589,3599,3888,3999,4862,4935,4937
867,1269,1468,1752,1876,1925,1958,2016,2174,2285,2622,2768,2777,2825,2953,3352,3406,3425,3530,3577,3719,3727,3839,3952
9,16,18,21,24,33,38,49,51,64,82,104,106,108,110,114,115,127,130,140,145,153,163,178,195,202,213,285,301,302,303,309,341,346,351,378,379,390,482,501,610,629,647,805,810,829,864,989,1497,1708,1731,1815,1819,1878,1897,1957,1990,1998,2037,2061,2193,2424,2427,2447,2473,2579,2650,2651,2751,3373,3457,3751,3879,3930,3932,4128,4157,4285,4307,4778
91,93,156,182,198,304,323,328,335,338,349,412,472,473,480,494,503,516,726,876,1156,1178,1265,1295,1347,1517,1609,1628,1706,1863,2006,2009,2010,2047,2130,2183,2185,2190,2233,2241,2348,2373,2528,2685,2749,2913,3154,3248,3336,3408,3538,3723,3809,4162,4225,4377,4725
8,17,27,32,36,37,53,69,80,84,86,112,151,170,280,381,794,1334,1508,2105
1627,1861,2131,2275,2287,2291,2415,2430,2457,2567,2577,2695,2717,2725,2981,3889,3907,4250,4252,4324
322,361,648,742,787,949,969,1091,1124,1246,1407,2015,2095,2716,2816,2948,3089,3382,3528,4188,4222,4868,4928,4985
1,13,14,20,23,25,63,81,85,99,137,147,159,193,205,244,261,270,339,340,401,513,1277,1329,1555,1686,2049,2213,2232,2337,2561,2810,2952,2974,3346,3573,3891,4694,4747,4889
559,652,791,793,799,892,985,1146,1250,1276,1297,1305,1359,1419,1421,1481,1683,1692,1787,1841,1971,2056,2099,2142,2151,2155,2228,2306,2313,2340,2406,2462,2634,2676,2681,2831,2849,2939,2950,3046,3077,3118,3122,3130,3146,3277,3282,3324,3363,3563,3564,3578,3651,3691,3715,3796,3801,3896,3902,4048,4058,4113,4115,4184,4245,4310,4443,4477,4618,4673,4728,4893,4908,4957,4962,4980,4993
111,289,477,929,1211,1575,1590,1699,1716,1840,1872,1892,2317,2380,2448,2822,2887,3264,3280,3302,3467,3480,3570,3933,4421,4526,4668,4838
293,710,761,838,1209,1337,1548,1550,1764,1829,1854,2137,2629,2630,3025
59,100,190,192,211,212,282,292,305,313,318,355,395,405,418,460,483,515,527,587,592,644,666,690,705,739,753,776,790,806,848,859,901,981,992,1015,1057,1058,1106,1130,1172,1182,1268,1272,1332,1380,1461,1489,1549,1589,1640,1685,1703,1753,1826,1893,1910,1954,1964,2020,2033,2116,2156,2217,2269,2270,2281,2293,2305,2352,2441,2452,2557,2660,2678,2735,2784,2853,2856,2870,2989,3170,3386,3401,3424,3479,3484,3535,3735,3798,3862,3955,4014,4135,4146,4446,4455,4480,4523
5,10,11,42,44,48,52,62,65,75,83,92,98,102,103,109,171,176,197,204,227,235,248,249,332,389,481,495,498,499,522,523,526,812,840,857,898,948,1112,1127,1382,1459,1495,1693,1700,1761,1882,2518,2861,2864,3012,3208,3304,3482,3711,4062,4298,4819,4894
658,1408,1429,1506,1688,2146,2173,2535,2536,2605,2689,2763,2819,2928,2967,3144,3205,3384,3508,3653,3947,4288,4721
6,31,161,993,1190,1252,1789,2178,2458,2947,3461,3830,4096,4772
144,180,443,507,575,696,1365,2102,2405
396,506,1505,1523,2324,2521,2522,2881,3444,3794,3911,4398,4775,4835
233,234,549,617,932,1049,1260,1296,1321,1791,1921,1943,1987,2197,2263,2643,2701,2707,2713,3233,3640,3661,3681,3843,3980,4197,4205,4236,4265,4336,4598
19,73,152,316,352,426,464,533,775,887,1086,1101,1119,1169,1188,1191,1201,1228,1254,1313,1342,1346,1363,1385,1405,1417,1676,1824,1853,1883,2048,2079,2087,2135,2198,2295,2338,2339,2363,2494,2571,2823,2852,2873,2934,3080,3106,3183,3270,3335,3372,3522,3676,3774,4067,4214,4217,4574,4605,4820
121,148,272,524,736,841,2021,2181,2323,2559,2562,2865,2960,3124,3198,3284,3390,3988
664,772,780,814,906,973,997,1004,1245,1453,1604,1869,2086,2132,2211,2760,2863,3365,3540,3673,4369,4498,4897
7,125,175,228,276,277,362,392,403,423,509,624,720,792,839,902,945,1143,1284,1567,1642,1670,1747,1750,1913,2332,2512,2782,3177,4224,4449
446,551,557,733,846,995,1028,1131,1187,1375,1439,1525,1584,1691,1740,1965,2024,2121,2227,2868,2874,2929,3031,3164,3209,3220,3367,3449,3533,3616,3628,3656,3767,3803,3927,4068,4098,4313,4414,4595,4964
26,50,101,174,187,196,283,417,420,485,497,553,554,576,631,636,731,735,755,800,809,832,854,880,888,889,893,903,926,1027,1040,1056,1113,1114,1129,1132,1152,1160,1204,1241,1249,1273,1278,1279,1286,1290,1301,1335,1345,1352,1378,1415,1444,1452,1477,1488,1513,1518,1520,1529,1533,1538,1606,1610,1611,1612,1623,1630,1636,1638,1649,1650,1718,1719,1730,1735,1769,1776,1817,1873,1888,1896,1948,2004,2025,2069,2096,2117,2143,2244,2262,2345,2354,2417,2426,2431,2446,2455,2478,2487,2501,2560,2569,2582,2587,2604,2607,2610,2625,2641,2659,2664,2666,2672,2688,2699,2757,2762,2773,2783,2803,2808,2812,2830,2862,2879,2884,2890,2904,2908,2933,2945,2957,2969,2973,2986,2996,2998,3005,3026,3037,3039,3047,3058,3064,3065,3086,3157,3163,3178,3189,3194,3196,3202,3214,3222,3253,3259,3276,3303,3322,3332,3333,3340,3343,3345,3359,3387,3396,3410,3412,3414,3419,3441,3446,3469,3476,3490,3500,3510,3520,3521,3529,3544,3546,3572,3576,3581,3596,3618,3637,3639,3663,3671,3675,3693,3694,3722,3729,3754,3755,3760,3793,3835,3842,3850,3860,3890,3892,3894,3899,3912,3966,4026,4035,4038,4042,4049,4057,4061,4082,4088,4091,4125,4163,4167,4171,4190,4196,4221,4238,4257,4262,4266,4269,4272,4275,4287,4292,4311,4360,4384,4385,4386,4388,4397,4411,4432,4440,4543,4547,4549,4552,4572,4575,4597,4608,4610,4620,4638,4645,4662,4663,4664,4693,4723,4741,4765,4812,4839,4842,4848,4855,4864,4885,4922,4931,4948,5023,5026
363,366,434,662,747,786,856,910,983,1471,1701,2255,2532,2721,2991,3271,3413,3477,4563,4959
29,46,57,76,128,164,168,186,189,207,219,222,230,287,344,383,425,432,459,475,505,600,626,697,778,968,1002,1006,1067,1116,1238,1314,1343,1367,1528,1577,1667,1850,2334,2774,3110,3908,4254,4542,4895
45,267,619,724,1153,1213,1478,1534,1559,1725,1951,2109,2140,2222,2274,2963,3017,3117,3548,4458
66,622,634,649,722,746,762,785,872,947,1024,1097,1117,1149,1283,1292,1388,1492,1494,1516,1530,1532,1684,1717,1726,1794,1820,1909,1924,1991,1994,2046,2070,2075,2180,2225,2261,2279,2286,2316,2355,2470,2481,2496,2520,2598,2640,2668,2753,2828,2842,3261,3299,3376,3426,3454,3460,3507,3552,3553,3659,3695,3747,3875,4020,4036,4142,4226,4277,4326,4466,4710,4859,5012,5035
74,122,138,200,242,250,258,263,273,397,406,442,444,467,519,538,550,589,633,721,729,749,815,886,924,996,1020,1088,1099,1193,1251,1372,1431,1480,1542,1544,1597,1637,1724,1727,1775,1818,1927,1934,1955,2043,2085,2153,2172,2230,2550,2601,2602,2628,2631,2696,2711,2769,2798,2850,2893,2961,3356,3560,3600,4457,4569,4609,4738,4963
632,783,784,868,879,920,1140,1168,1281,1285,1411,1463,1605,1655,1714,1827,1884,1901,1903,2045,2067,2124,2290,2294,2351,2425,2474,2636,2700,2794,2837,2911,2930,3317,4535
203,232,407,424,547,674,695,702,768,830,922,939,942,1012,1076,1139,1154,1159,1161,1176,1180,1210,1287,1351,1404,1491,1509,1526,1551,1556,1687,1772,1773,1785,1811,1832,1886,1914,1936,2160,2207,2256,2283,2296,2297,2388,2392,2419,2553,2558,2600,2674,2697,2740,2814,2847,2885,3030,3033,3145,3167,3218,3263,3417,3436,3664,3665,4011,4075,4107,4108,4237,4255,4299,4512,4629,4782
393,588,639,693,694,712,845,1144,1147,1258,1425,1553,1848,1880,1974,2276,2309,2310,2312,2349,2356,2435,2460,2616,2669,2704,2720,2729,2897,3247,3287,3379,3407,3411,3453,3514,3566,3583,3734,3772,3776,3867,3924,4054,4085,4099,4106,4110,4111,4230,4344,4364,4390,4521,4561,4691,4731,4739,4817,4900,5030
157,672,711,807,855,899,918,1017,1075,1183,1199,1222,1350,1435,1539,1595,1641,1680,1696,1755,1766,1788,1838,1862,1935,1968,2023,2027,2053,2111,2120,2191,2192,2288,2304,2368,2788,2924,3018,3034,3052,3182,3216,3307,3323,3334,3402,3488,3606,3688,3764,3808,3956,3982,4053,4060,4078,4127,4132,4168,4187,4202,4210,4296,4426,4431,4503,4576,4623,4634,4709,4785,4949,4950
431,479,500,572,580,657,667,723,816,847,863,885,954,964,1073,1102,1136,1221,1243,1464,1467,1565,1770,1786,1905,2083,2258,2371,2393,2665,2943,2956,3585,4093
291,955,1833,2224,2420,2439,2492,2619,2649,2710,4532,4821,4882
1698,1757,1809,2038,2391,2422,2444,2712,2765,2826,2964,3667,3721,3792,3942,3997,4133,4442,4472,4558,4758
217,337,441,528,640,641,681,687,709,835,858,970,974,1068,1229,1230,1328,1400,2065,2265,2374,3191,3273,3330,3433,3536,3597,3632,3818,3872,3929,3986,4073,4134,4338,4342,4445,4460,4508,4509,4584,4716,4718,4941,5014
243,607,676,811,873,1184,1271,1315,1353,1403,1428,1500,1557,1807,1830,1931,1941,2084,2088,2218,2235,2247,2249,2289,2326,2652,2815,3075,3108,3141,3215,3305,3347,3351,3409,3517,3547,3556,3595,3611,3624,3648,3658,3669,3680,3686,3743,3782,3795,3845,3919,3983,4040,4041,4046,4354,4389,4433,4481,4530,4822,4833,4843,4967,5036
1973,2423,3038,3206,3466,3668,3840,3992,4109,4253,4318
741,2464,2686,2834,2946,3152,3310,3931,4072,4550,4562,4689,4708,4729,4760,4826,4904,4970,5001
371,402,429,447,449,456,458,478,486,514,530,535,569,821,828,935,1104,1586,2050,2157,2246,3104,3726,4907
422,673,822,1307,1371,1460,1535,1664,1798,1915,2030,2068,2176,2229,2237,2308,2401,2576,2624,2756,2854,2912,2954,3051,3088,3102,3114,3116,3120,3187,3225,3399,3448,3580,3687,3765,3838,3928,4044,4063,4104,4546,4827,4852,4857,4947,5038
199,206,223,564,602,608,616,643,940,966,1107,1133,1174,1203,1438,1450,1455,1490,1720,1847,1860,2001,2078,2177,2253,2382,2551,2588,2618,2724,2748,3019,3069,3397,3702,3800,3900,3937,4007,4012,4056,4094,4361,4434,4497,4539,4700,4813,4912,5009
306,801,952,976,1089,1200,1223,1256,1261,1420,1454,1474,1547,1652,1894,1895,1922,1960,2028,2214,2220,2360,2361,2408,2461,2477,2497,2515,2548,2645,2670,2743,2786,2857,2903,2916,3071,3078,3091,3097,3105,3266,3294,3312,3439,3487,3489,3494,3495,3554,3666,3697,3700,3701,3706,3717,3736,3745,3823,3893,3941,3962,3964,3996,4005,4052,4059,4150,4151,4156,4182,4211,4242,4251,4320,4335,4352,4378,4400,4423,4438,4513,4514,4525,4536,4545,4551,4594,4619,4625,4628,4641,4680,4685,4686,4707,4773,4793,4802,4846,4849,4865,4934,4983,5000,5006,5028
22,113,158,173,253,275,327,330,367,370,388,414,470,573,574,598,611,653,655,700,797,825,881,883,1010,1016,1072,1248,1323,1324,1398,1504,1713,1723,1790,1793,1799,1843,1933,1980,2013,2077,2119,2346,2375,2379,2418,2451,2468,2480,2514,2583,2613,2644,2680,2706,2741,2829,2892,2895,2914,3009,3048,3087,3101,3186,3232,3311,3318,3326,3504,3604,3655,3752,3852,3870,3903,3967,3970,4066,4121,4284,4468,4672,4781,4810
72,135,149,155,172,216,247,252,269,286,299,317,325,342,437,438,493,585,665,717,737,808,819,862,894,988,1060,1092,1141,1237,1304,1312,1318,1384,1765,1928,2772,2944,3111,3262,3281,3375,3465,3472,3483,4019,4047,4247,4537,4854
584,774,915,991,1064,1065,1078,1155,1219,1598,2245,2764,3603,4279
4,504,1782,2350,2775,3610,3643,3699,3766,3770,3790,3836,3923,4018,4024,4051,4103,4149,4174,4179,4181,4199,4200,4204,4274,4286,4289,4291,4323,4366,4416,4439,4451,4459,4479,4502,4519,4548,4554,4566,4585,4587,4591,4637,4675,4678,4688,4701,4702,4714,4715,4720,4732,4733,4736,4746,4748,4764,4767,4776,4777,4787,4794,4799,4800,4811,4815,4816,4818,4836,4837,4880,4883,4884,4890,4899,4911,4915,4924,4933,4938,4939,4940,4945,4946,4965,4972,4990,4992,4994,5042
1358,1486,1778,1797,2450,2572,2922,2962,3125,3181,3438,3569,3718,3779,3844,3861,3882,4123,4137,4223,4500,4555,4611,4712,4878,4927,4953,5008,5011,5024
1262,1414,1741,2370,2574,3043,3062,3219,3388,3562,3914,3998,4092,4306,4412,4564,4621,4853,4856
150,214,310,376,558,596,656,678,679,824,866,1437,1582,1656,2529,3353,4333,4362,4469,4524,4844
294,331,571,660,707,875,934,944,963,1029,1100,1121,1202,1540,1651,1768,1902,2026,2104,2403,2500,2566,2780,2869,3050,3416,3614,3777,4010
295,685,890,946,960,1038,1052,1387,1473,1659,1715,1780,1856,2071,2194,2239,2331,2429,2534,2692,2900,2999,3149,3180,3357,3431,3679,3738,3813,3874,4015,4032,4208,4256,4330,4353,4612,4851,4869,4888,5032
116,257,290,296,326,391,508,577,578,604,618,663,669,683,684,689,734,851,909,911,917,937,962,1022,1090,1125,1137,1177,1185,1197,1212,1220,1263,1289,1302,1348,1356,1357,1366,1368,1373,1390,1401,1423,1436,1448,1465,1501,1507,1522,1573,1579,1592,1594,1620,1629,1643,1645,1663,1665,1673,1674,1690,1707,1728,1729,1743,1748,1758,1804,1866,1868,1870,1874,1875,1898,1906,1908,1919,1930,1937,1945,1956,1969,1970,1975,1978,1979,1993,2002,2003,2005,2014,2017,2019,2022,2034,2042,2072,2076,2080,2091,2092,2136,2138,2139,2141,2149,2184,2202,2204,2212,2250,2259,2260,2266,2302,2319,2327,2330,2335,2342,2362,2366,2369,2376,2381,2384,2407,2411,2421,2434,2442,2459,2482,2504,2519,2538,2542,2549,2564,2580,2590,2592,2595,2596,2606,2611,2614,2635,2646,2653,2657,2675,2690,2694,2737,2744,2752,2754,2758,2759,2761,2779,2781,2799,2802,2805,2806,2811,2813,2824,2840,2866,2872,2877,2886,2896,2906,2907,2909,2977,2987,2992,2997,3015,3016,3020,3022,3029,3042,3045,3054,3059,3060,3063,3066,3068,3082,3096,3107,3132,3142,3150,3155,3159,3175,3179,3184,3207,3221,3229,3231,3238,3246,3249,3279,3308,3314,3315,3321,3327,3338,3342,3349,3355,3362,3364,3383,3391,3405,3422,3429,3437,3440,3456,3499,3501,3511,3513,3515,3518,3534,3550,3557,3565,3568,3571,3574,3582,3584,3586,3607,3625,3627,3633,3635,3636,3638,3641,3677,3707,3713,3714,3725,3732,3733,3771,3780,3789,3791,3806,3831,3832,3847,3849,3851,3859,3864,3871,3876,3881,3906,3936,3938,3943,3953,3957,3960,3968,3971,3973,3976,3979,3989,3993,4006,4028,4029,4031,4039,4043,4050,4055,4076,4077,4087,4097,4101,4116,4119,4130,4140,4144,4154,4161,4170,4186,4192,4194,4201,4212,4215,4216,4219,4231,4233,4243,4246,4260,4261,4268,4270,4271,4290,4303,4309,4312,4343,4348,4349,4351,4355,4357,4358,4363,4368,4370,4375,4376,4379,4381,4403,4405,4417,4420,4425,4428,4435,4450,4453,4461,4463,4464,4476,4478,4482,4484,4491,4495,4504,4531,4540,4570,4577,4579,4580,4588,4590,4592,4606,4614,4615,4617,4630,4635,4640,4644,4647,4651,4652,4659,4665,4666,4669,4682,4683,4696,4697,4713,4724,4735,4737,4740,4754,4756,4761,4771,4780,4796,4809,4823,4831,4832,4834,4840,4870,4874,4875,4877,4879,4891,4901,4903,4916,4920,4921,4925,4929,4943,4952,4955,4958,4961,4981,4988,4995,4997,5003,5013,5018,5022,5027
246,329,386,439,468,525,581,745,928,1325,1393,1502,1519,1704,1777,1802,2311,2329,2456,2575,2732,2925,2932,3450,3854,4124,4173,4207,4489,4755,4798,4919,4968,4999,5033
54,387,692,699,895,972,1039,1051,1082,1138,1205,1571,1591,1647,1749,2152,2926,3128,3762,3873,4396,4674
183,220,224,225,347,354,365,398,461,546,552,591,599,609,630,716,759,831,884,921,980,984,1032,1134,1166,1225,1469,1484,1493,1560,1593,1634,1658,1754,1795,2093,2240,2320,2483,2673,3123,3137,3217,3464,3649,3703,3750,4045,4131,4345,4409,4487,4768,4841
770,998,1257,1291,1531,1916,2336,2677,3654
129,208,891,2647,2793,3265,3286,3709,4065,4169,4177,4371,4971
356,452,465,532,1096,1126,1164,1167,1196,1240,1242,1247,1354,1392,1449,1554,1653,1677,1763,1821,1828,1844,1962,2060,2163,2186,2242,2252,2364,2440,2488,2510,2546,2662,2671,2776,2787,2789,2807,2951,2985,3098,3103,3112,3113,3131,3133,3158,3166,3199,3200,3309,3341,3369,3377,3471,3559,3626,3704,3716,3730,3799,3826,3865,3898,3915,4138,4148,4213,4229,4258,4280,4341,4410,4413,4447,4475,4485,4510,4527,4534,4541,4658,4681,4703,4711,4770,4774,4790,4807,4828,4872,4906,4910,4991,5019,5029
650,896,1031,1521,1607,1626,1760,2517,3188,4143,4399,4470
160,368,1409,1631,1803,2018,2396,2923
536,677,813,836,919,943,1059,1081,1105,1195,1255,1266,1282,1446,1613,1617,1648,1709,1744,1756,1823,1899,1942,1944,1999,2007,2031,2039,2059,2062,2089,2145,2171,2179,2205,2248,2278,2365,2386,2389,2402,2476,2495,2556,2594,2658,2730,2746,2792,2795,2832,2859,2915,2919,2935,2959,2982,2984,3001,3007,3083,3121,3135,3201,3224,3226,3235,3237,3244,3257,3268,3285,3392,3404,3434,3435,3475,3491,3519,3523,3555,3558,3590,3615,3621,3644,3652,3678,3682,3684,3689,3692,3705,3728,3749,3758,3763,3773,3787,3804,3815,3820,3824,3827,3857,3858,3877,3901,3949,3975,3977,3987,4027,4074,4086,4089,4145,4166,4183,4203,4220,4240,4263,4264,4273,4293,4295,4300,4327,4331,4374,4391,4404,4406,4408,4427,4430,4441,4444,4488,4494,4499,4505,4528,4544,4560,4589,4604,4607,4661,4705,4717,4769,4803,4867,4892,4896,4918,4977,4979,4989,5007,5010,5015,5037
430,560,860,931,982,1322,1445,1546,1580,1596,1616,1745,1932,2133,2565,2623,2633,2722,2785,2942,3023,3056,3331,3370,3537,3817,3917,3921,3990,4003,4083,4180,4297,4317,4429,4568,4646,4751,4795,4797
229,231,259,445,455,491,502,621,628,730,740,878,1026,1041,1189,1360,1441,1472,1537,1563,1601,1675,1767,2112,2471,2750,2836,2979,3140,3506,3814,4017,4976
336,760,1831,2454,3013,3296,3374,4141,4282
274,284,343,375,435,476,517,562,566,594,646,754,782,936,950,1233,1310,1311,1466,1511,1552,1574,1581,1736,1746,1816,1864,1997,2238,2527,2573,2858,2976,3008,3079,3134,3325,3698,3748,3878,4175,4314,4522,4538,4860,4944
798,1349,1377,1386,2052,3014,3825,4021,4704,4871
41,43,56,67,119,238,298,334,353,374,583,744,1095,1111,1588,1632,1947,2188,2254
279,427,440,544,635,642,645,701,727,748,771,823,874,923,977,978,1030,1047,1087,1165,1173,1175,1226,1234,1259,1267,1275,1306,1341,1381,1396,1397,1406,1410,1418,1430,1485,1583,1585,1587,1599,1633,1654,1666,1671,1734,1842,1889,1918,1967,1996,2032,2064,2097,2107,2108,2125,2128,2150,2159,2165,2167,2170,2203,2210,2215,2251,2257,2268,2273,2284,2298,2325,2328,2357,2394,2409,2432,2433,2475,2489,2491,2503,2505,2540,2543,2578,2585,2608,2615,2620,2621,2637,2642,2684,2693,2708,2791,2801,2817,2833,2841,2846,2867,2875,2918,2931,2936,2941,2958,2972,2980,3000,3006,3035,3041,3049,3084,3085,3093,3151,3153,3161,3169,3173,3197,3213,3230,3234,3240,3254,3260,3290,3293,3301,3313,3339,3380,3394,3445,3451,3505,3524,3525,3531,3542,3602,3617,3660,3708,3741,3753,3805,3807,3810,3829,3833,3841,3853,3855,3868,3885,3895,3909,3910,3920,3925,3926,3945,3985,4023,4030,4037,4081,4095,4117,4129,4136,4158,4172,4218,4281,4294,4321,4332,4337,4367,4452,4465,4486,4501,4507,4511,4515,4520,4533,4573,4596,4613,4622,4639,4653,4670,4671,4719,4722,4727,4750,4759,4766,4784,4791,4801,4866,4886,4932,4954,4978,4982,4996,5005,5025
58,68,89,143,146,201,315,357,454,511,521,556,563,714,1008,1235,1333,1395,1635,1881,3109,3757,4164
28,120,133,958,1013,1053,1074,1232,1482,1871,1900,3981
35,55,78,87,107,118,188,241,262,266,369,419,448,518,582,586,597,708,752,756,765,789,837,870,927,971,1316,1326,1470,1527,1602,1733,1738,1912,2044,2110,2301,3010,4752
3,77,97,691,1128,1142,1475,1496,1615,1981,3526,3672
254,255,382,400,411,877,905,907,1071,1231,1320,1600,1711,1722,1851,1855,2011,2126,2333,2465,2682,2705,2738,2891,2898,2901,2968,3156,3210,3420,3492,3848,4239,4241
218,319,612,623,804,1739,2236,3129,3360,3473,3816,3958
70,131,134,1218,1427,1662,1792,2282,2385,2617,2940,3032,3468,4350,4616
88,185,510,614,682,777,959,1077,2036
1451,2189,4695
96,117,165,265,278,311,373,385,489,1023,1035,1048,1061,1330,1458,1514,1541,1920,2058,2154,2223,2656,2702,2726,2734,2899,2988,2995,3172,3190,3274,3415,3509,3532,3768,3786,3904,3950,4152,4195,4304,4467,4529,4582,4602,4603,4627,4632,4655,4876,4914,4917,4926
802,818,833,1050,1118,1239,2164,2508,2544,2910,2983,3028,3543,3880,4090
436,567,719,1148,1566,1742,2134,2292,2539,2714,2883,2993,3316,3361,3496,3674,3720,3746,3984,4301,4334,4462,4565,4730,4744,4830,4960
194,215,348,561,698,728,1171,1338,1344,1813,2493,2971,3148
2,12,30,260,314,484,590,1179,1422,1487,1721,2012,2438,3354,3493,3630,3863,3972,4080,4339
90,132,191,466,496,1062,1424,1877,1972,4064,4676
166,469,999,1109,1115,1402,1476,1712,1837,1988,3036,3385,3527,3601,4276
141,394,462,512,540,788,933,956,1037,1157,1206,2055,2206,2322,2683,2703,3212,3297,3478,3846,4102,4556
492,1208,1364,1374,1911,1952,2300,2667,2838,4033,5004
139,154,162,181,184,209,312,358,384,529,541,651,767,865,2479,3011,3539
71,94,124,126,167,245,268,321,372,428,488,601,620,637,654,758,763,871,882,1122,1309,1336,1456,1858,1995,2200,2226,2453,2581,2820,2889,3252,3423,3432,3598,4009,4185,4248,4373,4380,4657,4779
2387,2469,2502,2855,3040,3886,3887,4001,4159,4586,4951
308,925,938,951,1055,1327,1512,1625,1784,1890,1953,2041,2098,2307,2978,3337,3470,3561,3609,3642,3769,3828,4034,4079,4340,4359,4506,4698,4757
61,297,453,751,853,1021,1524,1989,2073,2081,2472,3211,3724,3821,3954,3969,4025
