278,416,561,722,726,835,888,1053,1064,1073,1137,1173,1754,2107,2134,2219,2343,2398,2463,2848,2932,2937,3209,3214,3523,3700,3983,3984,4119,4133,4340,4383,4790,4817,4842,4910,5099,5144,5172,5343,5628,5672,5721,5896,5909,5918,5972,6033,6198,6223,6228,6232,6303,6383,6596,6634,6667,6677,6699,6724,6840,6920,6987,7148,7156,7226,7314,7361,7496,7704,7712,7728,7819,8091,8148,8174,8378,8433,8502,8603,8935,8977,8978,9379,9655,9894,10099
447,498,682,844,848,849,851,861,891,932,948,949,1139,1164,1246,1615,1729,1734,1807,1994,2040,2075,2085,2250,2311,2313,2339,2344,2548,2705,2707,2827,2890,2962,3146,3167,3393,3434,3458,3635,3636,3992,4038,4039,4040,4057,4060,4061,4375,4642,4746,5069,5071,5073,5076,5169,5225,5229,5241,5432,5743,5947,5978,6075,6085,6103,6351,6549,6580,6590,6629,6825,6905,6914,6991,7058,7320,7389,7471,7473,7525,7532,7570,7573,7695,7698,7849,7976,8029,8045,8057,8059,8062,8099,8105,8185,8202,8522,8604,8644,8740,8859,9092,9184,9374,9406,10157
7139,8843
520,1311,2015,2351,3010,3121,3748,5347,6589,9006
5642
150,413,502,989,1153,1330,1437,1596,1623,1747,1817,1975,2032,2637,2738,2860,2867,3161,3162,3261,3276,3315,3360,4185,4324,4391,4661,4665,5361,5597,5608,5853,6157,6277,6278,7016,7319,7758,7923,8015,8142,8478,8544,9352,9670,9697,9832,9849,9880
787,1117,1130,1479,2152,2994,3327,6603,8048,8145
1390,4667
343,367,423,462,923,955,1071,1133,1167,1447,1509,1634,1703,1712,1796,1806,2054,2055,2477,2854,3201,3435,3461,3471,3639,3713,3741,4011,4052,4070,4146,4412,4680,4748,5121,6298,6414,6675,6682,7204,7425,8156,8988,9548,9653,9854
831,1727,2388,4606,6472
986,1971,1976,2004,2323,2445,2847,3072,3466,4115,4881,4907,5044,5054,5272,5634,7069,7383,7835,7843,7944,8164,8555,8812,8980,9281,9614
38,155,186,285,474,569,574,841,917,971,1171,1302,1333,1342,1344,1356,1368,1444,1506,1716,1748,1808,1906,1918,1939,1942,1997,2080,2121,2212,2213,2292,2314,2516,2517,2538,2539,2625,2724,2918,2971,3012,3166,3185,3227,3271,3414,3478,3577,3579,3595,3753,3825,3929,4283,4449,4513,4711,4730,4828,4861,4875,5009,5548,5675,5683,5802,5828,5920,6160,6218,6259,6327,6711,6721,6849,6980,7090,7115,7392,7438,7465,7806,7830,8071,8118,8125,8181,8189,8194,8424,8434,8715,8753,8769,8770,8791,8802,8836,8867,8871,8992,9124,9258,9273,9356,9448,9501,9699,9705,9759,9965,10038,10181
50,106,161,184,244,248,348,420,519,580,821,840,1109,1192,1282,1335,1337,1455,1746,1749,2084,2466,2532,2533,2741,2769,2791,2888,3099,3157,3158,3453,3714,3717,4622,5070,5135,5167,5381,5511,5703,5781,5800,5956,6016,6643,6723,6730,6962,7176,7398,7431,8054,8114,8190,8332,8388,8514,8830,8979,8991,9001,9158,9413,9590,9634,9636,9702,9891,9997,10025,10162
24,183,1326,1370,1400,1679,1847,2359,3745,3864,6889,8157,8625,9519,9819
566,839,1000,1557,1794,1795,3005,3368,3788,3789,9381
2030,3080,3232,5874,6404,7569,8086,9851
257,289,346,371,410,521,596,764,828,845,968,1002,1003,1115,1433,1600,1633,1638,1671,1715,1732,1996,2117,2123,2131,2158,2193,2353,2416,2473,2488,2498,2507,2520,2596,2616,2736,2833,2857,2924,3020,3040,3069,3145,3155,3234,3243,3403,3447,3462,3504,3538,3726,4058,4062,4093,4209,4213,4407,4444,4763,4867,5011,5016,5091,5103,5249,5466,5611,5722,5775,5871,6077,6094,6116,6242,6324,6496,6544,6548,6584,6587,6610,6633,6787,6855,7013,7590,7603,7633,7839,7878,7973,7986,8251,8814,8899,8904,8927,9002,9293,9347,9401,9470,9495,9555,9732,9737,9806,9837,10079,10163
172,329,332,2350,3422,3689,4259,4613,5666,8550,8693,8808,8846,8936,9174,10133
6280
7644,8072,9625
251,281,355,421,475,522,639,832,833,836,868,991,992,993,1011,1035,1140,1155,1162,1304,1618,1797,1798,1799,1926,2105,2204,2206,2564,2641,2797,3073,3325,3329,3389,3472,3541,3667,3746,4071,4160,4404,4496,4640,4649,4778,4855,5049,5420,5776,6158,6260,6556,6656,6688,6751,6823,6826,7080,7225,7390,7490,7503,7517,7586,7947,7952,8011,8019,8103,8204,8483,8549,8998,9003,9224,9398,10153
35,131,445,1077,1225,1736,2155,2572,2746,3645,3678,3790,4269,5362,5790,6078,6426,6494,7126,7833,7922,8817,8853,9026,9042,9101,9270,9275,9463,10064,10179
130,148,163,206,320,391,495,791,904,960,1013,1041,1362,1585,1612,1662,1784,1785,1880,1981,2023,2063,2098,2331,2375,2541,2573,2669,2692,2727,2802,3018,3213,3260,3336,3508,3568,3608,3617,3737,3802,3871,3912,3966,4793,5078,5319,5334,5492,5589,5709,6012,6159,6174,6367,6370,6428,6437,6517,6565,6651,6803,6897,6918,6961,6975,6986,7009,7031,7783,7799,7831,7853,8094,8665,8748,8768,8771,8823,8877,8886,9004,9069,9121,9123,9246,9286,9331,9372,9500,9502,9561,9638,9774,9798,9899,9990,10059,10066,10095
144,859,867,990,1170,1253,1406,2472,3273,5029,5175,6671,6690,6740,7044,7364,7482,8089
19,41,49,77,97,135,259,266,272,321,369,386,606,740,746,850,889,915,963,972,998,1232,1240,1275,1327,1448,1451,1531,1620,1686,1699,1700,1741,1775,1953,2018,2034,2053,2130,2139,2181,2207,2227,2228,2492,2593,2628,2719,2722,2760,2800,2801,2818,2949,3049,3059,3117,3125,3131,3170,3198,3226,3311,3338,3418,3452,3528,3539,3558,3657,3662,3730,3762,3784,3826,3867,3894,4033,4074,4131,4151,4218,4233,4238,4318,4374,4505,4507,4593,4657,4678,4795,4823,4912,4947,4972,4987,5068,5125,5239,5313,5327,5333,5339,5357,5409,5510,5513,5519,5534,5578,5710,5766,5778,5795,5823,5826,5921,5971,5987,6013,6207,6271,6320,6322,6360,6369,6381,6454,6558,6585,6628,6692,6748,6872,6881,7011,7055,7143,7474,7547,7614,7629,7706,7855,7913,7993,8215,8220,8259,8288,8402,8417,8438,8454,8705,8706,8763,8785,8852,8905,8933,9000,9058,9066,9145,9153,9196,9217,9419,9443,9546,9551,9564,9615,9672,9675,9707,9769,9794,9836,9858,9865,9889,9954,10016,10039,10042,10049,10063,10111
2842,5533
27,261,344,496,515,587,772,940,967,974,1177,1229,1488,1490,1743,2119,2220,2224,2693,2710,2712,2796,3377,3675,3693,3712,3814,4086,4258,4353,4475,4585,4797,4868,4995,5479,5724,5843,5888,5952,6206,6252,6593,6679,6797,6946,6993,7078,7134,7372,7445,8207,8632,8758,8764,8955,8959,8973,9040,9147,9212,9225,9357,9358,9370,9442,9550,9559,9635,9656,9703,9784,9893,9962,10006
1236,1631,1707,3526,5122,5413,8271,8956,8996,9612
15,3692
14,93,104,158,232,247,249,274,305,307,318,449,482,487,548,558,602,656,662,685,712,762,883,897,953,987,988,1026,1065,1085,1089,1100,1102,1112,1188,1233,1274,1284,1289,1360,1379,1388,1418,1430,1436,1476,1477,1489,1508,1514,1522,1528,1553,1583,1630,1644,1646,1702,1735,1742,1745,1753,1761,1877,1937,1980,1986,1990,1992,1999,2001,2003,2005,2006,2007,2008,2010,2012,2013,2046,2120,2153,2173,2182,2209,2226,2358,2384,2387,2404,2417,2418,2427,2432,2449,2458,2482,2514,2515,2528,2534,2552,2555,2589,2600,2605,2618,2624,2660,2694,2733,2740,2807,2874,2927,2959,2969,3028,3038,3047,3075,3123,3177,3190,3193,3202,3215,3223,3245,3263,3301,3303,3319,3332,3367,3373,3376,3437,3438,3441,3511,3548,3583,3586,3589,3627,3644,3682,3799,3807,3839,3880,3899,3975,3976,3991,4130,4142,4196,4204,4234,4287,4301,4402,4423,4433,4460,4487,4508,4548,4556,4563,4627,4629,4639,4668,4669,4687,4690,4694,4719,4720,4725,4779,4859,4871,4886,4918,4922,4952,4963,4969,4990,5035,5055,5060,5088,5112,5131,5168,5171,5184,5198,5215,5227,5259,5273,5274,5318,5328,5424,5452,5461,5493,5558,5585,5586,5618,5625,5631,5640,5651,5704,5715,5725,5748,5763,5782,5815,5822,5832,5833,5873,6020,6034,6054,6057,6066,6083,6097,6099,6113,6124,6156,6170,6177,6201,6215,6216,6256,6269,6273,6283,6291,6318,6397,6415,6425,6434,6465,6470,6480,6528,6529,6571,6578,6594,6630,6642,6655,6683,6696,6697,6714,6733,6737,6738,6766,6790,6798,6839,6846,6883,6913,6928,6947,7006,7038,7084,7094,7114,7138,7159,7189,7220,7221,7235,7281,7285,7302,7338,7347,7354,7371,7384,7417,7428,7467,7476,7480,7507,7518,7526,7542,7545,7582,7612,7617,7637,7665,7671,7686,7708,7717,7738,7740,7750,7757,7767,7777,7794,7823,7837,7847,7856,7894,7908,7967,7988,8034,8098,8108,8119,8126,8130,8151,8182,8206,8219,8222,8267,8279,8315,8339,8349,8370,8377,8390,8435,8455,8462,8489,8562,8580,8595,8618,8629,8664,8728,8731,8759,8800,8815,8841,8851,8875,8942,8975,9013,9033,9050,9104,9146,9167,9179,9189,9192,9205,9234,9266,9296,9311,9322,9345,9424,9467,9499,9518,9543,9552,9553,9581,9600,9620,9652,9688,9723,9743,9775,9800,9843,9857,9861,9882,9897,9909,9929,9967,9983,9986,10041,10089,10100,10101,10149,10151,10196
822,1252,1463,1549,3400,3448,4546,4631,4643,5700,6583,6802,6923,7987,9930,10026,10135
18,108,132,271,286,306,324,363,392,414,422,432,472,483,488,505,567,617,692,696,730,751,797,886,919,928,956,995,1007,1062,1145,1157,1178,1187,1267,1270,1278,1283,1322,1324,1346,1375,1422,1426,1520,1525,1546,1551,1552,1609,1659,1664,1708,1752,1756,1851,1867,1974,2024,2087,2178,2192,2211,2278,2282,2309,2338,2455,2481,2509,2510,2577,2604,2638,2675,2708,2731,2749,2779,2780,2799,2814,2835,2865,2896,2906,2910,2968,3081,3097,3098,3119,3169,3197,3221,3235,3240,3242,3247,3347,3417,3469,3470,3625,3686,3688,3715,3732,3749,3768,3908,3910,3913,3917,3977,4024,4027,4083,4182,4203,4226,4319,4372,4499,4500,4506,4526,4580,4592,4635,4718,4740,4751,4788,4796,4826,4930,4948,5040,5092,5178,5236,5289,5336,5338,5373,5389,5473,5483,5582,5599,5811,5829,5830,5870,5893,5905,5974,6117,6343,6371,6399,6429,6466,6531,6626,6710,6754,6902,6942,6978,7045,7108,7132,7165,7232,7388,7548,7608,7809,7880,7903,8240,8257,8283,8508,8743,8901,8952,8989,8999,9071,9094,9269,9279,9288,9346,9596,9628,9731,9755,9840,9842,9876,9886,9898,9976,10010,10164
5,44,224,364,458,661,1004,1010,1226,1256,1257,1417,1673,1776,1902,2059,2073,2203,2277,2783,2806,2831,2965,3051,3402,3499,3685,4467,4539,5831,6011,6067,6110,6128,6162,6219,6508,6650,7775,9300,9528,9544,9592,9904
5460,9323
1122,1478,2342,3100,4069,4490,4535,7598,8146
170,277,365,370,468,860,1126,1254,1255,1800,2223,2522,3052,3454,3455,3525,3738,3996,4022,4219,4491,4648,4979,4980,5059,5425,5747,5827,6182,6349,6560,6563,6637,6910,7230,7266,7524,7802,7879,8063,8100,8109,8112,8168,8235,8321,8605,9382,9405,9431,9466,9602,9674,9951,10121
1108,2684
1,62,73,101,109,182,219,227,229,250,366,398,583,630,706,794,876,1029,1060,1152,1363,1432,1435,1445,1454,1457,1545,1556,1565,1684,1820,1871,1914,1941,1946,2050,2072,2122,2186,2235,2238,2246,2315,2484,2508,2595,2698,2798,2852,2998,3032,3056,3120,3142,3229,3282,3344,3387,3500,3599,3620,3668,3759,3823,3852,3862,3932,3958,4044,4161,4239,4288,4321,4364,4386,4483,4567,4589,4607,4702,4734,4762,4767,4768,4836,4846,4936,5039,5065,5155,5278,5281,5332,5423,5467,5468,5487,5515,5540,5543,5555,5574,5706,5708,5752,5904,6087,6238,6240,6387,6422,6459,6509,6540,6564,6616,6639,6664,6863,6963,6976,7273,7339,7415,7443,7448,7460,7546,7596,7609,7628,7672,7703,7899,7948,8155,8201,8245,8410,8470,8471,8512,8513,8521,8586,8656,8735,8749,8787,8870,8873,8880,8908,8918,8925,9020,9030,9044,9060,9107,9128,9188,9203,9208,9216,9219,9248,9314,9328,9368,9438,9450,9461,9476,9483,9486,9488,9489,9512,9527,9529,9558,9624,9629,9641,9645,9660,9708,9718,9729,9734,9810,9896,9970,9978,10051,10078,10189
395,766,2132,2215,5927,6761,6804,7504,7700
31,220,240,381,570,673,1149,1189,1599,1755,2376,2863,2905,2956,3149,3152,3337,3516,3521,3892,4041,4267,5442,5861,5982,6070,6468,7278,7662,8050,8539,8909,10137
412,1475,4049,4381,6762,7099
43,54,58,59,61,63,67,76,87,95,99,123,160,165,168,177,190,195,202,213,217,226,258,264,269,280,316,319,338,345,353,368,374,382,396,417,419,426,428,441,454,460,479,484,491,501,523,538,555,581,588,599,600,610,647,649,655,667,680,684,693,697,702,707,715,724,738,754,756,773,774,780,799,805,806,818,823,826,837,838,906,912,920,924,925,943,950,978,996,1012,1018,1021,1031,1059,1134,1154,1174,1195,1196,1197,1212,1220,1231,1247,1262,1308,1316,1318,1321,1382,1405,1411,1431,1438,1440,1442,1443,1452,1461,1462,1469,1484,1492,1495,1498,1519,1539,1547,1566,1570,1575,1580,1581,1590,1626,1641,1643,1648,1649,1670,1678,1682,1697,1718,1731,1757,1759,1765,1766,1767,1770,1771,1787,1809,1818,1823,1837,1844,1854,1866,1891,1893,1905,1948,1956,1957,1958,1960,1961,1967,1983,1995,2016,2031,2057,2108,2112,2116,2133,2136,2145,2162,2169,2170,2205,2218,2251,2266,2271,2287,2297,2298,2306,2316,2317,2333,2336,2341,2347,2365,2390,2391,2399,2421,2434,2437,2440,2444,2461,2474,2491,2493,2496,2506,2519,2551,2575,2583,2584,2590,2594,2597,2611,2626,2634,2635,2652,2671,2678,2679,2680,2720,2721,2726,2730,2732,2739,2742,2744,2765,2774,2795,2805,2822,2824,2825,2826,2832,2881,2891,2897,2920,2926,2936,2945,2950,2954,2963,2974,2983,2990,2996,3019,3037,3050,3064,3090,3111,3124,3129,3137,3182,3217,3220,3224,3238,3251,3269,3280,3281,3287,3291,3294,3298,3320,3335,3339,3352,3354,3361,3363,3366,3378,3379,3380,3381,3382,3383,3397,3428,3440,3446,3450,3457,3489,3494,3495,3509,3527,3540,3552,3553,3554,3559,3562,3578,3581,3584,3602,3603,3609,3610,3638,3646,3648,3677,3747,3765,3770,3771,3783,3793,3800,3813,3828,3829,3830,3837,3838,3861,3866,3878,3881,3885,3896,3903,3907,3936,3952,3959,3965,4001,4004,4016,4018,4030,4046,4054,4055,4072,4073,4087,4089,4098,4101,4105,4112,4113,4114,4129,4159,4186,4190,4193,4200,4205,4208,4217,4221,4227,4228,4257,4260,4265,4277,4278,4296,4351,4357,4360,4368,4370,4408,4416,4417,4430,4435,4439,4441,4451,4453,4455,4464,4472,4480,4492,4493,4509,4520,4525,4527,4532,4534,4536,4561,4586,4601,4609,4632,4704,4721,4733,4741,4743,4770,4782,4799,4801,4803,4834,4847,4856,4873,4874,4894,4896,4903,4915,4924,4938,4955,4966,4986,5003,5004,5006,5024,5043,5052,5056,5062,5074,5082,5087,5093,5097,5108,5114,5126,5159,5177,5200,5208,5220,5233,5237,5245,5261,5266,5267,5271,5275,5286,5304,5337,5342,5344,5346,5351,5359,5397,5401,5408,5412,5430,5437,5459,5478,5523,5526,5531,5535,5544,5552,5557,5583,5588,5590,5598,5602,5629,5632,5636,5639,5659,5660,5673,5678,5687,5690,5696,5698,5707,5713,5728,5731,5739,5755,5773,5787,5793,5798,5799,5813,5845,5846,5850,5855,5857,5862,5890,5894,5899,5916,5930,5935,5938,5953,5958,5962,5989,6001,6007,6041,6048,6051,6061,6071,6101,6102,6121,6138,6146,6150,6152,6188,6202,6230,6239,6247,6258,6279,6302,6310,6314,6323,6337,6353,6361,6363,6374,6382,6384,6388,6396,6402,6411,6421,6477,6493,6507,6518,6541,6545,6559,6569,6576,6586,6598,6636,6641,6646,6648,6658,6694,6701,6705,6712,6729,6742,6755,6763,6786,6789,6800,6806,6811,6822,6829,6831,6834,6848,6850,6856,6864,6865,6867,6871,6877,6879,6907,6960,6967,6968,6977,6984,6997,6999,7003,7005,7018,7025,7028,7037,7053,7060,7061,7072,7145,7146,7168,7214,7216,7256,7272,7279,7295,7321,7325,7337,7342,7344,7358,7393,7396,7407,7433,7440,7478,7479,7483,7484,7485,7499,7501,7511,7520,7531,7535,7536,7538,7543,7555,7556,7558,7568,7574,7597,7599,7626,7659,7677,7681,7692,7699,7721,7722,7726,7727,7730,7739,7744,7748,7793,7795,7796,7810,7812,7817,7826,7832,7867,7873,7876,7883,7884,7887,7921,7926,7929,7931,7951,7954,7961,7995,7999,8006,8008,8009,8020,8039,8055,8069,8104,8111,8132,8135,8154,8176,8191,8196,8209,8210,8212,8224,8225,8276,8281,8301,8329,8333,8352,8354,8414,8416,8425,8426,8447,8466,8474,8480,8494,8498,8506,8526,8529,8530,8554,8579,8594,8636,8647,8648,8661,8672,8708,8722,8733,8734,8773,8774,8784,8792,8794,8803,8804,8826,8831,8839,8850,8858,8862,8911,8913,8923,8937,8939,8940,8964,8972,8983,8985,9024,9029,9031,9045,9061,9067,9077,9099,9109,9117,9130,9133,9135,9137,9173,9176,9177,9191,9206,9221,9232,9239,9263,9282,9285,9291,9294,9302,9320,9329,9332,9355,9366,9383,9392,9394,9415,9422,9484,9531,9536,9569,9583,9593,9599,9622,9631,9640,9646,9649,9657,9668,9676,9680,9686,9694,9721,9730,9739,9747,9752,9754,9760,9761,9785,9807,9813,9828,9829,9831,9864,9925,9961,9975,9977,9980,9982,10004,10017,10032,10058,10067,10118,10131,10148,10188
3424
255,1912,2648,2941,3183,3423,3611,3694,3763,3951,5382,5730,5943,5973,6246,6455,6456,6503,6770,6859,6868,6969,8343,8493,9052,9079,9139,9517,9711,9742,9958,10092
7071
1094,1334,1548,2483,2630,4544,9299,9427
57,1978,2908,4332,7020,8928,10144
1101
466,725,731,1030,1595,2322,2436,2487,4268,8781,10187
10,13,20,53,92,141,176,197,215,242,341,342,403,618,689,729,744,842,853,862,926,984,1008,1098,1103,1143,1169,1175,1224,1269,1272,1280,1328,1354,1366,1449,1458,1464,1487,1544,1588,1589,1625,1705,1706,1725,1788,1805,1853,1860,1885,1929,1970,2081,2104,2111,2154,2214,2232,2305,2310,2650,2820,2872,2914,3066,3141,3349,3507,3513,3520,3607,3676,3722,3942,3968,4020,4045,4253,4254,4293,4304,4339,4427,4445,4494,4512,4524,4565,4569,4599,4684,4695,4749,4975,4991,5183,5216,5262,5299,5596,5807,5937,6018,6190,6211,6257,6265,6284,6420,6554,6713,6765,6782,6824,6896,6926,6927,6934,6948,7024,7125,7345,7414,7838,7914,8002,8066,8090,8626,8772,8962,8968,9108,9127,9141,9151,9425,9429,9475,9504,9574,9872,9883,9956,10096,10192
0,11,26,47,64,65,81,83,85,88,114,117,125,152,179,180,181,199,228,237,260,270,283,284,293,301,302,308,310,312,315,317,322,351,359,362,373,377,383,385,387,390,411,424,430,440,444,446,451,452,453,459,464,480,485,492,494,500,504,527,532,542,552,554,556,568,572,584,597,629,638,654,669,678,688,718,743,755,758,765,769,779,781,796,804,811,812,817,819,825,854,855,864,865,866,869,870,874,875,877,879,880,881,882,884,890,893,933,937,939,941,944,946,951,970,975,976,977,980,997,1009,1024,1076,1092,1096,1131,1158,1159,1163,1168,1172,1194,1203,1205,1210,1211,1214,1215,1216,1239,1243,1250,1260,1261,1271,1273,1293,1294,1295,1305,1315,1319,1323,1329,1332,1348,1358,1359,1394,1395,1396,1409,1410,1439,1472,1480,1485,1496,1504,1521,1536,1537,1542,1543,1550,1555,1561,1584,1591,1611,1616,1624,1639,1675,1676,1681,1696,1722,1723,1724,1726,1728,1730,1738,1764,1772,1786,1801,1802,1811,1815,1816,1825,1826,1827,1828,1829,1832,1833,1834,1839,1840,1841,1843,1845,1848,1850,1864,1865,1872,1875,1882,1883,1884,1886,1889,1892,1900,1913,1921,1927,1932,1936,1947,1969,1977,1982,1993,2029,2035,2037,2041,2042,2043,2047,2049,2056,2066,2070,2077,2082,2089,2090,2092,2100,2101,2110,2127,2128,2138,2161,2163,2164,2180,2185,2190,2191,2202,2230,2231,2236,2237,2240,2242,2243,2244,2247,2254,2255,2257,2259,2268,2275,2288,2290,2295,2296,2301,2307,2312,2318,2335,2362,2402,2403,2411,2412,2413,2422,2424,2425,2426,2429,2431,2441,2442,2443,2450,2480,2485,2504,2513,2518,2524,2526,2530,2540,2553,2561,2563,2567,2568,2571,2580,2581,2586,2608,2614,2621,2623,2631,2632,2653,2658,2663,2665,2667,2682,2689,2696,2701,2706,2711,2718,2725,2756,2776,2781,2784,2787,2803,2811,2812,2819,2830,2837,2845,2849,2855,2856,2861,2862,2870,2871,2873,2880,2886,2902,2907,2912,2913,2923,2933,2934,2939,2951,2953,2964,2972,2980,2984,2988,3009,3025,3033,3035,3036,3042,3053,3054,3061,3062,3070,3071,3077,3083,3084,3085,3088,3089,3108,3109,3110,3113,3118,3122,3126,3128,3132,3133,3134,3148,3164,3168,3171,3172,3173,3175,3179,3195,3199,3206,3207,3212,3216,3219,3233,3239,3241,3246,3255,3274,3278,3283,3300,3306,3307,3312,3314,3317,3321,3323,3324,3326,3330,3331,3334,3340,3351,3362,3364,3372,3385,3386,3388,3390,3391,3395,3396,3398,3409,3416,3419,3431,3433,3442,3443,3444,3449,3451,3463,3482,3483,3485,3490,3501,3505,3512,3532,3549,3551,3556,3561,3563,3569,3576,3587,3605,3618,3631,3632,3633,3640,3641,3642,3643,3649,3663,3666,3670,3671,3672,3673,3679,3681,3698,3706,3709,3719,3735,3744,3750,3751,3752,3755,3756,3757,3769,3772,3778,3792,3798,3804,3810,3815,3819,3820,3822,3824,3833,3834,3835,3836,3843,3845,3857,3865,3884,3887,3888,3889,3890,3891,3893,3895,3901,3902,3909,3918,3922,3937,3941,3956,3994,4019,4021,4025,4028,4031,4050,4053,4056,4063,4064,4067,4077,4110,4111,4118,4132,4135,4157,4158,4165,4168,4169,4173,4176,4181,4188,4189,4197,4201,4210,4211,4222,4223,4224,4232,4245,4246,4249,4252,4256,4261,4262,4264,4271,4273,4275,4280,4290,4291,4294,4299,4302,4310,4312,4313,4315,4317,4323,4325,4326,4327,4338,4343,4344,4346,4348,4354,4355,4359,4361,4378,4379,4389,4398,4401,4409,4411,4414,4437,4440,4447,4458,4465,4474,4481,4485,4486,4495,4498,4503,4504,4517,4523,4530,4542,4550,4551,4553,4557,4566,4576,4583,4584,4588,4596,4608,4611,4615,4623,4630,4636,4638,4641,4646,4652,4654,4658,4671,4672,4673,4676,4689,4691,4696,4703,4707,4709,4715,4717,4723,4724,4728,4731,4739,4747,4783,4792,4800,4811,4814,4815,4825,4851,4852,4853,4854,4865,4870,4872,4888,4891,4892,4895,4897,4898,4900,4913,4914,4916,4917,4921,4939,4944,4954,4957,4968,4974,4978,4985,5008,5018,5020,5021,5023,5030,5038,5046,5047,5053,5063,5066,5083,5086,5098,5101,5104,5106,5107,5110,5117,5120,5128,5130,5132,5136,5145,5147,5148,5163,5166,5173,5189,5195,5197,5207,5218,5228,5244,5252,5253,5254,5255,5260,5264,5265,5290,5292,5305,5320,5321,5325,5369,5370,5371,5374,5384,5385,5390,5392,5394,5399,5416,5422,5428,5433,5436,5444,5445,5462,5463,5477,5486,5499,5504,5507,5509,5517,5521,5522,5529,5530,5539,5542,5551,5564,5570,5571,5572,5573,5594,5613,5616,5627,5641,5644,5649,5650,5681,5682,5685,5689,5733,5735,5737,5745,5750,5756,5760,5771,5777,5783,5786,5788,5791,5803,5814,5816,5817,5818,5820,5821,5825,5835,5837,5840,5847,5869,5872,5875,5877,5887,5903,5907,5912,5914,5924,5929,5942,5946,5950,5954,5955,5961,5967,5969,5988,5994,6008,6022,6023,6024,6030,6032,6035,6036,6040,6045,6046,6052,6053,6055,6058,6062,6064,6074,6080,6088,6089,6090,6095,6096,6105,6111,6130,6135,6136,6140,6141,6143,6147,6166,6176,6197,6200,6210,6217,6225,6226,6236,6243,6245,6248,6250,6253,6267,6276,6287,6311,6316,6335,6338,6339,6347,6356,6358,6359,6365,6379,6394,6405,6412,6430,6431,6433,6436,6442,6443,6448,6457,6460,6462,6463,6469,6475,6487,6491,6504,6505,6516,6519,6521,6524,6525,6526,6530,6536,6538,6539,6555,6557,6562,6572,6619,6627,6631,6635,6638,6659,6660,6662,6663,6666,6668,6684,6685,6691,6695,6703,6709,6726,6735,6749,6753,6772,6777,6788,6791,6792,6796,6799,6807,6810,6812,6814,6818,6819,6821,6827,6828,6835,6836,6837,6842,6843,6845,6862,6866,6875,6878,6882,6885,6888,6890,6892,6893,6895,6904,6911,6917,6921,6922,6931,6937,6939,6944,6954,6955,6970,6973,6974,6992,7008,7010,7021,7026,7027,7035,7046,7057,7062,7079,7081,7082,7089,7104,7105,7110,7111,7119,7120,7122,7124,7127,7130,7131,7135,7157,7161,7171,7182,7185,7192,7194,7195,7196,7197,7198,7199,7200,7202,7206,7209,7212,7222,7224,7241,7242,7246,7248,7267,7268,7269,7271,7277,7280,7287,7293,7297,7300,7307,7308,7311,7316,7317,7322,7324,7327,7329,7335,7341,7359,7360,7368,7373,7382,7387,7391,7394,7402,7403,7404,7408,7409,7410,7419,7426,7429,7432,7437,7441,7452,7455,7458,7461,7462,7466,7487,7489,7491,7492,7493,7500,7502,7505,7510,7521,7523,7530,7534,7539,7540,7552,7553,7554,7557,7559,7565,7578,7580,7595,7604,7618,7632,7636,7638,7640,7641,7652,7655,7656,7658,7661,7669,7674,7675,7678,7682,7684,7688,7689,7693,7694,7696,7701,7715,7731,7736,7737,7741,7742,7743,7745,7746,7751,7773,7789,7791,7800,7801,7805,7814,7822,7841,7846,7851,7852,7854,7857,7861,7863,7870,7882,7890,7900,7905,7907,7919,7938,7950,7953,7955,7956,7957,7962,7964,7966,7969,7970,7974,7975,7977,7980,7994,7997,8000,8003,8004,8010,8012,8013,8016,8022,8023,8024,8025,8027,8028,8032,8035,8036,8037,8038,8043,8044,8047,8049,8053,8058,8068,8084,8087,8092,8095,8101,8129,8147,8159,8165,8167,8169,8172,8184,8192,8195,8200,8203,8205,8213,8226,8239,8254,8264,8265,8273,8275,8294,8303,8317,8364,8386,8389,8396,8401,8415,8421,8441,8449,8450,8451,8452,8458,8463,8465,8467,8469,8479,8487,8488,8492,8497,8503,8504,8511,8520,8531,8563,8568,8577,8578,8581,8587,8599,8608,8609,8610,8611,8614,8622,8637,8638,8639,8642,8643,8658,8659,8660,8663,8679,8680,8681,8684,8689,8691,8695,8703,8709,8711,8716,8719,8721,8741,8754,8761,8795,8796,8799,8805,8811,8820,8824,8827,8828,8829,8861,8863,8879,8885,8894,8915,8916,8917,8932,8982,9016,9017,9027,9034,9041,9047,9051,9057,9063,9064,9073,9100,9103,9112,9119,9120,9122,9131,9142,9144,9148,9152,9157,9161,9166,9168,9180,9199,9204,9210,9214,9215,9220,9228,9240,9247,9249,9253,9255,9259,9262,9276,9280,9289,9295,9297,9309,9310,9318,9324,9325,9341,9343,9351,9367,9369,9390,9391,9400,9402,9412,9416,9430,9432,9434,9449,9465,9468,9481,9490,9492,9507,9557,9560,9562,9565,9566,9567,9571,9586,9587,9597,9598,9601,9603,9604,9608,9610,9613,9616,9633,9661,9662,9671,9682,9685,9690,9696,9706,9720,9724,9745,9746,9750,9756,9758,9763,9766,9770,9782,9787,9793,9833,9835,9846,9863,9871,9873,9879,9881,9885,9887,9892,9907,9908,9911,9915,9917,9932,9955,9959,9972,9981,9989,9991,9993,9998,10001,10005,10013,10023,10054,10061,10072,10077,10091,10093,10119,10120,10122,10134,10141,10142,10156,10161,10177,10182,10193
7374
999,2159,2952,4194,5219,6686,6716
28,94,110,189,243,253,291,294,297,334,376,507,539,543,614,616,677,694,759,852,1014,1020,1042,1054,1055,1058,1066,1067,1068,1104,1180,1242,1279,1353,1365,1384,1415,1608,1691,1814,1835,1857,1919,2061,2233,2262,2325,2354,2369,2468,2479,2512,2542,2601,2654,2686,2699,2709,2734,2815,2892,3014,3093,3105,3139,3203,3356,3374,3467,3515,3781,3854,3863,3974,3988,3989,4014,4084,4091,4099,4180,4382,4399,4406,4519,4531,4538,4595,4604,4605,4624,4645,4693,4710,4712,4773,4775,4776,4878,4919,4958,4965,4996,5010,5042,5084,5192,5196,5248,5297,5315,5340,5349,5446,5472,5501,5502,5503,5520,5566,5584,5591,5603,5684,5686,5720,5729,5754,5759,5765,5856,5882,5898,5900,5911,5919,5957,5959,5979,6004,6019,6027,6047,6082,6086,6093,6114,6163,6213,6227,6264,6286,6376,6400,6406,6441,6471,6552,6579,6592,6595,6620,6652,6653,6661,6674,6707,6718,6725,6731,6744,6745,6759,6775,6813,6816,6870,6900,6903,7041,7052,7064,7103,7117,7149,7151,7177,7215,7313,7343,7356,7370,7376,7381,7416,7468,7498,7506,7549,7587,7591,7594,7642,7645,7647,7667,7709,7713,7718,7729,7756,7763,7780,7797,7820,7889,7902,7910,7939,7943,7996,8060,8061,8080,8097,8117,8124,8136,8166,8175,8237,8261,8269,8305,8355,8374,8385,8391,8460,8484,8491,8533,8534,8570,8574,8657,8662,8698,8755,8840,8882,9021,9096,9218,9226,9257,9304,9312,9334,9354,9371,9384,9404,9407,9439,9534,9541,9570,9579,9582,9594,9673,9695,9825,9869,9910,9914,9945,10009,10108,10117,10138,10147,10167,10174
2753
1127,1141,1910,2149,2150,4518,4679,5417,5606,6432,6760,7790,8407,8516,8613,8986,8987,9038,9387,9595,9639,9868
69,133,136,246,331,1717,2929,2940,3964,4436,4488,4545,6015,6173,8001,8193,9584
674,2188,4195,8128
2757
1151
827,1471,1560,1791,2286,2380,2673,2955,3621,3656,3981,4329,4514,4558,4681,5041,6479,6785,7284,8042,8752,9278,10195
405,1534,1964,2065,2216,2778,2829,3026,4764,6486,6950,7098,7850,9626,9643,9870,10062
3359
145,296,643,646,749,820,856,857,1032,1033,1150,1713,2062,2475,2502,2503,2823,3082,3557,3999,4082,4088,4126,4202,4244,4885,5095,5246,5451,5676,5939,6155,6220,6534,6618,7086,7142,7623,7998,8007,8123,8232,8359,8615,9160,9187,9233,9455,9487
1090,1093,2677,3399,8423
9,16,40,159,1001,1201,1513,1911,2096,2747,3008,3259,3949,4502,5488,5860,6127,6175,6424,6615,6940,7804,7933,8313,8572,9138,9503,9605,9957,10037,10050
5143,7074
1456,1466,7707
628,7363,9679,9941
149,262,461,1095,1107,1121,1213,1218,1219,1307,1341,1392,1721,1973,2039,2172,2420,2423,2494,2930,3006,3637,3696,3767,3904,3978,4175,4334,4777,4992,5111,5762,5886,6006,6106,6164,6285,6561,6936,7034,7439,7449,7784,7936,8398,8439,8813,8822,8889,8943,9154,9472,9509,9547,9726,9874
3358
33,115,311,648,786,1078,1191,1263,1264,1291,1300,1320,1345,1350,1361,1568,1601,1610,1931,2167,2210,2394,2685,2885,2958,2966,3041,3420,3421,3652,3720,3928,3957,3982,4231,4236,4621,4664,4813,5096,5691,5780,6031,6142,6154,6179,6208,6546,6774,6972,6998,7785,8260,8726,8742,9084,9114,9287,9344,9410,9454,9772,9803,9934
2755
1190
438,2866,9678,9811
105,124,139,211,433,456,905,1072,1075,1114,1530,2639,2821,2882,2935,3007,3250,4750,4857,4858,5139,6084,6499,6720,6964,6979,7030,7367,7386,7585,7625,8518,8969,9242,9441,9508,9735,10056
143,333,954,959,1091,1179,1516,2179,2269,2715,2883,2884,3004,3343,3503,3718,3971,4068,4808,4864,5081,5329,5363,5647,5906,5945,6091,6133,6553,6736,7092,7309,7575,8143,8247,8250,8548,8762,8782,8806,8876,9078,9102,9181,9194,9437,9568,9738,9786,9791,9808,9841,9855,9942,10057
17,21,55,151,188,194,268,300,304,325,354,357,415,418,455,463,509,516,531,562,601,625,663,666,728,793,802,807,824,911,929,947,979,1025,1028,1037,1050,1084,1116,1176,1235,1248,1251,1349,1351,1373,1399,1481,1491,1582,1636,1651,1690,1733,1763,1781,1803,1846,1888,1901,1903,1904,1943,1998,2166,2196,2199,2201,2245,2279,2281,2300,2302,2360,2383,2389,2415,2439,2446,2454,2546,2560,2607,2627,2633,2645,2668,2751,2758,2759,2775,2794,2813,2877,2898,2899,2904,2931,2961,2991,2995,3011,3016,3021,3048,3063,3079,3087,3127,3136,3178,3192,3194,3208,3244,3394,3477,3535,3537,3580,3582,3614,3695,3760,3786,3787,3848,3849,4034,4036,4102,4125,4172,4184,4216,4322,4337,4367,4461,4471,4540,4572,4577,4666,4675,4700,4735,4769,4802,4824,4860,4962,5007,5017,5118,5127,5157,5204,5206,5310,5360,5372,5380,5388,5547,5561,5614,5695,5812,5838,5854,5865,5878,5913,5981,5997,6025,6039,6203,6262,6266,6308,6326,6346,6417,6444,6476,6481,6484,6617,6623,6665,6681,6689,6728,6820,6860,6982,6985,6990,7004,7077,7174,7175,7187,7253,7291,7294,7296,7340,7350,7352,7375,7649,7724,7782,7827,7848,7932,7984,7985,8033,8110,8161,8170,8211,8230,8238,8244,8351,8357,8443,8468,8582,8585,8612,8627,8700,8750,8807,8837,8874,8892,8922,8924,8965,9010,9087,9105,9111,9118,9136,9222,9235,9241,9277,9284,9327,9353,9396,9414,9460,9482,9533,9540,9588,9611,9644,9684,9689,9691,9728,9816,9852,9859,9905,9988,10076
2754
156,282,335,473,564,1034,1347,1420,1628,2021,2252,2320,2566,2588,2864,3000,3156,3997,4384,4528,4594,5026,7621,7930,8523,9491,9704
6,12,36,37,72,75,82,90,100,113,122,126,138,147,153,162,166,167,178,207,241,273,279,287,339,356,358,389,393,400,437,467,506,510,511,535,546,578,586,612,632,651,668,700,739,741,745,752,763,784,801,834,846,900,902,907,908,910,914,916,958,962,985,1005,1015,1016,1017,1081,1123,1165,1184,1198,1206,1277,1298,1331,1338,1343,1364,1372,1389,1404,1423,1460,1493,1501,1562,1572,1602,1614,1617,1619,1621,1635,1637,1640,1653,1660,1677,1687,1692,1710,1758,1760,1768,1859,1894,1920,1922,1959,1972,1991,2009,2051,2052,2091,2095,2114,2115,2147,2189,2200,2239,2253,2261,2267,2272,2274,2285,2291,2299,2321,2324,2361,2366,2407,2451,2452,2453,2486,2535,2536,2556,2574,2640,2703,2728,2763,2770,2846,2868,2887,2889,2894,2903,2979,2986,2987,2992,3022,3024,3029,3030,3067,3153,3154,3163,3176,3231,3236,3237,3254,3257,3265,3267,3285,3289,3309,3318,3369,3371,3392,3410,3412,3413,3425,3430,3436,3479,3480,3496,3497,3518,3555,3564,3565,3585,3588,3590,3598,3601,3613,3616,3624,3634,3651,3664,3683,3684,3687,3691,3707,3806,3812,3827,3841,3844,3856,3859,3870,3873,3886,3900,3914,3919,3925,3934,3960,3962,3969,3980,3985,3986,4005,4108,4116,4120,4141,4150,4167,4177,4178,4183,4191,4220,4251,4281,4284,4286,4289,4298,4306,4311,4316,4330,4356,4380,4395,4405,4410,4426,4431,4452,4456,4463,4466,4473,4478,4564,4574,4578,4617,4620,4626,4651,4674,4685,4698,4753,4759,4771,4806,4821,4833,4845,4850,4863,4869,4876,4884,4889,4904,4905,4923,4937,4946,4949,4971,4994,4997,5014,5025,5075,5090,5113,5133,5161,5185,5199,5230,5238,5251,5263,5269,5330,5352,5366,5383,5387,5395,5434,5438,5440,5450,5456,5464,5470,5528,5532,5536,5553,5560,5604,5610,5615,5630,5645,5653,5654,5663,5664,5694,5697,5705,5714,5719,5741,5744,5746,5785,5809,5842,5859,5879,5881,5908,5917,5933,5948,5949,5960,5964,5966,5970,5983,5985,5991,5993,6002,6098,6125,6148,6185,6186,6199,6214,6229,6231,6282,6292,6304,6317,6329,6378,6401,6449,6452,6500,6533,6600,6604,6605,6741,6750,6756,6780,6805,6854,6873,6876,6949,7002,7012,7033,7043,7049,7083,7087,7093,7097,7100,7109,7116,7118,7123,7128,7154,7223,7247,7254,7301,7305,7366,7400,7423,7459,7495,7497,7514,7515,7522,7567,7579,7613,7650,7687,7702,7705,7734,7774,7776,7778,7808,7811,7834,7858,7860,7872,7885,7886,7901,7904,7918,7959,7989,8017,8140,8160,8177,8183,8218,8223,8291,8299,8300,8323,8384,8405,8422,8459,8524,8543,8556,8559,8623,8630,8633,8646,8667,8678,8707,8717,8723,8725,8744,8747,8756,8765,8777,8790,8834,8857,8950,8960,9049,9056,9059,9062,9081,9082,9097,9113,9183,9186,9209,9250,9251,9265,9271,9298,9303,9321,9417,9418,9444,9445,9474,9478,9514,9537,9549,9554,9556,9576,9609,9619,9621,9632,9654,9665,9692,9709,9713,9733,9764,9776,9790,9812,9823,9830,9839,9848,9866,9918,9939,9966,9969,9992,10003,10020,10034,10080,10106,10158,10194
408,1138,1217,2438,6611
431,563,683,770,964,1207,1221,1413,1441,1535,1650,1750,1852,1938,1987,3003,3210,3211,3404,3710,3711,3761,4162,4373,4443,5140,5581,5810,6510,8547,8699,8970,9150,9198,9283,9301,9783,9788,10081
4413
5648,6535,9535,9937
3355,3915
2,91,209,549,582,918,1027,1238,1836,1876,2076,2093,2489,2869,3181,3184,4303,4341,4677,5034,6520,8900,8910
225,830,3305,3365,4600,4659,6123,9572
808,5934
3,7,8,23,52,60,84,98,102,120,185,187,214,216,223,230,235,239,256,263,265,267,292,303,314,326,337,340,347,360,361,375,378,384,399,406,407,409,425,436,439,442,457,465,471,489,497,499,513,517,525,528,534,541,577,592,608,613,657,687,713,742,747,753,767,785,873,895,896,909,913,921,931,934,952,966,973,1051,1063,1083,1097,1128,1132,1144,1147,1193,1222,1223,1230,1237,1265,1266,1268,1286,1309,1310,1325,1357,1403,1450,1459,1465,1467,1470,1494,1507,1526,1533,1541,1573,1594,1605,1606,1632,1658,1665,1683,1685,1737,1744,1762,1769,1773,1779,1780,1789,1790,1792,1793,1830,1849,1858,1863,1870,1897,1898,1907,1908,1916,1928,1940,1952,2027,2028,2033,2064,2086,2094,2097,2099,2102,2118,2126,2135,2144,2151,2157,2165,2168,2174,2183,2184,2187,2194,2195,2198,2208,2229,2241,2248,2256,2283,2289,2294,2304,2327,2328,2332,2346,2367,2373,2405,2460,2478,2495,2505,2511,2521,2523,2525,2531,2558,2565,2576,2603,2612,2619,2642,2662,2681,2683,2687,2688,2750,2752,2771,2777,2782,2785,2788,2789,2839,2859,2876,2893,2900,2942,2944,2997,3023,3027,3045,3057,3096,3101,3103,3151,3180,3191,3228,3252,3268,3277,3288,3316,3328,3333,3348,3401,3406,3407,3408,3426,3432,3445,3456,3459,3465,3474,3481,3506,3517,3524,3547,3560,3572,3606,3628,3654,3655,3658,3660,3661,3665,3702,3716,3727,3736,3754,3766,3773,3782,3795,3796,3797,3801,3808,3809,3840,3851,3869,3906,3924,3935,3946,3953,3967,3987,3993,4017,4023,4032,4042,4043,4080,4096,4097,4117,4127,4149,4174,4179,4198,4199,4212,4240,4241,4255,4270,4274,4276,4279,4295,4305,4307,4328,4350,4376,4415,4419,4428,4429,4438,4450,4462,4521,4554,4575,4587,4625,4633,4637,4686,4701,4752,4761,4774,4781,4787,4810,4829,4843,4880,4890,4909,4920,4929,4931,4933,4940,4941,5000,5002,5033,5036,5037,5080,5089,5109,5116,5119,5123,5129,5134,5150,5154,5180,5205,5209,5210,5222,5232,5250,5256,5284,5294,5306,5314,5326,5356,5364,5367,5379,5393,5410,5435,5439,5441,5449,5489,5490,5506,5508,5516,5524,5525,5579,5580,5595,5620,5621,5622,5623,5655,5656,5658,5665,5677,5680,5770,5804,5819,5841,5848,5849,5851,5864,5891,5901,5915,6038,6042,6050,6056,6063,6072,6073,6092,6104,6107,6108,6109,6172,6183,6187,6191,6237,6272,6296,6297,6334,6348,6350,6366,6372,6419,6427,6439,6446,6451,6453,6461,6464,6467,6478,6495,6497,6502,6602,6607,6608,6609,6622,6625,6649,6657,6680,6687,6693,6734,6739,6746,6757,6767,6769,6795,6817,6838,6894,6912,6915,6958,6996,7015,7017,7036,7059,7088,7091,7121,7136,7184,7219,7233,7243,7245,7299,7318,7333,7405,7412,7453,7457,7470,7509,7527,7577,7581,7616,7619,7624,7630,7673,7690,7760,7792,7807,7813,7818,7824,7869,7874,7875,7893,7909,7949,7968,8041,8093,8134,8144,8162,8171,8178,8221,8255,8258,8262,8297,8392,8394,8397,8411,8418,8437,8456,8499,8535,8546,8551,8564,8597,8606,8673,8702,8710,8718,8778,8788,8801,8816,8825,8832,8854,8856,8868,8883,8884,8902,8912,8919,8931,8954,8966,8976,8997,9076,9080,9106,9116,9129,9140,9165,9195,9200,9229,9230,9237,9252,9317,9319,9333,9342,9350,9363,9375,9411,9428,9433,9446,9510,9511,9524,9577,9585,9642,9650,9683,9712,9719,9748,9753,9771,9789,9814,9820,9822,9884,9903,9920,9946,9964,9979,10002,10015,10033,10040,10055,10060,10088,10130,10143,10145,10154,10184
142,1036,1125,1161,1751,2083,2714,3897,4446,5418,7023,9238
615,871,1099,1148,1227,1688,1719,2464,2981,3270,3629,4138,4616,5426,5545,5562,5674,6192,6204,6385,6678,6925,7541,7589,7648,8320,8532,8655,8869,9090,9762,10166
2501,2713,3353,5497
34,42,89,201,288,401,404,512,533,537,611,620,659,703,723,813,843,885,887,983,1056,1086,1087,1088,1110,1181,1183,1199,1200,1287,1290,1296,1339,1378,1523,1574,1578,1645,1693,1819,1822,1831,1856,1887,1934,1984,2000,2011,2014,2069,2160,2197,2264,2330,2334,2348,2356,2382,2393,2409,2410,2419,2462,2490,2500,2557,2570,2602,2644,2817,2836,2840,2841,2853,2919,2921,2975,3039,3076,3130,3138,3272,3473,3544,3600,3626,3699,3701,3708,3721,3731,3821,3872,3898,3905,3930,3943,4078,4079,4122,4214,4243,4358,4366,4397,4477,4489,4533,4570,4590,4598,4662,4670,4697,4699,4708,4766,4804,4866,4964,4988,5057,5058,5100,5137,5142,5146,5176,5280,5291,5398,5567,5619,5716,5784,5794,5801,5839,5941,5986,6065,6068,6126,6189,6270,6300,6377,6498,6512,6574,6577,6601,6776,6852,6956,7063,7070,7112,7152,7217,7357,7434,7442,7456,7464,7519,7533,7550,7723,7733,7759,7881,7895,7916,7920,7934,7940,7965,8046,8056,8096,8113,8173,8311,8393,8431,8436,8448,8453,8517,8527,8569,8571,8602,8687,8694,8696,8737,8798,8847,8887,8898,8906,8946,8957,9008,9012,9015,9043,9048,9070,9125,9171,9268,9313,9316,9338,9348,9376,9420,9426,9525,9539,9542,9792,9801,9844,9877,9906,10073,10086
1156,1740
22,25,29,32,39,46,48,51,56,66,71,74,78,80,86,96,103,107,111,112,116,118,119,121,127,129,134,137,146,154,157,164,169,173,174,175,192,196,203,204,205,210,218,221,222,231,233,234,236,238,252,254,275,276,290,295,298,299,309,313,323,327,328,330,349,350,352,372,379,380,388,397,427,429,434,443,448,450,469,476,477,478,490,503,508,514,518,526,530,540,544,545,547,550,551,553,557,559,560,565,571,573,575,576,585,589,590,591,594,595,598,603,604,605,607,609,619,621,622,623,624,626,627,631,633,634,635,636,637,640,641,642,644,645,650,652,653,658,660,664,665,670,671,672,675,676,679,686,690,691,695,698,699,701,704,705,708,709,710,711,714,717,719,720,721,732,734,735,736,737,748,750,757,760,761,768,775,776,777,778,783,788,789,790,792,795,798,800,803,809,810,814,815,858,878,892,894,898,899,901,903,930,935,936,938,942,945,957,961,965,969,981,982,994,1006,1019,1038,1039,1040,1043,1044,1045,1046,1047,1048,1049,1057,1061,1069,1070,1074,1079,1080,1082,1105,1106,1111,1113,1119,1120,1124,1129,1135,1136,1146,1160,1166,1185,1186,1202,1204,1208,1209,1228,1234,1241,1244,1245,1259,1285,1288,1292,1297,1299,1301,1306,1312,1313,1314,1317,1336,1340,1367,1369,1371,1374,1376,1380,1381,1383,1385,1386,1387,1391,1393,1397,1401,1402,1408,1412,1414,1416,1419,1425,1427,1434,1446,1468,1474,1482,1483,1486,1499,1502,1503,1510,1512,1517,1518,1524,1527,1529,1538,1558,1559,1563,1564,1569,1571,1576,1577,1579,1586,1587,1592,1593,1597,1598,1603,1604,1613,1622,1627,1629,1642,1647,1652,1654,1655,1656,1657,1661,1663,1666,1667,1668,1672,1674,1689,1694,1695,1698,1701,1704,1709,1720,1782,1783,1804,1812,1813,1824,1842,1855,1861,1862,1868,1869,1873,1874,1879,1881,1890,1895,1896,1917,1923,1925,1933,1935,1944,1945,1949,1950,1951,1954,1955,1963,1965,1966,1985,1988,1989,2002,2017,2019,2020,2022,2025,2026,2038,2044,2045,2048,2067,2068,2071,2078,2088,2109,2113,2124,2125,2137,2140,2141,2142,2143,2146,2148,2156,2171,2177,2217,2221,2225,2234,2249,2263,2265,2270,2273,2276,2280,2284,2293,2319,2326,2329,2337,2340,2345,2349,2352,2355,2357,2364,2368,2370,2371,2372,2377,2378,2379,2381,2385,2386,2395,2396,2397,2400,2401,2406,2408,2414,2428,2430,2433,2447,2448,2457,2459,2469,2471,2476,2529,2537,2543,2544,2545,2547,2549,2550,2554,2559,2562,2569,2578,2579,2582,2585,2587,2591,2592,2598,2599,2606,2610,2613,2615,2622,2629,2636,2643,2646,2647,2649,2651,2655,2656,2659,2661,2664,2666,2672,2674,2676,2690,2691,2695,2697,2700,2704,2716,2717,2723,2729,2735,2737,2743,2745,2762,2764,2766,2767,2772,2773,2790,2792,2793,2804,2808,2809,2816,2828,2838,2843,2844,2850,2851,2875,2878,2895,2901,2909,2911,2916,2917,2922,2928,2938,2943,2946,2947,2948,2957,2960,2967,2970,2976,2977,2978,2982,2985,2989,2993,2999,3013,3015,3031,3034,3043,3044,3046,3055,3058,3060,3068,3074,3078,3086,3091,3092,3094,3106,3112,3114,3115,3116,3135,3140,3143,3144,3147,3150,3159,3160,3165,3174,3186,3187,3188,3189,3200,3218,3225,3230,3248,3249,3253,3256,3258,3262,3264,3266,3275,3279,3284,3286,3290,3292,3293,3295,3296,3297,3299,3302,3304,3310,3313,3322,3341,3342,3345,3346,3350,3357,3370,3375,3384,3405,3415,3427,3429,3439,3460,3464,3468,3476,3484,3487,3488,3491,3492,3493,3498,3502,3510,3514,3522,3529,3530,3531,3533,3534,3536,3542,3543,3545,3546,3550,3566,3567,3570,3571,3573,3575,3591,3592,3594,3596,3597,3604,3612,3615,3619,3622,3630,3647,3650,3653,3659,3669,3674,3680,3690,3697,3703,3704,3705,3723,3724,3728,3733,3739,3742,3743,3758,3764,3774,3776,3777,3779,3780,3791,3794,3803,3805,3811,3816,3817,3818,3842,3846,3847,3850,3853,3855,3860,3868,3874,3875,3876,3877,3879,3882,3883,3911,3916,3920,3921,3926,3927,3933,3938,3939,3940,3944,3945,3947,3948,3954,3955,3961,3963,3970,3972,3973,3979,3990,3995,3998,4000,4002,4003,4006,4007,4008,4009,4010,4012,4013,4015,4026,4029,4035,4037,4047,4048,4051,4059,4065,4066,4075,4076,4081,4085,4090,4092,4095,4100,4103,4104,4106,4107,4121,4123,4124,4128,4134,4136,4137,4139,4140,4143,4144,4145,4147,4148,4152,4153,4154,4155,4156,4163,4164,4166,4170,4171,4187,4192,4206,4207,4215,4230,4235,4237,4242,4247,4248,4250,4263,4266,4272,4282,4292,4297,4308,4314,4320,4333,4342,4345,4347,4349,4352,4362,4363,4365,4385,4387,4388,4390,4392,4393,4396,4400,4418,4420,4421,4424,4432,4434,4442,4448,4454,4457,4459,4468,4469,4470,4476,4479,4482,4484,4497,4501,4510,4511,4515,4516,4529,4537,4541,4543,4547,4549,4552,4555,4559,4560,4568,4573,4579,4581,4591,4597,4610,4612,4614,4618,4619,4628,4634,4644,4647,4650,4653,4655,4656,4663,4682,4683,4688,4692,4705,4706,4714,4716,4726,4727,4729,4736,4737,4738,4742,4744,4745,4754,4755,4756,4757,4758,4760,4772,4780,4784,4785,4786,4789,4794,4798,4805,4809,4816,4818,4819,4820,4827,4830,4831,4832,4835,4838,4839,4840,4841,4844,4848,4849,4877,4879,4883,4887,4893,4899,4901,4902,4906,4908,4911,4926,4927,4928,4932,4934,4935,4942,4943,4950,4951,4953,4956,4959,4960,4967,4970,4976,4977,4981,4983,4989,4993,4998,4999,5001,5005,5012,5013,5015,5019,5022,5027,5028,5031,5032,5045,5048,5050,5051,5067,5072,5079,5085,5094,5102,5105,5124,5138,5141,5149,5151,5152,5153,5160,5162,5164,5165,5170,5174,5179,5186,5187,5188,5190,5191,5193,5194,5201,5202,5203,5211,5212,5213,5214,5217,5221,5226,5231,5234,5235,5240,5242,5243,5247,5257,5258,5268,5276,5277,5282,5283,5285,5287,5288,5293,5295,5296,5298,5300,5301,5302,5303,5307,5308,5309,5312,5316,5317,5322,5323,5331,5341,5345,5350,5353,5354,5355,5358,5365,5368,5375,5377,5378,5386,5391,5396,5400,5402,5403,5404,5405,5406,5407,5411,5414,5415,5419,5421,5427,5429,5431,5443,5447,5448,5453,5454,5455,5458,5469,5471,5474,5476,5480,5481,5482,5484,5485,5494,5495,5496,5498,5505,5512,5514,5518,5527,5537,5538,5541,5546,5549,5550,5556,5563,5565,5568,5569,5575,5576,5577,5587,5592,5593,5600,5601,5605,5607,5612,5617,5624,5633,5635,5637,5638,5643,5646,5652,5657,5661,5662,5668,5669,5670,5671,5679,5688,5692,5693,5699,5701,5702,5711,5712,5717,5718,5723,5727,5734,5736,5738,5740,5742,5749,5753,5757,5758,5764,5767,5768,5769,5772,5774,5779,5789,5792,5796,5797,5805,5806,5808,5834,5836,5844,5852,5858,5863,5866,5867,5868,5876,5880,5883,5884,5885,5889,5892,5895,5897,5902,5910,5922,5923,5925,5926,5931,5932,5940,5944,5951,5965,5968,5975,5976,5977,5980,5984,5990,5992,5995,5998,6000,6003,6005,6009,6010,6014,6017,6021,6026,6028,6029,6037,6043,6044,6059,6060,6069,6076,6079,6100,6112,6115,6118,6120,6122,6129,6131,6132,6134,6137,6139,6145,6149,6151,6153,6161,6165,6167,6168,6169,6171,6178,6180,6181,6193,6194,6195,6196,6205,6209,6221,6224,6233,6234,6235,6241,6244,6249,6251,6254,6255,6261,6263,6268,6274,6275,6281,6288,6289,6290,6293,6294,6295,6299,6301,6305,6306,6307,6309,6312,6313,6315,6319,6325,6328,6330,6331,6332,6333,6336,6340,6341,6342,6345,6352,6354,6355,6357,6362,6364,6368,6373,6375,6380,6386,6389,6390,6391,6392,6393,6395,6398,6403,6407,6408,6409,6416,6418,6423,6435,6440,6445,6450,6458,6473,6474,6482,6485,6488,6492,6501,6506,6511,6514,6522,6523,6527,6532,6537,6543,6547,6551,6566,6570,6573,6575,6581,6582,6591,6597,6599,6606,6612,6613,6621,6632,6644,6647,6670,6673,6676,6698,6700,6706,6708,6715,6717,6719,6722,6727,6732,6743,6747,6752,6758,6764,6771,6773,6778,6779,6781,6783,6784,6793,6794,6801,6808,6809,6815,6830,6833,6841,6844,6847,6851,6853,6857,6858,6861,6869,6874,6880,6884,6886,6898,6899,6901,6906,6908,6909,6916,6919,6924,6929,6930,6932,6933,6935,6938,6941,6945,6951,6952,6953,6957,6959,6965,6971,6981,6983,6988,6989,6995,7000,7001,7007,7022,7029,7039,7040,7042,7047,7048,7050,7051,7054,7056,7065,7066,7067,7068,7073,7075,7076,7085,7095,7096,7101,7106,7107,7113,7129,7133,7137,7141,7147,7150,7153,7155,7158,7160,7162,7163,7164,7166,7167,7169,7170,7172,7173,7178,7179,7180,7181,7183,7186,7188,7190,7191,7193,7201,7203,7205,7207,7208,7210,7211,7213,7218,7227,7228,7229,7234,7236,7237,7238,7239,7240,7244,7249,7250,7251,7252,7255,7258,7259,7260,7261,7262,7263,7264,7265,7270,7275,7276,7282,7283,7286,7288,7289,7290,7292,7298,7304,7306,7310,7312,7315,7326,7328,7330,7332,7336,7348,7349,7351,7353,7355,7362,7365,7369,7377,7378,7379,7380,7385,7395,7397,7399,7401,7406,7411,7413,7418,7421,7422,7424,7427,7430,7436,7444,7446,7447,7451,7454,7463,7469,7472,7475,7477,7481,7486,7494,7508,7512,7513,7516,7528,7529,7537,7551,7560,7561,7562,7563,7564,7566,7572,7576,7583,7584,7588,7592,7593,7601,7602,7605,7606,7607,7610,7611,7615,7620,7622,7627,7631,7634,7635,7639,7643,7646,7651,7653,7654,7657,7660,7663,7664,7668,7670,7676,7679,7680,7683,7685,7691,7710,7711,7714,7716,7719,7720,7725,7732,7747,7749,7752,7753,7754,7755,7762,7764,7765,7766,7768,7769,7770,7771,7772,7779,7781,7786,7787,7788,7798,7803,7815,7816,7821,7825,7828,7829,7836,7842,7844,7845,7859,7862,7864,7865,7868,7871,7888,7891,7892,7896,7897,7898,7906,7912,7915,7917,7924,7925,7927,7928,7935,7937,7942,7945,7946,7958,7960,7963,7971,7972,7978,7979,7981,7982,7983,7990,7992,8005,8014,8026,8030,8031,8040,8051,8052,8064,8065,8067,8070,8073,8074,8075,8076,8077,8078,8079,8081,8082,8083,8085,8088,8102,8106,8107,8116,8120,8121,8122,8127,8137,8138,8139,8141,8149,8150,8152,8153,8158,8180,8187,8188,8197,8198,8199,8208,8214,8216,8217,8227,8228,8229,8231,8233,8236,8241,8242,8246,8249,8252,8253,8256,8263,8266,8268,8270,8272,8274,8277,8278,8280,8282,8284,8285,8287,8289,8290,8292,8293,8295,8296,8298,8302,8304,8306,8307,8308,8309,8310,8312,8314,8316,8318,8319,8322,8324,8325,8326,8327,8328,8330,8331,8334,8335,8336,8337,8338,8340,8341,8342,8344,8345,8346,8347,8348,8350,8353,8356,8358,8360,8361,8362,8363,8365,8366,8367,8368,8369,8371,8372,8373,8375,8376,8379,8380,8381,8382,8387,8395,8399,8400,8403,8404,8406,8408,8412,8413,8420,8427,8428,8429,8430,8432,8442,8444,8445,8446,8457,8461,8464,8472,8473,8475,8476,8477,8481,8485,8490,8500,8501,8505,8507,8509,8510,8515,8519,8525,8528,8536,8537,8538,8540,8541,8542,8545,8552,8553,8557,8558,8560,8561,8565,8566,8567,8573,8575,8576,8583,8584,8589,8590,8591,8592,8593,8596,8598,8600,8601,8607,8616,8617,8619,8621,8624,8628,8631,8634,8635,8640,8641,8645,8649,8650,8651,8652,8653,8654,8666,8668,8669,8670,8671,8674,8675,8676,8677,8682,8683,8685,8686,8688,8690,8692,8701,8704,8713,8714,8720,8724,8727,8729,8730,8736,8738,8739,8745,8751,8757,8760,8766,8767,8775,8776,8779,8780,8783,8786,8789,8793,8797,8810,8819,8821,8833,8835,8842,8844,8845,8848,8849,8855,8860,8864,8865,8866,8872,8878,8881,8888,8890,8891,8893,8895,8896,8897,8903,8907,8914,8920,8921,8926,8929,8930,8934,8938,8941,8944,8945,8947,8948,8949,8951,8953,8958,8963,8967,8974,8981,8984,8990,8993,8994,8995,9007,9009,9011,9014,9018,9019,9022,9023,9025,9028,9032,9035,9036,9037,9039,9046,9053,9055,9065,9068,9072,9074,9075,9083,9085,9086,9088,9089,9091,9093,9095,9098,9110,9115,9126,9132,9134,9143,9149,9159,9162,9163,9164,9169,9172,9175,9182,9185,9190,9193,9202,9207,9211,9223,9231,9236,9243,9244,9245,9254,9256,9260,9264,9267,9272,9274,9290,9292,9305,9306,9307,9308,9336,9337,9339,9340,9349,9359,9360,9361,9365,9373,9377,9378,9380,9385,9386,9388,9389,9393,9395,9397,9399,9403,9408,9421,9423,9435,9436,9440,9447,9451,9452,9453,9456,9457,9459,9464,9469,9471,9473,9477,9479,9480,9485,9493,9496,9497,9498,9506,9515,9516,9520,9521,9522,9523,9526,9530,9532,9538,9573,9575,9578,9589,9591,9606,9607,9617,9618,9627,9630,9637,9647,9648,9651,9658,9659,9663,9664,9666,9667,9669,9677,9681,9687,9693,9698,9700,9701,9710,9714,9715,9722,9725,9740,9741,9751,9757,9765,9767,9768,9773,9777,9778,9779,9780,9781,9795,9796,9797,9799,9802,9804,9805,9809,9815,9817,9818,9824,9826,9827,9834,9838,9850,9853,9860,9862,9867,9875,9878,9888,9890,9895,9900,9901,9902,9912,9913,9916,9919,9921,9922,9923,9924,9926,9927,9928,9931,9933,9935,9936,9938,9940,9943,9944,9947,9948,9949,9950,9952,9953,9960,9963,9971,9974,9984,9985,9987,9994,9995,9996,9999,10000,10007,10008,10011,10012,10014,10018,10019,10021,10022,10024,10027,10029,10030,10031,10035,10036,10043,10044,10045,10046,10047,10048,10052,10053,10065,10068,10069,10070,10071,10074,10075,10082,10083,10084,10085,10087,10090,10094,10097,10098,10103,10104,10105,10107,10109,10110,10112,10113,10114,10115,10116,10123,10124,10125,10126,10127,10128,10129,10132,10136,10140,10146,10150,10152,10155,10159,10160,10169,10171,10172,10173,10175,10176,10178,10180,10185,10186,10190,10191
435,1424,1711,2925,5554
4,30,45,68,70,79,128,140,171,191,198,200,245,336,394,402,470,481,486,493,524,529,536,579,681,716,727,733,771,782,816,829,847,863,872,922,927,1022,1023,1052,1118,1142,1182,1249,1258,1276,1303,1352,1355,1377,1398,1407,1421,1428,1497,1500,1505,1511,1515,1532,1540,1554,1567,1607,1669,1680,1714,1774,1777,1778,1810,1821,1838,1878,1899,1909,1915,1930,1962,1968,1979,2036,2060,2079,2103,2106,2175,2176,2222,2258,2260,2303,2308,2363,2374,2392,2435,2456,2465,2467,2470,2497,2499,2527,2609,2617,2657,2670,2702,2748,2761,2768,2786,2810,2834,2858,2879,2915,2973,3001,3002,3017,3065,3095,3102,3104,3107,3196,3204,3205,3222,3308,3486,3519,3574,3593,3623,3725,3729,3734,3740,3775,3785,3831,3832,3858,3923,3931,3950,4094,4225,4229,4300,4309,4331,4335,4336,4369,4371,4377,4394,4403,4422,4425,4522,4562,4571,4582,4602,4603,4660,4713,4722,4732,4765,4791,4807,4812,4822,4837,4862,4882,4925,4945,4961,4973,4982,4984,5061,5064,5077,5115,5156,5158,5181,5182,5223,5224,5270,5279,5311,5324,5335,5348,5376,5457,5465,5491,5500,5609,5626,5667,5726,5732,5751,5761,5824,5928,5936,5963,5996,5999,6049,6081,6119,6144,6184,6212,6222,6321,6344,6410,6413,6438,6447,6489,6490,6513,6515,6542,6550,6567,6568,6588,6614,6624,6640,6645,6654,6669,6672,6702,6704,6768,6832,6887,6891,6943,6994,7019,7102,7140,7144,7231,7274,7303,7323,7331,7334,7346,7420,7435,7488,7544,7571,7600,7666,7697,7735,7840,7866,7877,7911,7941,7991,8018,8021,8115,8131,8133,8163,8179,8186,8234,8243,8248,8383,8409,8419,8440,8486,8495,8496,8588,8620,8697,8712,8732,8746,8809,8818,8838,8961,8971,9005,9054,9155,9156,9170,9178,9201,9213,9227,9261,9315,9326,9330,9335,9362,9364,9409,9458,9462,9494,9505,9545,9563,9580,9623,9716,9717,9727,9744,9749,9845,9847,9856,9968,9973,10028,10102,10139,10165,10168,10183
193,208,212,593,1429,1453,1473,1739,1924,2058,2074,2129,2620,3411,3475,4109,4285,5475,5559,6483,6966,7014,7032,7257,7450,7761,8482,9197,9513,9736,10170
1281,8286,9821
