21,1747,3240,4528,5861,6650,9510,9672
3,10,16,17,19,20,33,44,50,56,70,73,80,82,91,93,103,147,157,162,169,184,185,195,208,213,221,224,261,270,285,287,293,297,305,307,310,311,332,338,343,346,348,358,359,377,420,431,452,453,457,459,477,481,497,520,542,547,548,549,550,554,560,561,564,582,589,591,608,612,619,633,681,705,714,716,718,720,723,745,772,780,785,791,813,828,833,858,865,888,891,898,902,908,927,947,955,958,971,1015,1018,1022,1044,1056,1064,1074,1083,1099,1122,1129,1130,1133,1145,1154,1159,1165,1167,1178,1181,1185,1199,1232,1268,1271,1283,1303,1314,1319,1322,1334,1337,1341,1343,1380,1390,1408,1434,1460,1473,1475,1476,1482,1530,1531,1539,1549,1587,1595,1602,1607,1614,1616,1619,1626,1635,1665,1666,1678,1679,1680,1683,1690,1695,1699,1706,1708,1752,1762,1794,1795,1796,1859,1919,1939,1948,1949,1958,1964,1965,2025,2026,2030,2032,2035,2039,2048,2066,2073,2074,2075,2101,2102,2104,2107,2114,2125,2135,2152,2157,2169,2175,2178,2179,2200,2209,2214,2219,2226,2229,2251,2267,2285,2287,2336,2340,2356,2362,2367,2369,2373,2402,2449,2453,2457,2469,2500,2509,2520,2534,2535,2566,2597,2612,2613,2616,2628,2650,2680,2692,2726,2738,2740,2742,2761,2767,2792,2797,2799,2807,2821,2828,2832,2840,2843,2856,2867,2882,2885,2887,2890,2920,2924,2930,2936,2940,2955,2965,3003,3009,3011,3018,3023,3048,3049,3051,3057,3060,3064,3076,3082,3096,3098,3099,3100,3140,3143,3149,3155,3177,3179,3207,3211,3222,3227,3231,3233,3234,3247,3252,3257,3260,3261,3262,3268,3272,3273,3283,3285,3288,3289,3290,3292,3294,3311,3312,3328,3340,3360,3403,3434,3509,3518,3531,3571,3585,3587,3594,3603,3607,3610,3611,3621,3634,3652,3683,3684,3700,3710,3719,3730,3736,3768,3769,3776,3786,3789,3821,3823,3850,3854,3868,3878,3886,3887,3889,3930,3945,3949,3957,3970,3981,3990,3991,4016,4019,4048,4053,4058,4076,4079,4099,4108,4109,4150,4160,4166,4174,4196,4219,4225,4234,4236,4251,4266,4269,4280,4296,4324,4331,4337,4338,4342,4362,4375,4377,4392,4396,4432,4434,4451,4495,4508,4510,4516,4540,4548,4558,4570,4571,4572,4612,4642,4657,4665,4670,4677,4680,4682,4699,4700,4713,4737,4746,4759,4768,4772,4773,4782,4788,4806,4816,4819,4827,4830,4856,4906,5016,5025,5028,5030,5054,5057,5069,5084,5092,5093,5127,5129,5131,5137,5142,5146,5160,5161,5179,5181,5184,5201,5206,5249,5259,5276,5279,5286,5291,5297,5335,5342,5353,5361,5362,5373,5375,5408,5411,5423,5440,5452,5456,5470,5492,5502,5503,5518,5545,5550,5561,5565,5578,5581,5586,5595,5599,5604,5621,5622,5623,5640,5644,5654,5656,5663,5670,5673,5688,5706,5732,5734,5739,5763,5774,5777,5784,5832,5833,5835,5842,5844,5847,5860,5863,5865,5879,5882,5886,5902,5908,5926,5936,5937,5949,5950,5957,5959,5964,5982,5984,5985,6004,6009,6044,6067,6107,6112,6119,6138,6149,6167,6169,6171,6174,6182,6183,6187,6188,6192,6194,6195,6198,6206,6214,6218,6220,6231,6243,6248,6249,6270,6286,6307,6308,6313,6315,6319,6324,6327,6329,6330,6331,6336,6343,6349,6352,6369,6372,6383,6393,6396,6400,6405,6409,6432,6450,6455,6456,6457,6463,6466,6483,6491,6496,6507,6512,6517,6528,6553,6564,6588,6602,6603,6621,6629,6630,6633,6647,6677,6696,6698,6699,6707,6711,6731,6735,6738,6746,6756,6761,6768,6806,6829,6865,6873,6874,6882,6890,6899,6917,6925,6936,6953,6955,6962,6964,6966,6970,6994,7011,7012,7024,7040,7054,7069,7078,7094,7103,7107,7124,7136,7137,7138,7149,7167,7185,7195,7199,7212,7233,7304,7311,7320,7338,7339,7367,7371,7380,7391,7395,7398,7400,7406,7416,7418,7423,7424,7426,7428,7439,7443,7447,7450,7464,7465,7472,7494,7527,7544,7553,7558,7562,7587,7599,7606,7613,7619,7631,7642,7651,7652,7654,7668,7705,7720,7737,7761,7778,7820,7832,7833,7867,7876,7884,7885,7891,7893,7899,7908,7913,7914,7933,7993,7998,8003,8007,8012,8018,8059,8098,8114,8120,8128,8134,8165,8166,8187,8189,8190,8210,8212,8214,8215,8224,8229,8258,8266,8270,8277,8280,8288,8290,8294,8322,8336,8347,8348,8349,8358,8376,8378,8379,8380,8383,8390,8394,8405,8412,8416,8418,8423,8427,8428,8438,8442,8448,8457,8458,8482,8485,8489,8491,8500,8507,8518,8531,8539,8551,8573,8577,8578,8602,8622,8623,8634,8654,8655,8656,8706,8707,8725,8729,8730,8739,8746,8747,8749,8750,8758,8759,8763,8768,8774,8776,8792,8795,8814,8818,8820,8826,8843,8845,8855,8856,8883,8884,8902,8904,8909,8917,8922,8923,8931,8933,8944,8948,8949,8958,8960,8965,8969,8978,8989,8995,8997,9002,9003,9007,9008,9012,9033,9037,9040,9045,9048,9050,9063,9073,9081,9098,9111,9112,9120,9124,9125,9136,9140,9151,9153,9165,9178,9192,9198,9205,9211,9215,9221,9233,9249,9254,9257,9264,9266,9271,9282,9284,9292,9298,9308,9329,9344,9357,9361,9386,9390,9391,9396,9399,9417,9444,9455,9468,9486,9492,9494,9501,9502,9504,9515,9518,9519,9521,9533,9543,9553,9556,9564,9566,9579,9586,9590,9594,9600,9631,9632,9633,9637,9638,9649,9660,9664,9669,9676,9681,9693,9699,9707,9709,9716,9719,9721,9724,9728,9732,9735,9740,9751,9752,9765,9776,9806,9820,9821,9829,9841,9844,9857,9863,9896,9904,9915,9916,9918,9931,9932,9967,9975,9976,9979,9996,10024,10028,10042,10060,10061,10063,10087,10098,10100,10106,10117,10153,10184,10190,10194
8625
3715
1034,2021,7930
23,31,64,74,100,151,163,164,186,188,198,245,249,275,281,304,314,316,319,325,366,389,417,423,461,485,493,500,522,527,566,569,584,585,638,639,640,652,693,695,702,725,733,782,803,843,886,932,950,984,1004,1028,1030,1085,1088,1089,1094,1098,1102,1111,1119,1126,1139,1141,1156,1160,1186,1191,1200,1214,1219,1235,1247,1248,1249,1250,1251,1252,1259,1267,1272,1378,1392,1414,1420,1424,1430,1431,1443,1480,1487,1509,1523,1524,1546,1568,1570,1579,1590,1630,1658,1671,1677,1703,1711,1715,1718,1759,1803,1804,1805,1806,1815,1828,1832,1840,1847,1848,1885,1888,1899,1911,1928,1966,1982,2019,2042,2060,2071,2072,2094,2105,2129,2146,2147,2148,2151,2160,2176,2190,2191,2211,2230,2232,2236,2237,2238,2276,2279,2288,2306,2307,2308,2309,2310,2311,2312,2313,2314,2329,2333,2334,2350,2357,2371,2377,2379,2389,2390,2391,2401,2404,2416,2417,2418,2419,2431,2432,2434,2435,2436,2437,2439,2440,2441,2442,2446,2454,2472,2487,2488,2493,2530,2576,2577,2596,2618,2667,2668,2679,2682,2704,2749,2750,2772,2786,2794,2795,2816,2820,2831,2914,2931,2945,3017,3036,3041,3065,3079,3092,3111,3134,3148,3169,3194,3201,3204,3215,3230,3253,3295,3296,3297,3299,3313,3314,3358,3367,3376,3377,3378,3379,3380,3381,3382,3383,3384,3404,3405,3414,3415,3416,3417,3418,3419,3420,3421,3463,3475,3486,3494,3495,3508,3517,3540,3541,3546,3575,3589,3632,3635,3636,3639,3640,3641,3642,3643,3667,3689,3694,3702,3713,3722,3758,3783,3796,3800,3825,3829,3835,3837,3899,3901,3916,3953,3978,4044,4071,4111,4112,4113,4115,4133,4142,4145,4153,4176,4188,4189,4190,4193,4222,4229,4240,4241,4248,4249,4256,4267,4276,4283,4314,4321,4322,4334,4339,4346,4383,4385,4407,4428,4431,4468,4503,4504,4541,4565,4569,4577,4583,4596,4621,4625,4628,4629,4630,4638,4639,4652,4668,4672,4673,4683,4728,4731,4732,4740,4748,4757,4811,4817,4855,4865,4873,4887,4900,4902,4918,4928,4945,4969,5001,5026,5033,5055,5074,5087,5121,5135,5139,5144,5154,5173,5178,5199,5218,5219,5220,5227,5253,5265,5266,5273,5278,5307,5308,5309,5368,5390,5412,5422,5428,5438,5443,5457,5485,5493,5515,5517,5541,5542,5552,5554,5556,5562,5575,5593,5598,5632,5634,5636,5722,5724,5726,5735,5741,5745,5766,5787,5797,5798,5827,5850,5880,5891,5904,5923,5934,5942,5943,5944,5945,5973,5999,6025,6105,6127,6159,6162,6166,6199,6208,6221,6253,6265,6274,6275,6276,6277,6279,6297,6353,6360,6391,6407,6412,6452,6453,6464,6487,6497,6509,6514,6522,6546,6569,6576,6578,6579,6589,6606,6613,6632,6708,6727,6732,6737,6742,6770,6792,6842,6845,6850,6857,6859,6871,6916,6973,6988,7000,7001,7046,7062,7067,7070,7111,7131,7140,7168,7179,7180,7181,7186,7193,7205,7206,7209,7210,7226,7235,7242,7285,7287,7289,7290,7292,7298,7329,7337,7349,7350,7351,7352,7357,7359,7366,7385,7438,7448,7486,7487,7489,7506,7535,7551,7556,7565,7577,7601,7612,7618,7621,7628,7660,7673,7708,7723,7748,7751,7757,7759,7764,7765,7777,7786,7794,7801,7828,7831,7834,7839,7846,7854,7863,7869,7880,7905,7927,7966,7967,7968,7970,7981,8005,8068,8104,8135,8158,8168,8186,8199,8204,8211,8218,8220,8230,8234,8274,8276,8281,8296,8307,8333,8342,8343,8344,8350,8362,8419,8420,8473,8486,8487,8490,8497,8501,8513,8529,8530,8541,8542,8561,8586,8592,8593,8596,8608,8617,8619,8652,8686,8696,8731,8781,8787,8793,8800,8808,8813,8844,8866,8869,8881,8907,8945,9021,9065,9101,9104,9107,9110,9139,9163,9174,9252,9299,9310,9315,9319,9326,9408,9425,9430,9438,9440,9462,9465,9467,9491,9496,9503,9527,9548,9565,9588,9622,9682,9689,9696,9704,9706,9729,9734,9739,9744,9763,9774,9792,9815,9818,9824,9830,9846,9854,9862,9898,9899,9902,9911,9938,9939,9950,9958,9981,9983,9987,9999,10032,10037,10052,10053,10072,10077,10084,10085,10091,10092,10115,10118,10122,10125,10136,10157,10160
13,15,24,25,26,27,29,30,34,35,39,40,41,42,45,48,51,53,55,57,59,60,65,71,72,76,77,78,79,81,83,84,88,94,97,102,105,106,108,109,112,115,116,118,119,124,125,131,132,134,138,139,140,141,142,145,146,150,152,158,159,166,170,173,175,182,183,187,189,191,192,197,199,201,203,204,205,207,211,214,218,219,222,230,231,234,236,238,242,248,250,251,252,253,254,255,257,258,260,262,268,269,271,272,274,279,280,282,286,288,289,290,296,298,302,303,306,309,313,318,321,323,324,327,328,333,334,337,341,345,352,356,362,368,369,371,372,373,375,376,378,382,383,390,392,393,395,401,406,407,409,410,412,413,418,427,429,432,433,435,437,439,442,444,446,450,456,458,462,464,469,472,474,476,479,482,484,487,488,489,490,491,492,496,498,503,504,505,506,508,510,511,512,515,516,517,518,519,526,530,534,535,540,541,545,551,552,553,558,567,568,571,580,587,588,594,595,597,598,600,601,602,603,605,609,613,617,620,626,627,634,636,637,641,642,645,647,648,650,653,654,656,657,658,660,661,662,665,666,671,672,673,683,686,687,694,698,707,709,711,715,717,721,724,726,731,734,737,738,739,742,744,747,748,754,757,759,760,761,765,766,769,777,778,779,781,783,784,786,787,790,792,793,798,799,801,805,806,807,809,811,814,815,816,821,822,825,831,836,839,841,842,845,847,848,862,863,867,868,872,873,875,876,878,879,880,883,889,890,892,895,896,901,903,905,907,909,910,916,919,925,939,940,942,946,951,953,954,956,957,959,960,963,964,965,967,969,970,973,974,989,991,992,995,996,997,1000,1001,1002,1003,1006,1007,1010,1011,1017,1019,1021,1023,1025,1032,1033,1038,1039,1040,1041,1048,1053,1054,1055,1057,1065,1068,1069,1070,1071,1073,1075,1076,1077,1080,1092,1093,1095,1096,1097,1101,1104,1105,1106,1109,1110,1113,1115,1116,1118,1120,1124,1128,1131,1132,1136,1137,1149,1157,1158,1162,1163,1166,1172,1176,1179,1183,1184,1187,1188,1190,1195,1229,1230,1233,1236,1237,1240,1241,1242,1243,1245,1258,1260,1261,1269,1273,1275,1276,1277,1284,1285,1286,1288,1289,1290,1291,1294,1295,1299,1306,1311,1323,1328,1329,1330,1332,1340,1342,1345,1346,1347,1352,1354,1358,1360,1361,1362,1363,1364,1368,1372,1374,1381,1383,1384,1385,1391,1393,1395,1396,1397,1401,1402,1407,1411,1412,1416,1417,1419,1426,1429,1436,1437,1438,1440,1441,1448,1450,1452,1454,1457,1458,1459,1462,1464,1465,1466,1470,1471,1477,1481,1484,1485,1488,1490,1493,1494,1500,1501,1503,1504,1505,1506,1507,1511,1513,1515,1516,1517,1518,1525,1526,1527,1528,1534,1536,1538,1543,1545,1547,1550,1551,1552,1553,1554,1555,1558,1560,1562,1576,1577,1580,1581,1586,1588,1592,1594,1596,1597,1598,1599,1603,1604,1609,1610,1612,1613,1615,1617,1618,1620,1622,1629,1631,1632,1633,1634,1638,1639,1640,1642,1644,1647,1648,1655,1656,1667,1668,1672,1674,1675,1685,1688,1692,1693,1694,1697,1702,1707,1709,1710,1716,1719,1721,1722,1723,1724,1725,1726,1727,1729,1730,1732,1733,1734,1735,1736,1737,1738,1739,1740,1741,1743,1744,1745,1746,1748,1749,1750,1751,1753,1754,1755,1756,1758,1802,1812,1813,1814,1816,1817,1818,1819,1822,1824,1852,1856,1857,1861,1862,1863,1864,1865,1868,1869,1870,1873,1880,1895,1898,1900,1906,1908,1912,1914,1921,1924,1925,1926,1940,1941,1947,1957,1959,1961,1968,1969,1974,1975,1979,1981,1983,1987,1990,1991,1992,1993,1994,1999,2000,2007,2008,2010,2011,2014,2015,2016,2017,2018,2020,2022,2023,2024,2027,2029,2037,2046,2054,2055,2057,2058,2061,2065,2067,2068,2069,2077,2087,2088,2089,2093,2095,2096,2097,2099,2103,2109,2112,2115,2116,2119,2120,2124,2126,2128,2130,2131,2134,2140,2141,2143,2145,2171,2174,2180,2183,2186,2192,2193,2194,2195,2198,2202,2203,2210,2215,2216,2217,2218,2220,2221,2222,2223,2224,2225,2227,2235,2248,2249,2256,2261,2262,2263,2269,2270,2274,2282,2284,2286,2293,2301,2302,2303,2304,2316,2317,2321,2322,2327,2331,2337,2342,2343,2344,2348,2349,2352,2354,2355,2364,2368,2380,2384,2385,2386,2387,2388,2395,2396,2397,2400,2406,2408,2415,2429,2447,2448,2450,2455,2458,2460,2463,2467,2473,2474,2475,2476,2482,2483,2485,2496,2499,2501,2503,2505,2510,2513,2514,2515,2519,2525,2527,2528,2531,2533,2538,2540,2542,2544,2546,2570,2571,2572,2588,2589,2590,2594,2598,2599,2600,2601,2606,2607,2609,2611,2614,2615,2617,2619,2625,2629,2633,2636,2638,2640,2642,2644,2649,2652,2659,2661,2671,2673,2675,2676,2677,2678,2685,2686,2688,2691,2693,2694,2697,2698,2699,2700,2705,2706,2708,2709,2710,2716,2718,2720,2721,2723,2724,2725,2728,2729,2731,2732,2734,2735,2736,2737,2741,2744,2752,2758,2760,2762,2765,2770,2773,2774,2782,2783,2791,2800,2809,2812,2813,2815,2818,2823,2825,2826,2827,2829,2830,2834,2839,2848,2849,2851,2852,2853,2854,2857,2859,2860,2862,2864,2865,2866,2868,2870,2871,2874,2875,2876,2877,2881,2883,2884,2886,2892,2893,2896,2899,2901,2903,2905,2906,2908,2909,2910,2912,2913,2916,2918,2919,2921,2922,2925,2926,2927,2929,2932,2934,2935,2937,2939,2941,2942,2944,2946,2947,2949,2950,2951,2953,2956,2957,2964,2966,2968,2969,2971,2972,2974,2975,2976,2977,2978,2993,2994,2997,2998,2999,3000,3005,3008,3010,3013,3019,3020,3022,3034,3038,3039,3040,3045,3054,3058,3059,3067,3068,3069,3070,3072,3073,3074,3075,3081,3085,3088,3090,3094,3097,3102,3106,3107,3110,3113,3114,3135,3136,3137,3138,3141,3142,3145,3147,3151,3156,3157,3159,3161,3162,3163,3164,3165,3166,3167,3168,3172,3174,3178,3180,3182,3184,3186,3187,3188,3189,3190,3195,3197,3198,3199,3200,3205,3208,3210,3220,3223,3225,3229,3232,3236,3237,3239,3241,3244,3248,3254,3258,3259,3265,3267,3271,3276,3278,3279,3281,3284,3293,3298,3300,3302,3304,3307,3309,3315,3319,3326,3341,3348,3356,3357,3361,3363,3368,3374,3386,3394,3396,3399,3400,3401,3402,3425,3429,3431,3432,3438,3441,3442,3446,3447,3448,3449,3451,3452,3453,3454,3455,3456,3459,3460,3464,3465,3467,3470,3472,3473,3478,3481,3498,3503,3504,3505,3506,3510,3515,3516,3523,3525,3526,3528,3530,3536,3537,3538,3539,3547,3557,3560,3565,3566,3567,3578,3581,3582,3583,3597,3598,3599,3601,3604,3612,3613,3619,3623,3624,3625,3629,3654,3655,3657,3658,3659,3660,3665,3666,3668,3673,3675,3677,3686,3688,3690,3691,3693,3695,3701,3703,3706,3708,3714,3716,3724,3726,3728,3729,3735,3738,3740,3741,3743,3745,3748,3749,3750,3753,3754,3755,3761,3762,3763,3765,3766,3767,3770,3771,3773,3777,3778,3779,3781,3782,3792,3799,3802,3805,3807,3811,3812,3813,3815,3816,3817,3818,3826,3830,3839,3843,3847,3849,3853,3855,3858,3863,3866,3867,3869,3875,3877,3879,3881,3882,3883,3885,3890,3893,3894,3895,3897,3905,3906,3912,3914,3919,3921,3926,3929,3937,3938,3942,3946,3947,3948,3954,3955,3959,3960,3961,3962,3963,3964,3965,3972,3974,3975,3983,3984,3987,3989,3993,3996,3997,3998,4001,4003,4006,4009,4010,4011,4013,4014,4015,4017,4023,4026,4027,4031,4035,4038,4039,4043,4045,4046,4047,4056,4063,4065,4066,4072,4073,4080,4081,4084,4085,4086,4090,4091,4092,4093,4104,4106,4107,4118,4119,4120,4121,4122,4123,4126,4127,4128,4130,4131,4132,4134,4138,4141,4147,4148,4149,4159,4161,4162,4169,4171,4175,4177,4178,4180,4182,4183,4184,4203,4204,4217,4226,4230,4231,4232,4233,4243,4245,4250,4252,4253,4260,4268,4273,4277,4282,4284,4285,4286,4291,4292,4293,4295,4297,4300,4302,4304,4305,4307,4308,4311,4312,4327,4348,4349,4353,4355,4361,4365,4368,4386,4387,4388,4389,4393,4397,4402,4404,4410,4417,4418,4421,4423,4424,4430,4437,4439,4449,4453,4456,4457,4462,4463,4466,4467,4471,4475,4476,4478,4479,4484,4492,4496,4497,4500,4501,4502,4506,4517,4520,4521,4523,4524,4526,4527,4534,4538,4539,4542,4546,4550,4553,4560,4561,4562,4563,4573,4578,4579,4586,4590,4591,4592,4597,4599,4602,4603,4606,4607,4614,4616,4619,4622,4624,4637,4641,4643,4644,4645,4650,4651,4653,4654,4656,4661,4662,4663,4664,4669,4681,4684,4685,4686,4691,4694,4695,4696,4697,4698,4701,4702,4703,4705,4706,4708,4709,4710,4714,4716,4717,4719,4720,4723,4730,4736,4738,4741,4742,4744,4747,4750,4752,4754,4756,4758,4763,4764,4766,4767,4770,4771,4775,4784,4789,4790,4792,4793,4796,4797,4799,4804,4807,4809,4812,4814,4815,4818,4821,4823,4832,4833,4835,4837,4838,4842,4843,4846,4847,4858,4859,4861,4862,4863,4870,4874,4880,4881,4885,4891,4904,4908,4909,4910,4919,4920,4921,4922,4923,4932,4935,4936,4939,4940,4942,4948,4949,4950,4951,4954,4955,4959,4965,4966,4968,4970,4972,4974,4976,4983,4993,4994,4996,4997,4998,5000,5005,5006,5007,5008,5010,5015,5017,5018,5019,5020,5021,5022,5023,5024,5027,5032,5036,5041,5042,5043,5044,5045,5050,5056,5058,5061,5064,5067,5068,5071,5072,5075,5077,5079,5080,5081,5083,5085,5094,5097,5098,5101,5102,5110,5122,5123,5133,5140,5141,5148,5149,5151,5153,5164,5167,5170,5172,5174,5175,5182,5183,5187,5190,5191,5192,5194,5195,5197,5200,5202,5203,5204,5207,5209,5210,5211,5212,5222,5229,5234,5236,5237,5238,5243,5247,5248,5256,5263,5268,5269,5270,5274,5277,5283,5292,5294,5296,5300,5301,5302,5303,5304,5306,5310,5311,5313,5314,5315,5321,5325,5328,5329,5336,5337,5340,5344,5345,5348,5350,5354,5355,5356,5357,5358,5364,5366,5374,5378,5382,5387,5391,5395,5396,5407,5409,5410,5413,5414,5415,5420,5424,5426,5427,5434,5436,5439,5450,5454,5455,5458,5463,5469,5473,5475,5477,5480,5481,5482,5484,5486,5487,5488,5490,5491,5495,5497,5498,5506,5509,5510,5511,5513,5516,5521,5523,5527,5529,5531,5534,5536,5537,5538,5546,5548,5549,5553,5558,5560,5563,5564,5566,5571,5572,5573,5583,5585,5588,5589,5590,5591,5600,5601,5602,5605,5607,5608,5609,5610,5613,5614,5616,5617,5628,5635,5637,5638,5639,5641,5645,5646,5647,5648,5649,5655,5657,5661,5662,5664,5669,5671,5674,5675,5679,5680,5683,5686,5692,5696,5697,5698,5699,5701,5703,5705,5707,5711,5713,5714,5719,5720,5721,5723,5725,5727,5733,5743,5747,5749,5751,5753,5755,5760,5761,5764,5767,5772,5773,5775,5779,5789,5791,5792,5795,5796,5804,5806,5807,5809,5819,5821,5822,5823,5824,5828,5829,5836,5839,5840,5843,5848,5849,5853,5855,5857,5858,5859,5864,5866,5867,5868,5870,5871,5872,5875,5876,5877,5878,5885,5887,5888,5889,5895,5897,5898,5903,5907,5910,5912,5913,5915,5917,5919,5920,5921,5922,5925,5928,5931,5932,5933,5941,5947,5951,5961,5962,5966,5968,5969,5970,5974,5975,5976,5977,5981,5983,5987,5989,5991,5992,5994,6014,6016,6017,6020,6023,6032,6045,6047,6048,6049,6054,6058,6062,6063,6065,6066,6071,6075,6076,6078,6080,6082,6083,6084,6085,6086,6091,6092,6093,6094,6099,6100,6103,6110,6113,6116,6117,6118,6120,6122,6125,6134,6135,6136,6141,6142,6145,6150,6151,6156,6165,6168,6170,6172,6177,6178,6190,6196,6200,6202,6210,6212,6216,6217,6223,6227,6229,6230,6232,6234,6236,6244,6252,6254,6255,6256,6258,6261,6263,6264,6266,6267,6268,6269,6271,6280,6288,6289,6291,6293,6295,6300,6301,6302,6303,6310,6316,6317,6318,6320,6323,6325,6332,6335,6338,6345,6347,6348,6354,6357,6368,6370,6371,6375,6378,6380,6384,6385,6387,6394,6395,6398,6403,6404,6406,6408,6413,6414,6416,6427,6434,6435,6439,6440,6445,6449,6458,6459,6460,6461,6462,6465,6467,6468,6470,6472,6474,6475,6476,6477,6478,6481,6484,6486,6492,6498,6499,6500,6501,6502,6505,6506,6510,6513,6515,6516,6518,6519,6520,6529,6530,6531,6532,6535,6540,6545,6551,6552,6560,6563,6565,6566,6570,6571,6574,6581,6583,6587,6591,6592,6593,6594,6595,6596,6597,6598,6599,6601,6607,6608,6612,6620,6623,6626,6628,6634,6635,6640,6641,6642,6644,6648,6654,6657,6662,6664,6666,6669,6670,6671,6672,6673,6674,6675,6676,6678,6679,6681,6682,6686,6687,6688,6689,6690,6697,6702,6704,6705,6709,6714,6715,6717,6718,6719,6720,6721,6734,6736,6739,6740,6743,6744,6747,6748,6750,6753,6754,6755,6758,6765,6767,6769,6772,6774,6775,6779,6783,6784,6785,6787,6788,6791,6797,6801,6803,6807,6810,6811,6815,6822,6823,6824,6825,6826,6830,6831,6833,6839,6840,6843,6844,6846,6847,6849,6856,6864,6868,6875,6876,6877,6880,6881,6887,6889,6891,6894,6898,6901,6902,6903,6905,6907,6913,6920,6924,6928,6929,6930,6932,6933,6934,6935,6938,6939,6940,6941,6943,6951,6957,6958,6963,6965,6968,6971,6972,6977,6981,6982,6983,6984,6986,6987,6989,6995,6996,6999,7002,7019,7022,7023,7032,7035,7036,7039,7041,7042,7043,7044,7045,7048,7051,7052,7055,7057,7058,7060,7065,7072,7073,7075,7079,7080,7081,7082,7084,7085,7086,7087,7089,7092,7093,7095,7096,7098,7099,7110,7115,7119,7120,7127,7135,7139,7141,7143,7144,7146,7147,7150,7151,7152,7153,7154,7155,7156,7157,7158,7160,7162,7164,7166,7169,7171,7172,7178,7182,7183,7188,7189,7190,7191,7194,7215,7218,7228,7230,7231,7237,7243,7244,7247,7248,7249,7251,7252,7258,7259,7260,7261,7262,7263,7265,7267,7268,7269,7270,7271,7272,7275,7277,7278,7279,7281,7282,7293,7296,7297,7299,7301,7302,7306,7309,7312,7319,7321,7322,7323,7324,7326,7327,7328,7330,7331,7334,7340,7341,7347,7348,7354,7356,7360,7361,7369,7372,7373,7374,7376,7378,7379,7381,7384,7387,7390,7393,7396,7402,7403,7407,7408,7412,7413,7417,7422,7427,7430,7433,7434,7435,7436,7441,7442,7444,7451,7454,7455,7456,7458,7466,7467,7469,7477,7478,7479,7480,7482,7484,7488,7491,7492,7496,7498,7499,7501,7502,7503,7505,7507,7508,7510,7511,7512,7513,7516,7517,7518,7519,7520,7521,7522,7523,7526,7528,7530,7534,7537,7539,7542,7545,7547,7548,7550,7552,7555,7557,7559,7560,7566,7570,7571,7575,7576,7579,7584,7586,7588,7589,7593,7594,7603,7605,7607,7615,7616,7623,7624,7629,7632,7633,7635,7639,7641,7644,7645,7647,7650,7655,7656,7657,7658,7662,7663,7664,7667,7669,7674,7675,7678,7679,7680,7681,7684,7686,7688,7689,7691,7695,7698,7703,7704,7707,7710,7711,7712,7715,7716,7719,7725,7729,7730,7731,7733,7738,7740,7744,7745,7746,7750,7752,7754,7760,7762,7763,7766,7768,7770,7771,7775,7779,7780,7788,7789,7797,7799,7800,7804,7806,7807,7809,7811,7815,7816,7818,7819,7823,7824,7827,7836,7837,7842,7844,7845,7848,7849,7850,7862,7864,7865,7866,7871,7874,7875,7877,7879,7881,7886,7887,7888,7889,7895,7903,7907,7910,7915,7916,7917,7919,7920,7922,7928,7934,7935,7937,7944,7945,7946,7959,7969,7971,7972,7973,7974,7975,7976,7977,7978,7984,7987,7989,7990,7991,7992,7994,7997,8001,8008,8011,8013,8014,8017,8019,8021,8027,8031,8033,8035,8036,8038,8039,8040,8041,8042,8043,8044,8045,8046,8048,8051,8052,8053,8054,8064,8065,8066,8067,8069,8071,8072,8073,8075,8078,8079,8080,8081,8082,8083,8085,8086,8087,8088,8090,8091,8092,8094,8096,8097,8101,8102,8106,8110,8111,8116,8117,8121,8125,8137,8138,8141,8143,8144,8145,8147,8149,8154,8157,8159,8161,8162,8171,8173,8174,8180,8183,8185,8192,8193,8194,8196,8197,8200,8201,8202,8205,8207,8208,8217,8221,8222,8223,8227,8228,8233,8235,8241,8244,8246,8247,8251,8252,8256,8257,8259,8260,8262,8265,8267,8271,8273,8278,8282,8285,8287,8292,8293,8295,8297,8299,8300,8302,8306,8308,8310,8312,8313,8316,8317,8318,8320,8321,8323,8325,8330,8337,8339,8340,8346,8351,8353,8356,8360,8361,8364,8366,8367,8368,8370,8371,8373,8377,8382,8387,8388,8389,8391,8392,8393,8395,8397,8399,8400,8403,8404,8406,8407,8408,8417,8422,8424,8425,8426,8429,8432,8434,8436,8437,8440,8441,8444,8446,8449,8451,8452,8453,8455,8456,8460,8463,8465,8466,8467,8468,8472,8475,8476,8477,8478,8479,8480,8481,8483,8495,8496,8499,8502,8505,8506,8509,8510,8511,8519,8522,8524,8525,8532,8533,8534,8536,8537,8538,8552,8553,8556,8560,8562,8563,8566,8567,8574,8575,8576,8584,8585,8587,8588,8591,8594,8595,8597,8598,8600,8603,8604,8612,8613,8614,8615,8616,8618,8620,8624,8630,8631,8633,8635,8636,8637,8638,8639,8641,8642,8643,8644,8645,8649,8650,8653,8657,8659,8666,8667,8668,8671,8675,8676,8678,8679,8680,8681,8682,8683,8684,8685,8687,8692,8693,8694,8695,8700,8701,8703,8705,8709,8710,8713,8715,8717,8721,8724,8727,8728,8735,8737,8738,8742,8748,8757,8760,8761,8764,8765,8766,8767,8770,8777,8782,8786,8789,8790,8794,8797,8799,8805,8806,8811,8815,8816,8819,8823,8824,8829,8830,8835,8837,8839,8840,8847,8851,8852,8859,8861,8864,8867,8870,8872,8874,8876,8877,8878,8879,8880,8886,8888,8889,8890,8893,8894,8898,8899,8900,8901,8903,8905,8906,8908,8911,8912,8913,8914,8915,8916,8919,8920,8924,8928,8934,8935,8936,8938,8939,8940,8942,8943,8947,8950,8952,8954,8955,8961,8962,8963,8966,8968,8973,8980,8981,8983,8984,8988,8990,8991,8992,8993,8994,8996,8998,9000,9009,9011,9013,9014,9015,9018,9020,9025,9026,9032,9035,9036,9038,9041,9047,9052,9053,9056,9058,9059,9074,9075,9077,9082,9083,9085,9090,9092,9093,9095,9096,9097,9099,9103,9113,9114,9115,9118,9121,9129,9133,9134,9141,9143,9145,9146,9148,9150,9152,9157,9164,9167,9168,9169,9173,9175,9176,9179,9180,9181,9182,9184,9185,9189,9190,9197,9199,9200,9201,9207,9208,9212,9213,9214,9217,9218,9219,9223,9225,9228,9235,9236,9239,9240,9242,9243,9245,9246,9248,9251,9255,9258,9261,9262,9263,9270,9272,9274,9278,9283,9287,9288,9289,9290,9293,9295,9296,9300,9301,9302,9303,9306,9307,9309,9312,9313,9322,9327,9331,9332,9333,9334,9337,9340,9341,9343,9346,9347,9348,9349,9350,9352,9353,9354,9355,9358,9362,9363,9364,9367,9369,9370,9374,9375,9376,9377,9381,9383,9385,9388,9392,9393,9397,9401,9403,9404,9405,9409,9411,9414,9416,9419,9422,9423,9426,9427,9429,9433,9436,9437,9441,9442,9443,9445,9446,9448,9449,9450,9453,9454,9456,9457,9459,9469,9470,9471,9473,9474,9475,9479,9480,9481,9482,9485,9488,9497,9499,9500,9506,9508,9511,9513,9517,9524,9535,9537,9541,9546,9554,9555,9563,9567,9572,9576,9577,9578,9585,9591,9593,9598,9599,9602,9607,9609,9610,9612,9614,9615,9617,9619,9621,9625,9627,9628,9634,9635,9640,9641,9642,9643,9645,9646,9647,9648,9650,9651,9652,9653,9655,9656,9659,9666,9667,9670,9674,9678,9680,9684,9688,9690,9691,9695,9701,9702,9708,9711,9712,9713,9714,9717,9718,9720,9722,9723,9727,9731,9738,9743,9747,9756,9757,9762,9766,9775,9777,9778,9780,9782,9784,9788,9795,9796,9800,9802,9803,9805,9807,9809,9810,9811,9812,9817,9819,9822,9831,9832,9837,9840,9847,9848,9850,9853,9856,9859,9860,9866,9869,9870,9882,9887,9888,9889,9893,9894,9897,9901,9906,9910,9913,9921,9923,9927,9928,9930,9933,9935,9937,9942,9943,9944,9945,9947,9949,9951,9953,9954,9955,9957,9962,9966,9968,9969,9970,9971,9972,9974,9977,9978,9982,9985,9989,9994,10000,10003,10008,10009,10010,10012,10013,10014,10017,10022,10027,10031,10034,10035,10036,10040,10041,10046,10047,10050,10054,10055,10059,10065,10066,10068,10071,10079,10081,10082,10086,10089,10090,10093,10095,10096,10101,10104,10111,10112,10113,10124,10126,10127,10128,10129,10132,10133,10135,10137,10140,10141,10143,10144,10147,10150,10152,10158,10159,10161,10162,10164,10165,10166,10167,10168,10170,10174,10178,10179,10183,10186,10191,10193,10195
5906
8801,10033
9673
2049
3031,3115,4170,10030
6948,7345,9872
625,4735
3422
1,7,9,12,14,32,43,47,54,58,92,104,107,121,137,144,149,160,161,172,227,233,247,292,301,336,349,351,367,379,380,404,416,436,443,445,465,466,475,483,528,532,533,538,556,565,572,573,576,583,590,604,614,618,623,629,649,663,668,670,679,689,692,706,712,728,740,750,751,770,810,844,859,860,887,900,921,922,924,928,930,935,936,937,938,943,944,945,961,980,987,1060,1086,1087,1090,1103,1108,1140,1148,1161,1168,1173,1177,1238,1244,1246,1278,1300,1348,1351,1355,1370,1376,1387,1399,1400,1406,1410,1422,1423,1427,1435,1445,1446,1449,1514,1521,1565,1608,1611,1627,1645,1646,1663,1676,1701,1714,1761,1799,1800,1807,1811,1827,1831,1833,1835,1837,1839,1841,1842,1844,1850,1851,1877,1878,1883,1884,1886,1887,1890,1893,1897,1909,1910,1917,1929,1931,1932,1933,1934,1935,1937,1944,1954,1955,1986,2078,2081,2127,2138,2149,2150,2153,2156,2159,2182,2187,2188,2189,2197,2204,2205,2212,2213,2231,2252,2253,2259,2265,2305,2318,2339,2345,2393,2456,2459,2491,2494,2506,2518,2569,2591,2592,2595,2603,2624,2639,2643,2646,2647,2657,2660,2662,2666,2672,2713,2714,2715,2733,2751,2753,2754,2755,2757,2764,2796,2814,2863,2897,2911,2917,2923,2928,2962,2967,3033,3071,3084,3122,3123,3133,3139,3144,3170,3171,3209,3212,3217,3221,3235,3301,3306,3310,3332,3335,3344,3353,3355,3359,3373,3390,3391,3392,3458,3471,3476,3487,3491,3492,3514,3520,3522,3588,3600,3616,3653,3672,3682,3692,3704,3705,3707,3712,3723,3734,3746,3751,3764,3791,3794,3845,3857,3891,3910,3935,3944,3976,3995,4000,4007,4024,4028,4040,4052,4067,4068,4105,4163,4215,4239,4261,4262,4263,4287,4316,4440,4441,4442,4448,4491,4509,4512,4585,4588,4598,4601,4608,4635,4648,4666,4671,4674,4676,4679,4692,4724,4725,4726,4727,4755,4761,4794,4800,4839,4844,4849,4866,4890,4892,4901,4927,4979,4981,4992,5009,5013,5034,5035,5038,5039,5063,5066,5076,5096,5120,5124,5136,5138,5155,5168,5169,5180,5213,5214,5215,5280,5287,5298,5341,5351,5370,5386,5394,5417,5460,5467,5479,5504,5508,5526,5533,5540,5557,5606,5624,5627,5652,5728,5740,5752,5757,5782,5801,5803,5812,5813,5814,5816,5873,5892,5916,5956,5990,6005,6010,6015,6028,6030,6034,6043,6070,6072,6074,6111,6128,6137,6152,6161,6164,6189,6191,6246,6247,6284,6328,6340,6344,6362,6366,6382,6425,6473,6504,6556,6557,6600,6610,6655,6658,6680,6700,6722,6751,6760,6773,6781,6812,6852,6853,6867,6904,6909,6911,6915,6926,6947,6956,6969,6978,6993,7026,7033,7034,7038,7056,7071,7074,7117,7129,7132,7148,7159,7163,7173,7211,7229,7240,7250,7307,7358,7364,7386,7389,7399,7437,7445,7475,7490,7509,7567,7572,7581,7598,7620,7625,7634,7637,7643,7648,7661,7665,7682,7694,7701,7747,7772,7787,7792,7803,7821,7851,7868,7883,7892,7909,7925,7929,7932,7938,8006,8016,8022,8025,8056,8063,8070,8074,8076,8112,8113,8118,8119,8153,8206,8209,8232,8236,8263,8268,8272,8286,8304,8314,8326,8357,8363,8365,8396,8431,8433,8492,8493,8508,8521,8526,8540,8545,8550,8569,8571,8590,8601,8607,8663,8664,8712,8720,8741,8753,8754,8807,8841,8842,8860,8865,8885,8887,8891,8896,8929,8959,8964,8975,8986,8987,8999,9051,9060,9064,9072,9087,9122,9127,9135,9137,9144,9154,9191,9224,9231,9237,9260,9267,9268,9275,9276,9281,9323,9324,9336,9345,9351,9359,9360,9371,9387,9407,9421,9434,9452,9466,9476,9505,9507,9509,9526,9532,9539,9544,9552,9557,9559,9568,9581,9603,9613,9630,9683,9686,9697,9703,9733,9742,9772,9781,9790,9793,9826,9835,9838,9861,9868,9874,9885,9890,9948,9963,9980,9993,10005,10018,10023,10056,10075,10094,10099,10109,10121,10134,10146,10171,10175,10192
838
3985,3986
6173
1152,6087
3479,3480
28,243,291,294,295,507,543,616,643,674,677,762,904,1020,1047,1058,1067,1150,1180,1279,1415,1559,1845,2325,2502,2512,2695,2798,3014,3305,3365,4202,4382,4406,4531,4533,4595,4600,4605,4659,4712,4776,5196,5446,5472,5501,5505,5584,5642,5676,5754,5759,5765,5900,5911,5979,6027,6123,6163,6376,6441,6471,6534,6618,6652,6653,6745,6870,7142,7177,7201,7343,7549,7591,7709,7718,7756,7902,7943,8060,8061,8123,8175,8261,8269,8359,8374,8385,8484,8558,8570,8662,9138,9160,9187,9316,9384,9582,9605,9914,9960,10045,10107
36,75,96,111,122,127,129,130,153,196,235,350,385,388,424,537,559,578,646,680,684,708,710,719,732,735,899,952,962,1014,1024,1043,1045,1061,1079,1081,1082,1175,1193,1239,1292,1293,1483,1486,1491,1564,1591,1605,1621,1628,1652,1661,1696,1855,1858,1923,2056,2106,2113,2275,2319,2372,2381,2403,2433,2451,2461,2465,2545,2582,2593,2626,2696,2745,2748,2766,2771,2838,2894,2900,2938,2943,2948,2980,2985,3025,3027,3044,3066,3077,3264,3330,3345,3372,3395,3397,3398,3436,3570,3576,3591,3592,3622,3697,3874,3888,3911,3920,3939,3940,3979,4002,4005,4051,4077,4083,4144,4152,4154,4155,4156,4157,4211,4405,4420,4452,4460,4469,4470,4474,4511,4515,4529,4547,4549,4552,4555,4574,4647,4745,4786,4822,4864,4883,4907,4967,5003,5062,5159,5185,5189,5288,5295,5312,5338,5339,5349,5352,5400,5401,5402,5403,5404,5405,5406,5447,5474,5483,5530,5567,5570,5587,5658,5693,5694,5712,5768,5769,5771,5805,5837,5909,5918,5924,5929,5939,5946,5965,5967,5971,5980,6002,6008,6013,6029,6037,6057,6060,6079,6089,6222,6235,6281,6287,6292,6294,6296,6298,6299,6311,6312,6379,6389,6392,6397,6401,6480,6485,6511,6543,6547,6550,6555,6558,6572,6573,6575,6582,6706,6733,6749,6752,6763,6778,6832,6861,6945,6952,6959,7015,7021,7027,7049,7053,7068,7106,7116,7170,7200,7239,7255,7280,7303,7344,7410,7452,7495,7504,7564,7568,7569,7574,7608,7610,7611,7622,7646,7732,7734,7774,7798,7896,7897,7904,7918,7924,7926,7942,7950,7961,7962,7963,7979,7980,8026,8030,8122,8127,8177,8213,8254,8327,8334,8384,8401,8402,8409,8411,8413,8414,8415,8421,8445,8450,8461,8515,8528,8543,8546,8583,8628,8629,8658,8674,8688,8698,8704,8711,8734,8740,8744,8752,8773,8783,8788,8810,8827,8863,8895,8897,8921,8926,8930,8974,9017,9046,9057,9068,9089,9091,9094,9105,9161,9162,9172,9186,9241,9253,9265,9269,9294,9297,9317,9321,9389,9400,9418,9493,9538,9540,9573,9575,9595,9606,9608,9616,9618,9663,9665,9677,9692,9715,9768,9779,9787,9797,9804,9823,9839,9842,9845,9851,9867,9873,9875,9876,9883,9886,9907,9908,9917,9919,9922,9924,9952,9959,9984,9991,10002,10011,10021,10043,10058,10070,10148,10149,10155,10156,10172,10173,10176,10180,10185
509,6617
5881
3154
6713
5,8,22,46,49,68,69,87,89,95,126,136,154,155,156,168,174,176,179,181,190,194,200,210,215,216,229,240,246,273,277,308,315,317,322,330,340,353,360,363,364,370,384,386,391,399,403,405,438,455,460,463,471,502,521,525,529,536,557,570,577,581,596,611,622,630,635,644,655,675,688,696,700,722,736,741,755,758,773,775,789,796,800,802,808,812,819,823,827,832,837,849,850,851,852,857,881,882,884,885,893,894,897,906,911,912,913,917,948,949,966,972,978,979,981,983,993,994,999,1008,1009,1012,1029,1031,1037,1050,1051,1052,1062,1100,1107,1134,1135,1138,1144,1146,1153,1169,1170,1196,1197,1201,1202,1203,1204,1205,1206,1207,1208,1209,1210,1211,1212,1213,1215,1216,1218,1220,1221,1222,1223,1224,1226,1227,1228,1231,1234,1253,1255,1262,1263,1264,1265,1274,1280,1281,1297,1298,1305,1307,1315,1317,1324,1333,1336,1338,1339,1350,1353,1357,1367,1371,1375,1403,1418,1447,1455,1456,1461,1463,1468,1472,1478,1479,1492,1495,1496,1499,1502,1508,1519,1520,1537,1541,1542,1544,1548,1563,1569,1571,1573,1575,1582,1583,1584,1600,1606,1664,1684,1686,1687,1712,1720,1763,1764,1765,1766,1767,1768,1769,1770,1771,1772,1773,1774,1775,1776,1777,1778,1779,1780,1781,1782,1783,1784,1785,1786,1787,1788,1789,1790,1791,1792,1793,1820,1860,1891,1901,1907,1913,1915,1916,1920,1950,1951,1952,1953,1960,1971,1972,1973,1978,1980,1985,1989,1995,1996,1998,2001,2002,2003,2005,2009,2044,2053,2059,2062,2063,2064,2082,2091,2092,2098,2110,2111,2117,2121,2123,2136,2172,2177,2184,2185,2208,2228,2233,2234,2241,2242,2243,2244,2246,2247,2257,2258,2271,2278,2292,2294,2295,2296,2297,2298,2300,2315,2328,2330,2341,2347,2358,2382,2392,2409,2410,2411,2412,2413,2414,2420,2421,2422,2423,2424,2425,2426,2427,2428,2430,2443,2444,2464,2478,2479,2481,2484,2490,2497,2498,2508,2511,2523,2524,2526,2532,2547,2550,2551,2552,2553,2554,2556,2558,2559,2562,2579,2581,2583,2584,2585,2586,2587,2608,2620,2621,2622,2623,2635,2645,2648,2663,2665,2669,2670,2683,2687,2707,2711,2717,2722,2730,2739,2746,2747,2756,2759,2769,2778,2779,2780,2781,2784,2787,2788,2789,2806,2817,2824,2835,2836,2841,2842,2844,2861,2872,2878,2880,2895,2907,2958,2959,2960,2961,2970,2973,2981,2986,3004,3015,3021,3026,3029,3035,3037,3046,3052,3055,3056,3078,3083,3086,3089,3093,3101,3103,3104,3105,3108,3109,3112,3116,3117,3146,3158,3173,3175,3176,3183,3191,3202,3206,3213,3214,3216,3218,3226,3245,3249,3255,3266,3270,3275,3280,3282,3286,3308,3325,3331,3343,3347,3350,3354,3362,3364,3369,3370,3371,3375,3388,3424,3426,3427,3428,3435,3443,3444,3445,3450,3462,3474,3482,3483,3484,3485,3488,3496,3497,3507,3511,3512,3513,3521,3534,3543,3545,3548,3550,3551,3552,3553,3555,3559,3561,3562,3568,3574,3586,3590,3602,3605,3606,3615,3617,3626,3627,3628,3646,3647,3648,3649,3650,3664,3669,3671,3674,3678,3681,3709,3718,3727,3731,3733,3737,3742,3744,3752,3757,3759,3787,3790,3797,3801,3803,3809,3810,3814,3828,3832,3833,3842,3846,3848,3851,3860,3862,3870,3880,3896,3898,3902,3903,3909,3913,3915,3925,3927,3941,3966,3967,3971,3980,3999,4012,4020,4025,4029,4030,4033,4037,4054,4055,4059,4061,4064,4070,4088,4102,4103,4110,4116,4125,4129,4135,4136,4137,4139,4140,4143,4164,4165,4168,4187,4192,4194,4199,4209,4210,4213,4214,4218,4224,4227,4235,4237,4238,4242,4264,4265,4270,4290,4310,4325,4326,4328,4329,4332,4333,4336,4344,4345,4352,4359,4363,4364,4367,4376,4379,4384,4401,4409,4414,4419,4436,4443,4444,4446,4450,4455,4459,4461,4472,4477,4481,4482,4483,4485,4494,4499,4505,4518,4530,4543,4544,4545,4556,4557,4559,4567,4575,4581,4582,4593,4594,4604,4609,4610,4613,4617,4618,4620,4626,4632,4633,4634,4636,4655,4687,4688,4689,4715,4729,4749,4751,4769,4778,4783,4813,4828,4829,4831,4834,4840,4841,4845,4848,4850,4857,4867,4868,4876,4878,4879,4882,4884,4893,4895,4937,4941,4943,4944,4947,4956,4961,4973,4980,4985,4990,4991,4995,5029,5048,5049,5051,5052,5053,5060,5065,5070,5082,5086,5088,5090,5095,5100,5103,5106,5108,5109,5111,5116,5117,5150,5152,5165,5193,5217,5221,5224,5225,5226,5230,5231,5233,5239,5240,5242,5246,5250,5257,5258,5260,5264,5275,5281,5299,5318,5322,5323,5330,5332,5333,5346,5347,5359,5360,5363,5365,5367,5372,5376,5379,5381,5383,5392,5393,5397,5398,5399,5421,5425,5430,5435,5442,5448,5451,5459,5461,5471,5478,5489,5494,5496,5507,5522,5532,5543,5551,5574,5576,5577,5579,5580,5603,5615,5619,5620,5626,5629,5631,5633,5651,5653,5672,5691,5695,5704,5708,5709,5716,5718,5730,5731,5742,5744,5776,5778,5781,5783,5785,5790,5793,5794,5802,5808,5817,5818,5820,5834,5838,5856,5862,5883,5884,5896,5899,5901,5914,5930,5963,5986,5988,5995,5996,6000,6012,6018,6019,6021,6024,6026,6035,6038,6046,6053,6056,6061,6068,6073,6088,6095,6096,6097,6098,6102,6109,6121,6124,6126,6129,6131,6133,6139,6140,6143,6155,6175,6180,6181,6201,6207,6213,6219,6233,6238,6240,6251,6260,6262,6272,6273,6285,6314,6322,6326,6334,6341,6342,6346,6350,6355,6361,6365,6367,6373,6377,6417,6419,6420,6422,6423,6426,6436,6437,6447,6488,6490,6495,6523,6524,6525,6527,6533,6536,6537,6538,6549,6562,6577,6585,6586,6614,6616,6624,6627,6637,6639,6645,6649,6656,6723,6724,6725,6729,6759,6782,6799,6804,6809,6817,6835,6841,6848,6851,6883,6884,6885,6886,6888,6892,6900,6912,6922,6923,6937,6944,6949,6950,6961,6976,6991,6998,7008,7010,7020,7025,7029,7047,7059,7063,7064,7066,7088,7090,7102,7108,7112,7121,7130,7161,7174,7175,7202,7216,7217,7220,7221,7224,7225,7227,7234,7236,7238,7246,7253,7266,7273,7274,7276,7283,7288,7295,7300,7310,7314,7325,7333,7346,7353,7355,7362,7365,7377,7382,7383,7388,7401,7411,7414,7420,7421,7425,7431,7446,7468,7470,7473,7476,7500,7524,7529,7536,7583,7585,7592,7604,7630,7636,7640,7649,7653,7659,7666,7670,7671,7685,7696,7699,7713,7717,7721,7726,7727,7735,7749,7753,7755,7758,7769,7782,7791,7802,7810,7813,7817,7825,7826,7830,7847,7853,7855,7856,7857,7858,7861,7870,7872,7898,7906,7912,7921,7939,7947,7948,7982,7983,7996,8000,8002,8004,8028,8049,8050,8055,8058,8062,8084,8095,8099,8100,8108,8115,8126,8129,8130,8146,8150,8152,8163,8172,8178,8184,8216,8231,8237,8239,8245,8248,8249,8255,8284,8298,8301,8303,8309,8311,8319,8324,8328,8338,8341,8352,8355,8369,8372,8375,8381,8386,8398,8430,8464,8471,8498,8514,8516,8523,8527,8549,8555,8559,8572,8579,8589,8605,8647,8648,8660,8669,8673,8697,8699,8714,8719,8745,8755,8762,8771,8775,8785,8796,8804,8822,8825,8828,8832,8833,8838,8848,8853,8854,8858,8873,8892,8918,8927,8932,8946,8956,8957,8970,8976,8977,8979,8982,9016,9022,9023,9030,9034,9044,9054,9055,9062,9067,9069,9070,9076,9078,9086,9119,9123,9126,9132,9147,9159,9193,9206,9209,9216,9220,9226,9234,9238,9244,9247,9259,9279,9285,9291,9305,9339,9356,9365,9380,9382,9395,9410,9424,9432,9435,9447,9451,9463,9484,9490,9498,9512,9514,9520,9528,9529,9531,9542,9549,9561,9580,9589,9592,9596,9601,9629,9639,9654,9661,9694,9698,9700,9710,9725,9741,9746,9749,9750,9753,9755,9759,9791,9794,9799,9814,9825,9827,9843,9852,9858,9864,9877,9878,9881,9884,9895,9903,9926,9934,9961,9965,9973,9992,9995,10006,10007,10016,10025,10029,10038,10044,10051,10064,10076,10078,10083,10088,10097,10103,10105,10110,10116,10123,10130,10131,10138,10154,10163,10169,10187,10188,10189
1489,3644,7988,8435,8462
4875,8802
4278
4779,5198
7176,8332
8632
8817
2952
1976,2004
4347
9230
3007
9304
2869,4303,8910
9550
3645,6494
6011,6508
1871
408,1217,2438,6611
3580
1123,9250
6064
7940,7965
6931
7525
6914
2,4,6,11,18,37,38,52,61,62,63,66,67,85,86,90,98,99,101,110,113,114,117,120,123,128,133,135,148,165,167,171,177,178,180,193,202,206,212,217,220,223,225,226,228,237,239,241,244,256,263,264,265,267,276,278,283,284,299,300,312,320,326,329,331,335,339,342,344,347,354,355,357,361,365,374,381,387,394,396,397,398,400,402,411,414,415,419,421,422,425,426,428,430,434,441,447,448,449,451,454,467,468,470,473,478,480,486,494,495,499,501,513,523,524,531,539,544,546,555,563,574,575,579,586,592,593,599,606,607,610,615,621,624,631,632,651,659,664,667,669,676,678,682,685,690,691,697,699,701,703,704,713,729,730,743,746,749,752,753,756,763,764,767,768,771,774,776,788,794,795,797,804,817,818,820,824,826,829,830,834,835,840,846,853,854,855,856,864,866,869,870,871,874,877,914,915,918,920,923,926,929,931,933,934,941,968,975,976,977,982,985,986,988,990,998,1005,1013,1016,1026,1027,1035,1036,1042,1046,1049,1059,1063,1066,1072,1078,1084,1091,1114,1117,1121,1125,1127,1142,1143,1147,1151,1155,1164,1171,1174,1182,1189,1192,1194,1198,1254,1256,1257,1266,1270,1287,1301,1302,1304,1308,1309,1310,1312,1313,1316,1318,1320,1321,1325,1326,1327,1331,1335,1344,1349,1356,1359,1365,1366,1369,1377,1379,1382,1386,1388,1389,1394,1398,1404,1405,1409,1413,1421,1425,1428,1432,1433,1442,1444,1451,1453,1467,1469,1474,1497,1498,1510,1512,1522,1529,1532,1533,1535,1540,1556,1557,1561,1566,1567,1572,1574,1585,1589,1593,1601,1623,1624,1625,1636,1637,1641,1643,1649,1650,1651,1653,1654,1657,1659,1660,1662,1669,1670,1673,1681,1682,1689,1691,1698,1700,1704,1705,1713,1717,1728,1731,1742,1757,1760,1797,1798,1801,1808,1809,1810,1821,1823,1825,1826,1829,1830,1834,1836,1838,1843,1846,1849,1853,1854,1866,1867,1872,1874,1875,1876,1879,1882,1889,1892,1894,1896,1902,1903,1904,1905,1918,1922,1927,1930,1936,1938,1942,1943,1945,1946,1956,1962,1963,1967,1970,1977,1984,1988,1997,2006,2012,2013,2028,2031,2033,2034,2036,2038,2040,2041,2043,2045,2047,2050,2051,2052,2070,2076,2079,2080,2083,2084,2085,2086,2090,2100,2108,2118,2122,2132,2133,2137,2139,2142,2144,2154,2155,2158,2161,2162,2163,2164,2165,2166,2167,2168,2170,2173,2196,2199,2201,2206,2207,2239,2240,2245,2250,2254,2255,2260,2264,2266,2268,2272,2273,2277,2280,2281,2283,2289,2290,2291,2299,2320,2323,2324,2326,2332,2335,2338,2346,2351,2353,2359,2360,2361,2363,2365,2370,2374,2375,2376,2378,2383,2394,2398,2399,2405,2407,2445,2452,2462,2466,2468,2470,2471,2477,2480,2486,2489,2492,2495,2504,2507,2516,2517,2521,2522,2529,2536,2537,2539,2541,2543,2548,2549,2555,2557,2560,2561,2563,2564,2565,2567,2568,2573,2574,2575,2578,2580,2602,2604,2605,2610,2627,2630,2631,2632,2634,2637,2641,2651,2653,2654,2655,2656,2658,2664,2674,2681,2684,2689,2690,2701,2702,2703,2712,2719,2727,2743,2763,2768,2775,2776,2777,2785,2790,2793,2801,2802,2803,2804,2805,2808,2810,2811,2819,2822,2833,2837,2845,2846,2847,2855,2858,2879,2889,2891,2898,2902,2904,2915,2933,2954,2963,2979,2982,2983,2984,2987,2988,2989,2990,2991,2992,2995,2996,3001,3002,3006,3012,3016,3024,3028,3030,3032,3042,3043,3047,3050,3053,3061,3062,3063,3080,3087,3091,3095,3118,3120,3121,3124,3125,3126,3127,3128,3129,3130,3131,3132,3150,3152,3153,3160,3181,3185,3192,3193,3196,3203,3219,3224,3228,3238,3242,3243,3246,3250,3251,3256,3263,3269,3274,3277,3287,3291,3303,3316,3317,3318,3320,3321,3322,3323,3324,3327,3329,3333,3334,3336,3337,3338,3339,3342,3346,3349,3351,3352,3366,3385,3387,3389,3393,3406,3407,3408,3409,3410,3411,3412,3413,3423,3430,3433,3437,3439,3440,3457,3461,3466,3468,3469,3477,3489,3490,3493,3499,3500,3501,3502,3519,3524,3527,3529,3532,3533,3535,3542,3544,3549,3554,3558,3563,3564,3569,3572,3573,3577,3579,3584,3593,3595,3596,3608,3609,3614,3618,3620,3630,3631,3633,3637,3638,3651,3656,3661,3662,3663,3670,3676,3679,3680,3685,3687,3696,3698,3699,3711,3717,3720,3721,3725,3732,3739,3747,3756,3760,3772,3774,3775,3780,3784,3785,3788,3793,3795,3798,3804,3806,3808,3819,3820,3822,3824,3827,3831,3834,3836,3838,3840,3841,3844,3852,3856,3859,3861,3864,3865,3871,3872,3873,3876,3884,3900,3904,3907,3908,3917,3918,3922,3923,3924,3928,3931,3932,3933,3934,3936,3943,3950,3951,3952,3956,3958,3968,3969,3973,3977,3982,3988,3992,3994,4004,4008,4018,4021,4022,4032,4034,4036,4041,4042,4049,4050,4057,4060,4062,4069,4074,4075,4078,4082,4087,4089,4094,4095,4096,4097,4098,4100,4101,4114,4117,4124,4146,4151,4158,4167,4172,4173,4179,4181,4185,4186,4195,4197,4198,4200,4205,4206,4207,4208,4212,4216,4220,4221,4223,4228,4244,4246,4247,4254,4255,4257,4258,4259,4271,4272,4274,4275,4279,4281,4288,4289,4294,4298,4299,4301,4306,4309,4313,4315,4317,4318,4319,4320,4323,4330,4335,4340,4343,4350,4351,4354,4356,4357,4358,4360,4366,4369,4370,4371,4372,4373,4374,4378,4380,4381,4390,4391,4394,4395,4398,4399,4400,4403,4408,4411,4412,4413,4415,4416,4422,4425,4426,4427,4429,4433,4435,4438,4445,4447,4454,4458,4464,4465,4473,4480,4486,4487,4488,4489,4490,4493,4498,4507,4513,4514,4519,4522,4525,4532,4535,4536,4537,4551,4554,4566,4568,4576,4580,4584,4587,4589,4611,4623,4640,4646,4649,4658,4660,4667,4675,4678,4690,4693,4704,4707,4711,4718,4722,4733,4734,4739,4743,4753,4760,4762,4765,4774,4777,4780,4781,4785,4787,4791,4795,4798,4801,4802,4803,4805,4808,4810,4820,4824,4825,4826,4836,4851,4852,4854,4860,4869,4871,4872,4877,4886,4888,4889,4894,4896,4897,4898,4899,4903,4905,4911,4912,4913,4914,4915,4916,4917,4924,4925,4926,4929,4930,4931,4933,4934,4938,4946,4952,4953,4957,4958,4960,4962,4963,4964,4971,4975,4977,4978,4982,4984,4986,4987,4988,4989,4999,5002,5004,5011,5012,5014,5031,5037,5040,5046,5047,5059,5073,5078,5089,5091,5099,5104,5105,5107,5112,5113,5114,5115,5118,5119,5125,5126,5128,5130,5132,5134,5143,5145,5156,5157,5158,5162,5163,5166,5171,5176,5177,5186,5188,5205,5208,5216,5223,5228,5232,5235,5241,5244,5245,5251,5252,5254,5255,5261,5262,5267,5271,5272,5282,5285,5289,5290,5293,5305,5316,5317,5319,5320,5326,5327,5331,5334,5343,5369,5371,5377,5380,5384,5385,5388,5389,5416,5418,5419,5429,5431,5432,5433,5437,5441,5444,5445,5449,5453,5462,5464,5465,5466,5468,5476,5499,5500,5512,5514,5519,5520,5524,5525,5528,5535,5539,5544,5547,5555,5559,5568,5569,5582,5592,5594,5596,5597,5611,5612,5618,5625,5630,5643,5650,5659,5660,5665,5666,5667,5668,5677,5678,5681,5682,5684,5685,5687,5689,5690,5700,5702,5710,5715,5717,5729,5736,5737,5738,5746,5748,5750,5756,5758,5762,5770,5780,5786,5788,5799,5800,5810,5811,5815,5825,5826,5831,5841,5845,5846,5851,5852,5854,5869,5874,5890,5893,5894,5905,5927,5935,5938,5940,5948,5952,5953,5954,5955,5958,5960,5972,5978,5993,5997,5998,6001,6003,6006,6007,6022,6031,6033,6036,6039,6040,6041,6042,6050,6051,6052,6055,6059,6069,6077,6081,6090,6101,6104,6106,6108,6114,6115,6130,6132,6144,6146,6147,6148,6153,6154,6157,6158,6160,6176,6179,6184,6185,6186,6193,6197,6203,6204,6205,6209,6211,6215,6224,6225,6226,6228,6237,6239,6241,6242,6245,6250,6257,6259,6278,6282,6283,6290,6304,6305,6306,6309,6321,6333,6337,6339,6351,6356,6358,6359,6363,6364,6374,6381,6386,6388,6390,6399,6402,6410,6411,6415,6418,6421,6424,6428,6429,6430,6431,6433,6438,6442,6443,6444,6446,6448,6451,6469,6479,6482,6489,6493,6503,6521,6526,6539,6541,6542,6544,6548,6554,6559,6561,6567,6568,6580,6584,6590,6604,6605,6609,6615,6622,6625,6636,6638,6643,6646,6651,6659,6660,6661,6663,6665,6667,6668,6683,6684,6685,6691,6692,6694,6695,6701,6703,6710,6712,6716,6726,6728,6730,6741,6757,6762,6764,6766,6776,6777,6780,6789,6790,6793,6794,6795,6796,6798,6800,6805,6808,6813,6814,6816,6818,6819,6820,6821,6827,6828,6834,6836,6837,6838,6854,6855,6858,6860,6862,6863,6866,6869,6872,6878,6879,6893,6895,6896,6897,6906,6908,6910,6918,6919,6921,6927,6942,6946,6954,6960,6967,6974,6975,6979,6980,6990,6992,6997,7003,7004,7005,7006,7007,7009,7013,7014,7016,7017,7018,7028,7030,7031,7037,7050,7061,7076,7077,7083,7091,7097,7100,7101,7104,7105,7109,7113,7114,7118,7122,7123,7125,7128,7133,7134,7145,7165,7184,7187,7192,7196,7197,7198,7203,7204,7207,7208,7213,7214,7219,7222,7223,7232,7241,7245,7254,7256,7257,7264,7284,7286,7291,7294,7305,7313,7315,7316,7317,7318,7332,7335,7336,7342,7368,7370,7375,7392,7394,7397,7404,7405,7409,7415,7419,7429,7432,7440,7449,7453,7457,7459,7460,7461,7462,7463,7471,7474,7481,7483,7485,7493,7497,7514,7515,7531,7532,7533,7538,7540,7541,7543,7546,7554,7561,7563,7573,7578,7580,7582,7590,7595,7596,7597,7600,7602,7609,7614,7617,7626,7627,7638,7672,7676,7677,7683,7687,7690,7692,7693,7700,7702,7706,7714,7722,7724,7728,7736,7739,7741,7742,7767,7773,7776,7781,7783,7784,7785,7790,7793,7795,7796,7805,7808,7812,7814,7822,7829,7838,7840,7841,7843,7852,7859,7860,7873,7878,7882,7890,7894,7900,7901,7911,7931,7941,7949,7951,7952,7953,7954,7955,7956,7957,7958,7960,7964,7985,7986,7995,7999,8009,8010,8015,8023,8024,8029,8032,8037,8047,8057,8077,8089,8093,8103,8105,8107,8109,8124,8131,8132,8133,8136,8139,8140,8142,8148,8151,8155,8156,8160,8164,8167,8169,8170,8176,8179,8181,8182,8188,8191,8195,8198,8203,8219,8225,8226,8238,8240,8242,8243,8250,8253,8264,8275,8279,8283,8289,8291,8305,8315,8329,8331,8335,8345,8354,8410,8439,8443,8447,8454,8459,8469,8470,8474,8488,8494,8503,8504,8512,8517,8535,8544,8547,8548,8554,8557,8564,8565,8568,8580,8581,8582,8599,8606,8609,8610,8611,8621,8626,8627,8640,8646,8651,8661,8665,8670,8672,8677,8689,8690,8691,8702,8708,8716,8718,8722,8723,8726,8732,8733,8736,8743,8751,8756,8769,8772,8778,8779,8780,8784,8791,8798,8803,8809,8812,8821,8831,8834,8836,8846,8849,8850,8857,8862,8868,8871,8875,8882,8925,8937,8941,8951,8953,8967,8971,8972,8985,9001,9004,9005,9006,9010,9019,9024,9027,9028,9029,9031,9039,9042,9043,9049,9061,9066,9071,9079,9080,9084,9088,9100,9108,9109,9116,9117,9128,9130,9131,9149,9155,9158,9166,9171,9177,9183,9188,9194,9195,9196,9202,9203,9210,9222,9227,9232,9256,9273,9277,9286,9311,9314,9318,9320,9325,9328,9330,9335,9338,9342,9366,9368,9372,9373,9378,9379,9394,9398,9402,9406,9412,9413,9415,9420,9428,9431,9439,9458,9460,9461,9464,9472,9477,9478,9483,9487,9489,9495,9516,9522,9525,9530,9534,9536,9545,9547,9551,9558,9560,9562,9569,9570,9571,9574,9583,9584,9587,9597,9604,9611,9620,9623,9624,9626,9644,9657,9658,9662,9668,9671,9675,9685,9687,9705,9730,9736,9737,9745,9748,9754,9758,9760,9761,9764,9767,9769,9770,9771,9773,9783,9785,9786,9789,9798,9801,9808,9813,9816,9828,9833,9834,9836,9849,9855,9865,9871,9879,9880,9891,9892,9900,9905,9909,9912,9920,9925,9929,9936,9940,9946,9956,9964,9986,9988,9990,9997,9998,10001,10004,10015,10019,10020,10026,10039,10048,10049,10057,10062,10067,10069,10073,10074,10080,10102,10108,10114,10119,10120,10139,10142,10145,10151,10177,10181,10182,10196
1439,3556
628,7363,9679,9941
514,2850
7743
727,5324
232,4627
7936,9726
9523
2366,4564
1373,6985
9156
1225,7126
1112,8034
440,5147,7308
861
5284,9229
209,4341
4191
562
1881,6771
4721,6786,8020
1282,9636
6693
8520,9280
3892
7835
9106
2888
4201
266,2181
4853
9204
1578
143,9102
6619
0,2873,4615,9142
9170
7923
3119
4631,6802
5830
7697
6631
1296
259,6454
