22,25,28,29,39,46,48,51,56,66,71,74,78,80,86,94,96,103,107,111,112,116,118,119,121,124,134,146,169,173,174,189,192,203,204,211,218,221,222,231,234,236,238,243,252,253,290,295,297,298,309,313,323,328,334,350,352,372,379,416,427,429,433,443,450,469,476,478,503,507,514,518,526,530,543,544,545,547,550,551,553,557,559,560,561,575,584,589,591,594,595,598,609,615,616,622,624,626,627,631,633,634,636,637,640,642,644,645,650,652,653,658,660,664,671,672,676,677,679,686,691,694,695,698,699,701,704,705,708,709,711,717,719,720,721,722,726,734,736,737,750,757,759,760,761,765,775,777,778,783,789,792,795,798,800,815,835,890,892,894,898,903,957,969,981,982,997,1014,1019,1020,1042,1044,1046,1047,1048,1053,1054,1055,1057,1058,1061,1064,1065,1066,1067,1068,1069,1070,1073,1074,1075,1080,1090,1099,1105,1106,1111,1113,1114,1119,1120,1124,1129,1135,1136,1137,1146,1148,1160,1166,1173,1185,1191,1208,1209,1227,1228,1234,1241,1245,1274,1279,1285,1288,1299,1301,1306,1312,1314,1317,1336,1340,1353,1363,1365,1367,1369,1371,1380,1383,1384,1386,1391,1393,1401,1402,1408,1414,1415,1416,1418,1419,1425,1427,1468,1502,1503,1510,1517,1518,1527,1529,1530,1559,1569,1571,1576,1577,1586,1587,1592,1598,1603,1613,1622,1629,1642,1652,1654,1655,1656,1657,1666,1667,1668,1672,1674,1688,1691,1695,1704,1709,1719,1754,1782,1783,1804,1813,1824,1857,1861,1862,1868,1869,1873,1881,1917,1919,1923,1925,1932,1944,1945,1949,1950,1954,1955,1963,1965,1985,1988,1989,2002,2017,2019,2022,2025,2026,2038,2044,2048,2061,2067,2068,2071,2088,2107,2124,2125,2134,2140,2142,2143,2146,2171,2219,2249,2262,2263,2265,2270,2276,2284,2293,2325,2337,2340,2343,2352,2355,2364,2368,2369,2370,2371,2372,2377,2378,2379,2381,2385,2386,2395,2396,2397,2398,2400,2401,2406,2408,2414,2430,2447,2448,2457,2463,2464,2469,2476,2479,2512,2537,2542,2543,2544,2545,2562,2569,2579,2585,2587,2592,2598,2601,2606,2610,2613,2615,2622,2629,2636,2639,2643,2646,2647,2649,2651,2654,2655,2656,2661,2664,2672,2676,2677,2690,2691,2695,2697,2699,2700,2704,2709,2717,2725,2734,2735,2737,2745,2756,2764,2766,2767,2772,2773,2790,2792,2804,2809,2811,2821,2828,2838,2843,2844,2848,2850,2851,2878,2882,2895,2911,2916,2922,2928,2932,2935,2937,2938,2946,2947,2948,2957,2960,2970,2976,2977,2978,2985,2989,2993,3013,3014,3015,3034,3043,3055,3058,3060,3068,3078,3091,3094,3105,3112,3114,3135,3140,3143,3144,3147,3148,3160,3187,3200,3203,3209,3214,3218,3225,3230,3248,3249,3256,3258,3262,3264,3266,3270,3275,3284,3290,3292,3293,3299,3302,3304,3310,3313,3346,3350,3356,3357,3359,3370,3374,3399,3405,3427,3429,3460,3464,3467,3468,3487,3488,3493,3498,3502,3510,3514,3515,3522,3523,3529,3530,3531,3533,3536,3542,3545,3549,3566,3567,3570,3571,3573,3575,3604,3612,3615,3622,3629,3653,3680,3697,3700,3703,3704,3733,3743,3758,3774,3776,3777,3779,3791,3805,3811,3816,3818,3842,3847,3850,3853,3854,3855,3863,3868,3875,3876,3877,3879,3882,3926,3938,3940,3944,3945,3947,3948,3954,3955,3961,3963,3972,3973,3975,3979,3983,3984,3989,3990,3998,4002,4003,4009,4010,4012,4013,4014,4026,4029,4035,4037,4047,4048,4051,4065,4066,4076,4081,4085,4090,4092,4095,4099,4104,4106,4107,4119,4121,4123,4124,4128,4133,4134,4136,4137,4138,4139,4140,4143,4148,4154,4163,4164,4180,4206,4207,4230,4235,4242,4248,4250,4297,4308,4320,4333,4340,4342,4345,4347,4352,4363,4365,4382,4383,4385,4387,4392,4393,4396,4399,4400,4406,4418,4421,4424,4434,4448,4454,4457,4459,4476,4479,4482,4484,4497,4516,4519,4537,4541,4547,4555,4560,4568,4573,4591,4595,4597,4605,4610,4612,4614,4616,4619,4624,4638,4641,4650,4653,4656,4663,4671,4682,4692,4693,4706,4710,4712,4714,4716,4727,4729,4736,4737,4738,4742,4754,4755,4756,4757,4758,4760,4768,4772,4773,4784,4785,4789,4792,4798,4800,4809,4817,4819,4820,4827,4830,4831,4832,4835,4838,4839,4840,4842,4844,4848,4849,4858,4877,4878,4879,4887,4892,4893,4899,4902,4906,4908,4910,4919,4926,4927,4928,4932,4934,4935,4942,4950,4951,4956,4958,4959,4960,4965,4970,4983,4989,4993,4996,4998,4999,5005,5010,5012,5013,5027,5028,5032,5042,5045,5048,5050,5067,5072,5079,5084,5085,5094,5099,5102,5138,5141,5144,5149,5151,5153,5160,5164,5165,5170,5172,5174,5179,5187,5188,5190,5191,5192,5193,5194,5196,5201,5202,5211,5212,5213,5214,5217,5231,5234,5235,5240,5243,5247,5248,5276,5277,5282,5283,5287,5293,5297,5300,5301,5302,5307,5308,5312,5322,5323,5325,5331,5341,5343,5349,5354,5355,5358,5365,5368,5375,5377,5378,5391,5399,5404,5405,5407,5411,5415,5419,5421,5426,5427,5431,5446,5453,5454,5458,5469,5474,5476,5480,5481,5484,5485,5494,5496,5498,5501,5505,5512,5518,5520,5527,5537,5538,5541,5545,5546,5549,5550,5556,5562,5563,5565,5568,5569,5571,5576,5577,5584,5587,5591,5593,5600,5601,5603,5605,5607,5624,5628,5635,5637,5638,5646,5648,5652,5657,5661,5668,5669,5670,5671,5672,5679,5684,5692,5693,5701,5711,5712,5717,5720,5721,5723,5729,5734,5736,5738,5742,5749,5753,5754,5757,5759,5764,5765,5767,5771,5772,5774,5788,5789,5792,5796,5797,5805,5806,5808,5816,5834,5836,5844,5852,5856,5858,5863,5866,5867,5868,5876,5882,5883,5884,5885,5889,5896,5897,5898,5900,5902,5909,5910,5918,5919,5922,5923,5926,5931,5932,5940,5944,5959,5968,5975,5976,5979,5984,5990,6000,6004,6005,6009,6010,6014,6019,6027,6033,6037,6040,6044,6060,6069,6079,6082,6084,6086,6100,6112,6114,6118,6122,6129,6131,6134,6137,6145,6149,6151,6163,6165,6167,6168,6169,6171,6178,6180,6181,6192,6194,6195,6196,6198,6204,6205,6208,6213,6221,6223,6227,6228,6232,6234,6235,6241,6244,6251,6254,6255,6261,6263,6268,6274,6275,6288,6289,6291,6293,6295,6301,6303,6305,6307,6309,6313,6315,6319,6325,6330,6332,6333,6335,6336,6340,6341,6342,6345,6352,6354,6357,6364,6373,6376,6380,6383,6385,6386,6389,6390,6391,6393,6395,6398,6403,6406,6407,6408,6409,6418,6423,6435,6440,6441,6445,6471,6473,6474,6482,6485,6488,6492,6499,6511,6522,6523,6527,6532,6535,6547,6551,6552,6566,6570,6573,6579,6581,6591,6592,6595,6596,6597,6599,6606,6613,6620,6632,6634,6644,6647,6653,6661,6667,6673,6674,6676,6677,6678,6698,6699,6700,6706,6707,6708,6715,6717,6718,6719,6720,6722,6724,6725,6727,6731,6732,6743,6744,6745,6747,6752,6758,6771,6775,6778,6779,6783,6784,6793,6801,6809,6812,6815,6819,6833,6840,6841,6844,6847,6851,6853,6861,6869,6870,6898,6899,6900,6901,6906,6908,6909,6919,6920,6924,6925,6929,6930,6933,6935,6938,6941,6951,6953,6957,6959,6964,6965,6971,6979,6981,6983,6987,6988,6995,7001,7007,7022,7039,7041,7046,7047,7048,7050,7051,7052,7054,7056,7064,7065,7066,7068,7075,7076,7085,7095,7096,7103,7106,7117,7129,7133,7137,7141,7147,7149,7150,7151,7153,7155,7156,7158,7169,7172,7177,7178,7183,7186,7188,7191,7201,7202,7205,7207,7208,7211,7212,7213,7215,7226,7227,7228,7229,7234,7237,7238,7239,7240,7244,7249,7250,7251,7252,7258,7259,7260,7261,7262,7263,7264,7265,7275,7276,7282,7283,7288,7289,7298,7304,7306,7310,7312,7313,7314,7315,7326,7328,7329,7330,7332,7336,7343,7348,7349,7353,7355,7356,7360,7361,7362,7365,7369,7370,7374,7376,7377,7378,7380,7381,7385,7386,7395,7399,7401,7406,7413,7416,7418,7421,7422,7427,7430,7436,7444,7447,7451,7454,7468,7472,7475,7477,7481,7486,7494,7496,7498,7506,7508,7512,7513,7528,7529,7537,7549,7551,7560,7562,7563,7565,7566,7576,7584,7587,7588,7589,7591,7593,7594,7596,7605,7606,7607,7615,7620,7631,7634,7635,7639,7643,7646,7647,7653,7654,7657,7663,7664,7667,7668,7679,7680,7683,7685,7691,7704,7709,7711,7712,7713,7716,7719,7720,7725,7728,7729,7747,7753,7754,7762,7763,7764,7765,7768,7769,7770,7771,7772,7779,7780,7781,7787,7788,7791,7803,7815,7816,7819,7820,7836,7842,7862,7864,7868,7871,7888,7896,7902,7910,7915,7917,7927,7928,7935,7937,7943,7946,7958,7971,7972,7978,7981,7982,7983,7990,7992,8005,8031,8040,8051,8052,8061,8064,8065,8067,8070,8073,8074,8075,8076,8078,8079,8080,8081,8082,8083,8085,8088,8091,8097,8102,8106,8116,8117,8120,8121,8124,8137,8138,8139,8141,8148,8149,8150,8152,8153,8166,8174,8180,8187,8188,8197,8198,8199,8208,8214,8216,8227,8228,8229,8231,8233,8236,8237,8241,8246,8252,8256,8263,8266,8268,8269,8270,8272,8274,8277,8278,8280,8282,8284,8285,8287,8289,8290,8292,8296,8302,8304,8305,8306,8307,8308,8309,8310,8314,8316,8318,8319,8320,8322,8324,8326,8328,8330,8331,8334,8335,8336,8337,8340,8341,8342,8344,8345,8346,8347,8348,8353,8355,8356,8358,8360,8361,8362,8363,8364,8366,8367,8368,8369,8371,8372,8373,8374,8375,8376,8378,8379,8380,8381,8382,8385,8387,8391,8395,8399,8400,8403,8404,8406,8408,8420,8423,8427,8428,8429,8430,8432,8433,8444,8446,8461,8464,8473,8475,8476,8477,8481,8484,8485,8490,8491,8500,8501,8502,8505,8507,8509,8510,8518,8519,8525,8528,8534,8537,8538,8540,8541,8542,8552,8553,8558,8560,8561,8565,8566,8567,8570,8573,8574,8575,8576,8584,8592,8593,8598,8601,8603,8607,8616,8617,8619,8621,8634,8635,8640,8641,8645,8649,8650,8651,8652,8653,8654,8655,8657,8669,8670,8671,8675,8676,8681,8682,8683,8685,8686,8688,8690,8692,8698,8701,8713,8714,8720,8724,8727,8729,8730,8736,8738,8739,8745,8751,8755,8757,8760,8761,8767,8775,8776,8783,8786,8789,8819,8833,8840,8842,8864,8865,8866,8869,8872,8878,8881,8882,8888,8890,8891,8893,8895,8896,8903,8907,8914,8934,8935,8938,8941,8944,8947,8948,8949,8953,8958,8963,8977,8978,8981,8984,8990,8993,8994,8995,9007,9009,9011,9014,9018,9019,9021,9025,9032,9035,9036,9037,9039,9046,9053,9074,9075,9083,9085,9088,9090,9095,9096,9098,9110,9115,9122,9126,9132,9134,9164,9169,9172,9175,9185,9202,9207,9210,9211,9218,9223,9226,9231,9242,9243,9244,9245,9254,9260,9264,9272,9274,9290,9292,9296,9304,9306,9308,9312,9324,9336,9337,9339,9340,9349,9360,9361,9371,9373,9377,9378,9379,9384,9385,9386,9388,9389,9397,9399,9403,9404,9407,9408,9421,9423,9439,9440,9452,9453,9456,9457,9473,9479,9480,9485,9493,9496,9497,9498,9506,9508,9515,9520,9521,9522,9530,9535,9538,9573,9581,9582,9591,9606,9607,9617,9618,9627,9647,9648,9651,9655,9658,9659,9666,9667,9673,9681,9693,9695,9698,9701,9710,9715,9722,9740,9741,9751,9757,9762,9765,9767,9768,9777,9778,9795,9796,9802,9805,9815,9824,9825,9834,9835,9850,9853,9857,9860,9861,9867,9878,9888,9894,9895,9901,9910,9912,9913,9914,9919,9921,9923,9926,9927,9928,9931,9933,9935,9937,9943,9944,9945,9947,9949,9950,9960,9963,9971,9974,9984,9985,9994,9995,9996,9999,10008,10012,10014,10019,10021,10022,10024,10027,10029,10031,10035,10036,10044,10045,10046,10047,10048,10052,10053,10068,10069,10071,10074,10075,10082,10083,10093,10097,10098,10104,10105,10107,10108,10110,10112,10113,10117,10123,10124,10125,10126,10127,10128,10132,10138,10140,10150,10152,10156,10159,10166,10167,10169,10171,10178,10186,10190,10191
193,208,212,593,1225,1453,1473,1739,1924,2053,2058,2074,2129,2620,2814,3411,3475,4109,4285,5239,5475,5559,6483,6966,7014,7032,7126,7257,7450,7761,8482,8989,9197,9513,9736,10170
2754
466,725,731,1030,1595,1711,2322,2436,4268,5642,5927,8781,10187
144,831,867,990,1170,1253,1406,1727,2388,3273,4606,5029,6472,6671,6690,6740,7044
355,421,522,833,859,868,991,992,1011,1304,1618,2105,2472,3329,3472,3667,3746,4071,4404,4496,4640,4649,4778,4855,5049,5175,5776,6404,6688,6823,7225,7364,7482,7586,7952,8011,8019,8089,8103,8549,8998
999,2159,2952,4194,5219,6686,6716
156,282,335,395,473,564,1034,1347,1420,1628,2021,2252,2320,2566,2588,2755,2864,3000,3156,3424,3997,4384,4528,4594,5026,7504,7621,7700,7930,8523,9491,9704
15,18,24,31,220,240,367,381,405,435,520,567,570,582,673,1149,1175,1189,1238,1281,1326,1400,1520,1525,1534,1599,1755,1836,1964,2015,2076,2216,2309,2351,2376,2489,2778,2799,2863,2905,2929,2956,3003,3010,3026,3081,3149,3337,3470,3516,3521,3715,3745,3892,3917,4083,4267,4545,5236,5338,5347,5442,5548,5811,5829,5861,5982,6070,6468,6486,6520,6589,6950,7098,7278,7569,7662,7850,7922,8050,8086,8157,8286,8539,8909,9006,9273,9626,9643,9819,9821,9851,9886,10062,10137
16,27,159,412,496,940,974,1177,1390,1475,1490,1743,2220,2501,2713,2753,2796,3675,3693,3712,3814,4049,4381,4585,4868,5460,5497,5860,5888,6252,6424,6615,6679,6762,7078,7099,7134,7372,7445,7804,8207,8955,8959,9138,9212,9323,9357,9370,9559,9605,9635,9656,9703,9784,9855,9893,9957,10006,10050
822,1252,1463,1549,3400,3448,3461,4546,4631,4643,5700,6583,6802,6923,7987,9930,10026,10135
19,41,49,77,97,113,135,138,162,207,266,272,321,339,369,386,437,510,586,606,740,846,850,889,915,958,972,985,1165,1232,1240,1275,1327,1331,1343,1372,1448,1451,1460,1614,1620,1677,1686,1687,1699,1700,1710,1734,1741,1758,1760,1775,1859,1953,1959,1972,2009,2018,2034,2130,2139,2147,2181,2227,2228,2272,2492,2535,2574,2593,2719,2722,2728,2760,2770,2800,2801,2818,2887,2903,2949,3030,3059,3117,3125,3170,3198,3226,3236,3254,3311,3338,3371,3412,3418,3425,3452,3528,3539,3555,3585,3598,3601,3616,3657,3662,3691,3730,3762,3826,3827,3844,3867,3960,3969,4033,4074,4108,4131,4151,4218,4233,4238,4281,4286,4289,4306,4318,4374,4452,4463,4505,4507,4593,4617,4657,4674,4759,4823,4850,4912,4946,4947,4971,4972,4987,5025,5068,5125,5230,5238,5313,5327,5333,5339,5357,5383,5409,5510,5519,5534,5560,5578,5710,5766,5778,5795,5823,5826,5921,5948,5971,5985,5987,6013,6207,6271,6320,6322,6329,6360,6369,6381,6401,6449,6558,6585,6600,6604,6628,6692,6748,6756,6872,6873,6876,6881,6949,7002,7011,7033,7055,7083,7139,7254,7305,7423,7474,7514,7614,7629,7706,7855,7872,7885,7993,8215,8220,8259,8288,8402,8417,8438,8454,8524,8667,8705,8706,8723,8763,8765,8777,8785,8843,8852,8857,8905,8933,9000,9058,9066,9082,9145,9153,9186,9196,9209,9217,9443,9444,9474,9546,9551,9556,9564,9609,9615,9675,9709,9735,9769,9774,9794,9823,9848,9858,9865,9889,9939,9954,10003,10016,10020,10034,10039,10049,10111
10,13,20,21,53,92,133,176,197,215,242,341,342,394,403,569,618,689,729,733,744,771,842,853,862,863,922,926,984,1008,1098,1103,1118,1143,1169,1224,1269,1272,1280,1302,1328,1354,1366,1370,1449,1458,1464,1487,1532,1544,1554,1588,1589,1625,1690,1705,1725,1777,1788,1808,1853,1860,1885,1909,1929,1930,1970,2036,2081,2104,2111,2154,2214,2232,2305,2310,2363,2454,2650,2748,2820,2858,2872,2914,2940,3017,3066,3107,3141,3208,3349,3471,3477,3507,3513,3520,3593,3607,3676,3722,3929,3942,3964,3968,4020,4045,4253,4293,4304,4339,4371,4427,4445,4494,4512,4524,4565,4569,4603,4680,4684,4695,4711,4749,4882,4975,4982,4991,5017,5183,5216,5223,5262,5299,5596,5683,5761,5807,5838,5920,5937,5999,6018,6144,6211,6218,6257,6265,6284,6298,6413,6420,6554,6654,6675,6682,6713,6765,6782,6824,6891,6896,6926,6927,6934,6948,7125,7274,7345,7346,7414,7838,7914,8001,8002,8066,8090,8118,8440,8626,8700,8772,8892,8968,9005,9108,9127,9141,9151,9201,9213,9335,9362,9425,9429,9458,9462,9475,9504,9563,9574,9689,9717,9847,9872,9883,9956,9968,10028,10096,10192
170,277,365,370,468,860,1126,1254,1255,1800,2223,2522,3052,3454,3455,3525,3738,4022,4219,4648,4979,4980,5059,5425,5747,5827,6182,6349,6560,6563,6637,7230,7266,7524,7802,7879,8100,8109,8112,8168,8235,8321,8605,9382,9405,9431,9466,9602,9674,9951,10121
150,413,502,628,766,827,989,1153,1330,1335,1437,1596,1623,1747,1749,1817,1975,2032,2084,2215,2637,2738,2860,2867,3157,3158,3161,3162,3261,3276,3315,3360,3717,4185,4324,4391,4661,4665,5361,5597,5608,5800,5853,6157,6277,6278,6804,7016,7176,7319,7363,7758,7923,8015,8142,8332,8478,8544,9001,9352,9670,9679,9697,9832,9849,9880,9941
17,30,45,55,68,76,79,128,140,151,171,183,188,191,194,198,245,268,300,304,325,336,354,357,402,415,418,455,463,481,516,523,531,536,562,579,601,625,663,666,681,697,716,727,728,756,793,802,807,816,824,829,872,911,927,929,932,947,949,979,1021,1022,1023,1025,1028,1037,1050,1052,1084,1116,1139,1142,1164,1176,1182,1235,1246,1248,1249,1251,1258,1276,1308,1349,1351,1352,1355,1373,1377,1398,1399,1407,1421,1428,1481,1491,1500,1567,1581,1582,1607,1636,1651,1669,1680,1729,1733,1763,1765,1781,1803,1821,1838,1846,1878,1888,1899,1901,1903,1904,1943,1962,1968,1998,2060,2075,2079,2103,2106,2166,2175,2176,2196,2199,2201,2212,2213,2222,2245,2250,2258,2279,2281,2300,2302,2303,2313,2359,2360,2374,2383,2389,2415,2439,2446,2456,2465,2470,2497,2527,2546,2560,2575,2607,2609,2627,2633,2645,2657,2668,2702,2751,2758,2759,2761,2768,2775,2786,2794,2810,2813,2827,2834,2877,2879,2897,2898,2899,2904,2915,2931,2961,2973,2991,2995,3002,3011,3016,3021,3048,3063,3079,3087,3095,3104,3127,3136,3167,3178,3192,3194,3196,3205,3244,3251,3308,3394,3434,3458,3486,3519,3535,3537,3574,3580,3582,3602,3610,3614,3623,3636,3695,3725,3729,3740,3760,3771,3775,3786,3787,3800,3831,3848,3849,3861,3864,3878,3923,3931,3950,3992,4001,4034,4036,4039,4073,4102,4125,4172,4184,4216,4225,4309,4322,4335,4337,4367,4369,4394,4403,4422,4425,4461,4471,4522,4540,4562,4571,4572,4577,4582,4602,4642,4660,4666,4675,4700,4713,4722,4732,4735,4746,4765,4769,4791,4802,4824,4837,4856,4860,4862,4925,4945,4961,4962,4973,4984,5007,5061,5069,5115,5118,5127,5156,5157,5158,5182,5204,5206,5224,5261,5270,5279,5310,5311,5324,5335,5342,5348,5360,5372,5376,5380,5388,5457,5465,5491,5500,5526,5547,5561,5598,5609,5614,5626,5667,5695,5726,5751,5812,5824,5854,5865,5878,5913,5928,5936,5962,5963,5978,5981,5997,6025,6039,6081,6119,6184,6203,6212,6262,6266,6308,6321,6326,6344,6346,6410,6417,6438,6444,6476,6481,6484,6490,6513,6542,6559,6567,6568,6588,6590,6623,6624,6640,6641,6645,6665,6669,6672,6681,6689,6702,6704,6728,6768,6820,6825,6832,6860,6865,6887,6943,6982,6985,6990,6994,7004,7019,7077,7102,7146,7174,7175,7187,7231,7253,7291,7294,7296,7331,7334,7340,7350,7352,7375,7420,7435,7488,7501,7532,7570,7600,7649,7697,7724,7782,7827,7832,7840,7848,7866,7877,7911,7932,7941,7984,7985,7991,8018,8021,8033,8062,8110,8131,8132,8133,8161,8163,8170,8179,8185,8211,8230,8238,8243,8244,8248,8351,8357,8383,8419,8443,8468,8495,8496,8579,8582,8585,8588,8612,8627,8697,8712,8746,8750,8807,8809,8818,8826,8837,8838,8858,8874,8922,8924,8965,8971,9010,9054,9087,9092,9105,9109,9111,9118,9136,9222,9235,9241,9261,9277,9284,9326,9327,9330,9332,9353,9364,9396,9406,9409,9414,9460,9482,9494,9505,9533,9540,9580,9588,9611,9623,9644,9684,9691,9716,9727,9728,9749,9816,9828,9845,9852,9856,9859,9905,9973,9988,10076,10102,10131,10139,10157,10165,10168,10183
2,3,8,35,52,60,69,91,108,120,131,132,136,185,187,209,235,246,271,286,306,314,324,331,347,363,384,392,407,414,422,431,432,439,445,457,472,483,486,488,489,505,513,529,549,617,657,683,692,696,713,730,751,785,797,886,896,918,919,921,928,956,995,1007,1027,1062,1063,1077,1083,1128,1132,1145,1157,1178,1187,1207,1222,1223,1230,1266,1267,1270,1278,1283,1311,1322,1324,1346,1375,1422,1426,1441,1505,1507,1535,1546,1551,1552,1609,1650,1659,1664,1679,1708,1717,1736,1737,1744,1750,1752,1756,1762,1774,1779,1780,1792,1793,1810,1847,1851,1867,1870,1876,1928,1974,1987,2024,2030,2065,2086,2087,2093,2097,2118,2135,2155,2168,2178,2192,2194,2195,2211,2278,2282,2283,2338,2367,2455,2481,2495,2509,2511,2523,2525,2531,2558,2572,2576,2577,2603,2604,2617,2638,2642,2675,2681,2683,2708,2731,2746,2749,2750,2752,2779,2780,2835,2865,2869,2896,2900,2906,2910,2942,2968,3001,3007,3023,3057,3065,3080,3096,3097,3098,3102,3103,3119,3121,3152,3169,3181,3184,3197,3210,3221,3222,3232,3235,3240,3242,3247,3268,3347,3404,3417,3426,3456,3459,3465,3469,3506,3517,3524,3547,3572,3625,3645,3660,3661,3686,3688,3711,3727,3732,3734,3736,3748,3749,3761,3768,3773,3795,3797,3851,3908,3910,3913,3924,3953,3977,3996,4017,4023,4024,4027,4041,4042,4043,4097,4149,4182,4203,4226,4240,4241,4269,4303,4319,4331,4336,4341,4372,4415,4436,4438,4443,4488,4491,4499,4500,4506,4521,4526,4554,4575,4580,4592,4633,4635,4677,4686,4718,4740,4751,4764,4788,4796,4810,4826,4843,4920,4930,4931,4948,5000,5033,5034,5040,5064,5092,5116,5123,5129,5178,5205,5232,5256,5289,5306,5336,5362,5373,5389,5410,5435,5473,5483,5489,5490,5582,5595,5599,5620,5622,5623,5665,5732,5770,5790,5810,5819,5830,5848,5864,5870,5874,5891,5893,5901,5905,5974,5996,6072,6073,6078,6104,6117,6173,6237,6334,6343,6350,6371,6372,6399,6427,6429,6451,6464,6466,6494,6510,6515,6531,6602,6607,6609,6614,6622,6625,6626,6649,6710,6739,6754,6757,6767,6769,6817,6902,6910,6942,6958,6978,7017,7036,7045,7059,7088,7108,7132,7165,7184,7232,7299,7388,7405,7509,7548,7571,7581,7608,7619,7760,7807,7809,7833,7880,7903,8041,8063,8171,8193,8240,8255,8257,8258,8283,8392,8397,8456,8508,8547,8625,8673,8699,8702,8718,8743,8788,8817,8853,8856,8900,8901,8902,8910,8912,8952,8961,8970,8976,8999,9026,9042,9071,9094,9101,9116,9156,9178,9227,9269,9270,9275,9279,9288,9342,9346,9463,9577,9584,9585,9596,9628,9642,9683,9712,9731,9755,9789,9820,9822,9840,9842,9870,9876,9898,9976,10010,10040,10055,10064,10130,10164,10179
787,1117,1130,1479,2152,2994,3327,6603,8048,8145
408,1138,1217,2438,6611
4,7,23,43,58,59,63,67,84,87,98,99,102,160,168,177,195,202,216,217,223,226,230,239,256,263,265,267,269,278,292,303,316,319,326,337,338,340,345,353,360,361,368,374,378,382,399,406,409,417,419,425,426,428,436,441,442,447,454,460,465,470,471,479,484,491,493,497,498,501,509,517,524,525,528,534,541,555,572,577,581,588,592,599,608,610,613,647,649,655,667,687,693,702,707,715,742,747,753,754,767,774,799,805,818,823,826,837,838,844,847,848,873,891,895,906,909,913,920,924,925,931,934,943,948,952,966,973,996,1012,1018,1031,1051,1097,1134,1144,1147,1174,1193,1195,1197,1220,1231,1237,1247,1261,1262,1265,1268,1286,1303,1309,1310,1316,1318,1321,1325,1357,1382,1403,1405,1411,1438,1440,1442,1450,1459,1462,1465,1467,1469,1470,1484,1492,1494,1495,1498,1511,1519,1526,1540,1541,1547,1570,1573,1580,1590,1594,1605,1606,1626,1632,1643,1658,1665,1670,1678,1682,1683,1685,1697,1714,1718,1731,1757,1759,1767,1769,1770,1771,1773,1778,1787,1789,1790,1807,1809,1818,1823,1830,1837,1844,1849,1854,1858,1863,1866,1891,1893,1897,1898,1905,1907,1908,1915,1916,1940,1948,1952,1956,1957,1960,1961,1967,1983,1994,1995,2016,2027,2028,2031,2033,2040,2057,2064,2085,2099,2102,2108,2112,2116,2126,2133,2136,2144,2145,2151,2157,2162,2165,2170,2174,2183,2184,2187,2191,2198,2208,2218,2229,2241,2248,2251,2256,2266,2271,2287,2289,2294,2298,2301,2304,2306,2311,2317,2327,2328,2332,2333,2336,2339,2341,2344,2346,2347,2365,2373,2390,2391,2392,2399,2405,2421,2434,2437,2440,2444,2460,2478,2491,2493,2496,2505,2506,2519,2521,2551,2565,2567,2568,2583,2584,2590,2597,2612,2619,2634,2652,2662,2670,2671,2678,2680,2687,2688,2720,2726,2730,2732,2739,2742,2765,2771,2774,2777,2782,2785,2788,2789,2795,2805,2822,2824,2826,2832,2839,2859,2861,2876,2881,2891,2893,2920,2936,2944,2945,2950,2954,2974,2983,2996,2997,3019,3027,3045,3090,3101,3129,3137,3146,3151,3180,3182,3191,3204,3217,3220,3228,3238,3252,3277,3280,3287,3288,3294,3298,3316,3320,3328,3333,3334,3335,3348,3352,3354,3363,3364,3366,3372,3378,3380,3381,3382,3383,3393,3401,3406,3407,3408,3428,3432,3440,3445,3446,3450,3474,3481,3489,3494,3495,3527,3540,3552,3553,3554,3560,3562,3581,3584,3603,3606,3609,3628,3638,3646,3654,3655,3658,3665,3677,3678,3702,3716,3747,3754,3766,3770,3782,3783,3785,3796,3801,3808,3809,3810,3813,3828,3829,3830,3837,3840,3858,3869,3881,3885,3896,3903,3906,3935,3936,3946,3957,3959,3967,3987,3993,4018,4032,4038,4046,4054,4072,4080,4087,4089,4094,4096,4098,4101,4105,4112,4113,4114,4117,4127,4159,4174,4179,4186,4193,4198,4199,4200,4205,4208,4212,4217,4221,4227,4228,4229,4255,4260,4265,4270,4274,4276,4277,4278,4279,4295,4296,4300,4305,4307,4328,4350,4351,4360,4368,4370,4375,4376,4408,4417,4419,4429,4435,4439,4450,4453,4462,4464,4472,4480,4492,4493,4525,4527,4532,4536,4561,4587,4601,4609,4625,4632,4637,4701,4704,4721,4733,4741,4743,4752,4761,4770,4774,4781,4782,4787,4799,4801,4803,4807,4822,4829,4834,4847,4873,4874,4880,4890,4894,4903,4909,4914,4929,4933,4938,4940,4941,4955,4966,4986,5003,5006,5036,5037,5052,5062,5077,5080,5082,5083,5087,5089,5093,5097,5108,5109,5114,5119,5134,5150,5154,5159,5169,5180,5181,5208,5209,5210,5222,5225,5229,5237,5245,5250,5267,5271,5275,5284,5286,5294,5304,5314,5326,5337,5344,5351,5356,5364,5367,5379,5393,5397,5401,5408,5412,5432,5439,5441,5449,5506,5508,5516,5523,5524,5525,5531,5535,5544,5552,5557,5579,5580,5583,5588,5621,5629,5632,5639,5656,5658,5659,5677,5680,5687,5690,5698,5707,5714,5731,5739,5743,5773,5787,5798,5799,5804,5813,5841,5845,5846,5849,5851,5894,5899,5915,5916,5930,5938,5953,5958,6001,6007,6038,6041,6042,6045,6048,6049,6050,6051,6056,6061,6071,6085,6092,6101,6102,6103,6107,6108,6109,6121,6138,6143,6146,6152,6172,6183,6187,6191,6222,6230,6239,6247,6258,6272,6279,6296,6297,6302,6314,6348,6353,6366,6382,6388,6396,6402,6411,6419,6421,6439,6446,6447,6453,6461,6477,6478,6489,6495,6497,6502,6518,6545,6550,6569,6576,6586,6608,6617,6629,6636,6646,6658,6680,6693,6694,6701,6705,6712,6746,6755,6763,6786,6789,6795,6800,6811,6834,6838,6848,6850,6867,6871,6877,6879,6894,6912,6914,6915,6960,6967,6991,6996,6997,6999,7015,7018,7025,7028,7037,7049,7053,7060,7072,7091,7121,7136,7140,7144,7145,7168,7198,7214,7216,7219,7233,7243,7245,7272,7279,7303,7318,7320,7321,7325,7333,7342,7344,7358,7373,7389,7393,7407,7412,7433,7453,7457,7470,7473,7478,7479,7483,7484,7485,7511,7520,7525,7535,7536,7538,7543,7544,7555,7556,7558,7577,7597,7616,7624,7626,7630,7673,7674,7677,7690,7692,7695,7699,7727,7730,7735,7739,7748,7792,7793,7795,7813,7817,7818,7824,7869,7874,7875,7876,7883,7887,7893,7909,7929,7931,7949,7954,7961,7968,7976,7995,8006,8008,8009,8020,8039,8055,8059,8093,8099,8104,8111,8144,8154,8162,8176,8178,8186,8191,8196,8202,8209,8210,8212,8221,8224,8225,8234,8262,8276,8281,8297,8333,8352,8354,8394,8409,8411,8415,8416,8418,8425,8426,8437,8447,8469,8474,8480,8498,8499,8522,8526,8529,8530,8535,8546,8551,8563,8564,8594,8597,8604,8606,8614,8620,8636,8644,8647,8661,8672,8708,8710,8733,8734,8778,8784,8792,8794,8804,8816,8825,8831,8832,8850,8854,8859,8862,8868,8883,8884,8911,8919,8923,8937,8954,8964,8966,8997,9024,9076,9080,9099,9106,9130,9140,9165,9177,9184,9191,9195,9200,9221,9229,9230,9232,9237,9239,9252,9263,9285,9302,9315,9317,9319,9320,9329,9333,9350,9355,9363,9366,9374,9375,9383,9392,9394,9411,9415,9428,9433,9446,9484,9492,9510,9511,9524,9531,9536,9545,9569,9583,9593,9599,9631,9640,9646,9649,9650,9657,9668,9680,9686,9694,9719,9721,9730,9739,9747,9750,9753,9754,9761,9771,9785,9807,9813,9814,9829,9830,9884,9920,9946,9979,9980,9982,10002,10004,10015,10017,10032,10060,10088,10143,10145,10154,10184
6,12,36,37,72,75,82,90,100,117,122,126,147,153,166,167,178,213,241,273,279,287,356,358,389,393,400,467,490,499,506,511,535,546,578,612,632,651,668,700,739,741,745,752,763,784,801,834,849,851,871,900,902,907,908,910,914,916,962,1005,1015,1016,1017,1081,1123,1184,1198,1206,1277,1298,1338,1364,1389,1404,1423,1431,1493,1501,1533,1562,1572,1602,1617,1619,1621,1635,1637,1640,1653,1660,1692,1768,1894,1920,1922,1966,1991,2051,2052,2091,2094,2095,2114,2115,2189,2190,2200,2239,2253,2261,2267,2274,2275,2285,2291,2299,2321,2324,2361,2366,2407,2451,2452,2453,2486,2536,2556,2640,2703,2763,2846,2849,2868,2889,2890,2894,2979,2986,2987,2992,3022,3024,3029,3067,3124,3153,3154,3163,3172,3176,3231,3237,3257,3265,3267,3285,3289,3309,3318,3369,3392,3410,3413,3430,3436,3479,3480,3496,3497,3518,3564,3565,3588,3590,3613,3624,3634,3651,3652,3664,3683,3684,3687,3707,3790,3806,3812,3841,3856,3859,3860,3870,3873,3886,3900,3914,3919,3925,3934,3962,3980,3985,3986,4005,4060,4116,4120,4141,4150,4167,4177,4178,4183,4191,4220,4251,4284,4298,4311,4312,4316,4330,4356,4380,4395,4405,4410,4426,4428,4431,4456,4466,4473,4478,4564,4574,4578,4583,4620,4626,4651,4685,4698,4753,4771,4806,4821,4833,4845,4863,4869,4876,4884,4889,4904,4905,4921,4923,4937,4949,4994,4997,5014,5024,5075,5090,5113,5133,5161,5185,5197,5199,5251,5263,5269,5330,5352,5366,5387,5394,5395,5434,5436,5438,5440,5450,5456,5464,5470,5528,5532,5536,5553,5566,5604,5610,5615,5630,5645,5653,5654,5655,5663,5664,5694,5697,5705,5719,5741,5744,5746,5785,5809,5842,5859,5879,5881,5908,5917,5933,5949,5960,5964,5966,5970,5983,5991,5993,6002,6017,6075,6096,6098,6125,6148,6185,6186,6199,6214,6229,6231,6282,6283,6292,6304,6317,6378,6426,6431,6452,6467,6500,6533,6580,6605,6638,6657,6687,6734,6741,6750,6780,6805,6854,7012,7030,7043,7087,7093,7097,7100,7109,7116,7118,7123,7128,7154,7223,7247,7301,7366,7400,7459,7466,7495,7497,7515,7522,7527,7541,7567,7579,7583,7613,7648,7650,7687,7702,7705,7734,7774,7776,7778,7805,7808,7811,7834,7858,7860,7886,7901,7904,7918,7959,7989,8017,8134,8140,8160,8177,8183,8184,8218,8223,8291,8299,8300,8323,8384,8405,8422,8459,8520,8532,8543,8556,8559,8623,8630,8633,8646,8678,8707,8717,8725,8744,8747,8756,8790,8801,8805,8834,8929,8931,8950,8960,9049,9056,9059,9062,9081,9097,9113,9129,9183,9250,9251,9265,9271,9280,9298,9303,9321,9417,9418,9445,9478,9514,9516,9537,9549,9554,9576,9619,9621,9632,9654,9665,9692,9713,9720,9733,9748,9764,9776,9790,9812,9839,9866,9903,9918,9964,9966,9969,9992,10005,10033,10080,10106,10158,10161,10194
257,259,289,346,371,410,521,596,746,764,828,845,963,968,998,1002,1003,1115,1433,1531,1633,1638,1715,1732,1996,2117,2123,2131,2158,2193,2207,2353,2416,2473,2488,2498,2507,2520,2596,2616,2628,2736,2829,2833,2857,2924,3020,3040,3049,3069,3131,3155,3234,3243,3403,3447,3462,3504,3538,3558,3726,3784,3894,4058,4062,4093,4209,4213,4407,4444,4678,4763,4795,4867,5011,5016,5091,5103,5249,5466,5513,5611,5722,5775,5871,6077,6094,6116,6242,6324,6351,6454,6496,6544,6548,6584,6587,6610,6633,6643,6787,6855,7013,7024,7143,7398,7547,7590,7603,7633,7839,7878,7913,7973,7986,8114,8190,8251,8814,8899,8904,8927,9002,9347,9401,9419,9470,9495,9555,9672,9707,9732,9737,9806,9836,9837,10042,10063,10079,10163
1101
40,143,333,344,986,1001,1201,1513,1516,1911,1971,1976,2004,2323,2445,2715,2747,2847,3008,3072,3353,3466,3503,3949,4068,4115,4881,4907,5044,5054,5081,5272,5488,5634,6091,6175,6553,6940,7069,7383,7835,7843,7933,7944,8143,8164,8250,8313,8548,8555,8572,8762,8812,8876,8980,9102,9181,9281,9503,9614,9942,9962,10037
172,329,332,2350,3422,4613,5666,8550,8693,8936,9174
70,141,149,262,461,782,1095,1107,1121,1213,1218,1219,1307,1341,1392,1515,1671,1706,1721,1805,1806,1973,2039,2172,2260,2420,2423,2435,2494,2499,2510,2930,3006,3145,3637,3696,3767,3904,3978,4175,4334,4377,4777,4812,4992,5111,5762,5886,6006,6015,6106,6164,6190,6285,6561,6936,7034,7439,7449,7666,7784,7936,8398,8439,8486,8732,8813,8822,8889,8943,9154,9155,9170,9472,9509,9547,9726,9874
255,1912,2648,2941,3183,3423,3611,3694,3763,3951,5382,5730,5943,5973,6246,6455,6456,6503,6770,6859,6868,6969,8343,8410,8493,9052,9079,9139,9517,9711,9742,9958,10092
1,73,101,182,227,229,250,366,375,398,583,630,706,794,876,1029,1060,1432,1435,1445,1454,1457,1545,1556,1565,1684,1820,1871,1914,1941,1946,2050,2072,2122,2186,2235,2238,2246,2315,2484,2595,2798,2852,2998,3056,3120,3142,3229,3282,3387,3500,3620,3668,3759,3823,3852,3862,3932,3958,4044,4161,4239,4288,4321,4364,4483,4567,4589,4607,4734,4762,4836,4846,4936,5002,5039,5065,5278,5281,5332,5423,5467,5468,5487,5540,5543,5574,5706,5708,5752,5904,5972,6063,6238,6387,6422,6459,6509,6616,6664,6863,6976,7339,7415,7443,7448,7460,7546,7609,7628,7672,7703,7948,8155,8201,8245,8470,8471,8512,8513,8521,8586,8656,8735,8749,8787,8870,8873,8918,8925,9030,9044,9060,9107,9128,9188,9203,9208,9314,9328,9368,9438,9450,9461,9476,9483,9486,9488,9489,9512,9527,9529,9558,9624,9629,9641,9660,9718,9729,9734,9810,9896,9970,9978,10051,10078,10189
438,563,770,964,1108,1151,1221,1413,1852,1938,2684,2866,3211,3710,4162,4373,5140,5581,9150,9198,9283,9301,9678,9783,9788,9811,10081
343,423,462,839,923,955,1122,1156,1190,1424,1478,1509,1703,1712,1740,2054,2055,2342,2477,2854,2925,3100,3201,3639,3692,3713,3741,4011,4052,4069,4146,4412,4490,4535,5121,5554,7204,7425,7598,8146,8156,8988,9548,9854
9
2757,5143,7074
2842,5533
225,830,857,3305,3365,4600,4659,6123,8615,9572
200,214,251,281,475,639,832,836,993,1035,1140,1155,1162,1497,1539,1797,1798,1799,1926,1979,2204,2206,2308,2467,2564,2641,2797,3073,3325,3389,3541,3825,3832,3965,4030,4160,4254,4599,4924,5420,6158,6260,6556,6656,6751,6822,6826,6889,7080,7323,7390,7490,7503,7517,7947,8115,8204,8483,8962,9003,9137,9224,9398,9519,9744,10153
38,155,186,285,458,474,574,661,841,917,971,1071,1171,1226,1333,1342,1344,1356,1368,1417,1444,1447,1506,1634,1673,1716,1748,1776,1796,1902,1906,1918,1939,1942,1997,2059,2080,2121,2292,2314,2516,2517,2538,2539,2625,2724,2918,2971,3012,3166,3185,3227,3271,3414,3435,3478,3577,3579,3595,3753,4070,4283,4449,4513,4730,4748,4828,4861,4875,5009,5675,5802,5828,6160,6219,6259,6327,6414,6711,6721,6849,6980,7090,7115,7392,7438,7465,7806,7830,8071,8125,8181,8189,8194,8424,8434,8715,8753,8769,8770,8791,8802,8836,8867,8871,8992,9124,9258,9356,9448,9501,9592,9653,9699,9705,9759,9965,10038,10181
1094,1334,1548,2096,2483,2630,3259,4502,4544,6127,7071,9299,9427
142,1036,1125,1161,1751,2083,2714,3897,4446,5418,7023,9238
3358
110,145,291,296,376,539,643,646,674,749,820,852,856,1032,1033,1104,1150,1180,1242,1608,1713,1814,1835,2062,2188,2233,2354,2468,2475,2502,2503,2686,2815,2823,2892,3082,3093,3557,3781,3974,3988,3999,4082,4084,4088,4091,4126,4195,4202,4244,4531,4538,4604,4645,4775,4776,4885,5095,5246,5315,5340,5451,5472,5502,5503,5674,5676,5686,5911,5939,5957,6093,6155,6220,6264,6280,6286,6400,6534,6618,6652,6759,6813,6816,6903,7086,7142,7623,7642,7645,7718,7756,7797,7889,7996,7998,8007,8060,8123,8128,8136,8175,8232,8261,8359,8460,8533,8662,9160,9187,9233,9257,9334,9354,9455,9487,9534,9570,9579,9594,9869,10009,10147,10174
1236,1631,1707,3526,5122,5413,8271,8956,8996,9612
57,62,109,130,148,163,206,219,320,391,495,791,808,904,960,1013,1041,1152,1362,1585,1612,1662,1784,1785,1880,1978,1981,2023,2063,2098,2161,2164,2236,2237,2331,2375,2508,2541,2573,2669,2692,2698,2727,2802,2908,3018,3213,3260,3336,3344,3508,3568,3608,3617,3737,3802,3871,3912,3966,4332,4386,4702,4793,5078,5101,5155,5319,5334,5492,5515,5555,5589,5644,5709,5934,6012,6087,6159,6174,6367,6370,6428,6437,6517,6540,6564,6565,6639,6651,6803,6897,6918,6961,6963,6975,6986,7009,7020,7031,7783,7799,7831,7853,7891,7899,8094,8665,8748,8768,8771,8823,8877,8886,8908,8928,9004,9020,9069,9121,9123,9216,9219,9246,9248,9286,9331,9372,9500,9502,9561,9638,9645,9708,9798,9899,9990,10059,10066,10095,10144
0,11,14,26,32,47,54,61,64,65,81,83,85,88,95,114,123,125,127,129,137,152,154,157,164,165,175,179,180,181,190,196,199,205,210,228,233,237,254,258,260,264,270,275,276,280,283,284,293,294,299,301,302,308,310,312,315,317,322,327,330,349,351,359,362,373,377,380,383,385,387,388,390,396,397,411,424,430,434,440,444,446,448,451,452,453,459,464,477,480,485,492,494,500,504,508,527,532,538,540,542,552,554,556,565,568,571,573,576,585,590,597,600,603,604,607,614,619,621,623,629,635,638,641,654,665,669,670,675,678,680,682,684,688,690,710,714,718,724,732,735,738,743,748,755,758,768,769,773,776,779,780,781,788,790,796,803,804,806,809,810,811,812,814,817,819,825,854,855,858,861,864,865,866,869,870,874,875,877,878,879,880,881,882,884,893,899,901,912,930,933,935,936,937,938,939,941,942,944,945,946,950,951,961,965,970,975,976,977,978,980,994,1009,1024,1038,1039,1040,1043,1045,1049,1059,1076,1079,1082,1092,1096,1131,1154,1158,1159,1163,1168,1172,1186,1194,1196,1202,1203,1204,1205,1210,1211,1212,1214,1215,1216,1239,1243,1244,1250,1259,1260,1271,1273,1292,1293,1294,1295,1297,1305,1313,1315,1319,1323,1329,1332,1348,1358,1359,1374,1376,1381,1385,1387,1394,1395,1396,1397,1409,1410,1412,1434,1439,1443,1446,1452,1461,1472,1474,1480,1482,1483,1485,1486,1496,1499,1504,1512,1521,1524,1536,1537,1538,1542,1543,1550,1555,1558,1561,1563,1564,1566,1575,1579,1584,1591,1593,1597,1604,1611,1615,1616,1624,1627,1639,1641,1647,1648,1649,1661,1663,1675,1676,1681,1689,1694,1696,1698,1701,1720,1722,1723,1724,1726,1728,1730,1738,1764,1766,1772,1786,1801,1802,1811,1812,1815,1816,1825,1826,1827,1828,1829,1832,1833,1834,1839,1840,1841,1842,1843,1845,1848,1850,1855,1864,1865,1872,1874,1875,1877,1879,1882,1883,1884,1886,1889,1890,1892,1895,1896,1900,1913,1921,1927,1933,1935,1936,1947,1951,1958,1969,1977,1982,1993,2020,2029,2035,2037,2041,2042,2043,2045,2047,2049,2056,2066,2070,2077,2078,2082,2089,2090,2092,2100,2101,2109,2110,2113,2127,2128,2137,2138,2141,2148,2156,2163,2169,2177,2180,2185,2202,2205,2217,2221,2225,2230,2231,2234,2240,2242,2243,2244,2247,2254,2255,2257,2259,2268,2273,2280,2288,2290,2295,2296,2297,2307,2312,2316,2318,2319,2326,2329,2335,2345,2349,2357,2362,2402,2403,2411,2412,2413,2422,2424,2425,2426,2428,2429,2431,2433,2441,2442,2443,2450,2459,2461,2471,2474,2480,2485,2504,2513,2518,2524,2526,2529,2530,2540,2547,2548,2549,2550,2553,2554,2559,2561,2563,2571,2578,2580,2581,2582,2586,2591,2594,2599,2608,2611,2614,2621,2623,2626,2631,2632,2635,2653,2658,2659,2663,2665,2666,2667,2674,2679,2682,2689,2696,2701,2705,2706,2707,2711,2716,2718,2721,2723,2729,2743,2744,2762,2776,2781,2784,2787,2793,2803,2808,2812,2816,2819,2825,2830,2837,2845,2855,2856,2862,2870,2871,2873,2875,2880,2886,2901,2902,2907,2909,2912,2913,2917,2923,2926,2933,2934,2939,2943,2951,2953,2962,2963,2964,2967,2972,2980,2982,2984,2988,2990,2999,3009,3025,3031,3032,3033,3035,3036,3037,3042,3044,3046,3050,3053,3054,3061,3062,3064,3070,3071,3074,3077,3083,3084,3085,3086,3088,3089,3092,3106,3108,3109,3110,3111,3113,3115,3116,3118,3122,3126,3128,3132,3133,3134,3150,3159,3164,3165,3168,3171,3173,3174,3175,3179,3186,3188,3189,3195,3199,3206,3207,3212,3216,3219,3224,3233,3239,3241,3246,3253,3255,3269,3274,3278,3279,3281,3283,3286,3291,3295,3296,3297,3300,3306,3307,3312,3314,3317,3321,3322,3323,3324,3326,3330,3331,3339,3340,3341,3342,3345,3351,3361,3362,3375,3379,3384,3385,3386,3388,3390,3391,3395,3396,3397,3398,3409,3415,3416,3419,3431,3433,3439,3442,3443,3444,3449,3451,3457,3463,3476,3482,3483,3484,3485,3490,3491,3492,3501,3505,3509,3512,3532,3534,3543,3546,3550,3551,3556,3559,3561,3563,3569,3576,3578,3587,3591,3592,3594,3596,3597,3599,3605,3618,3619,3630,3631,3632,3633,3635,3640,3641,3642,3643,3647,3648,3649,3650,3659,3663,3666,3669,3670,3671,3672,3673,3674,3679,3681,3690,3698,3705,3706,3709,3719,3723,3724,3728,3735,3739,3742,3744,3750,3751,3752,3755,3756,3757,3764,3765,3769,3772,3778,3780,3792,3793,3794,3798,3803,3804,3815,3817,3819,3820,3822,3824,3833,3834,3835,3836,3838,3843,3845,3846,3857,3865,3866,3874,3883,3884,3887,3888,3889,3890,3891,3893,3895,3901,3902,3907,3909,3911,3916,3918,3920,3921,3922,3927,3933,3937,3939,3941,3952,3956,3970,3994,3995,4000,4004,4006,4007,4008,4015,4016,4019,4021,4025,4028,4031,4040,4050,4053,4055,4056,4057,4059,4061,4063,4064,4067,4075,4077,4100,4103,4110,4111,4118,4129,4132,4135,4144,4145,4147,4152,4153,4155,4156,4157,4158,4165,4166,4168,4169,4170,4171,4173,4176,4181,4187,4188,4189,4190,4192,4197,4201,4204,4210,4211,4215,4222,4223,4224,4232,4237,4245,4246,4247,4249,4252,4256,4257,4261,4262,4263,4264,4266,4271,4272,4273,4275,4280,4282,4290,4291,4292,4294,4299,4302,4310,4313,4314,4315,4317,4323,4325,4326,4327,4338,4343,4344,4346,4348,4349,4354,4355,4357,4359,4361,4362,4378,4379,4388,4389,4390,4398,4401,4409,4411,4413,4414,4416,4420,4430,4432,4437,4440,4441,4442,4447,4451,4455,4458,4465,4468,4469,4470,4474,4481,4485,4486,4495,4498,4501,4503,4504,4509,4510,4511,4515,4517,4520,4523,4529,4530,4534,4542,4543,4549,4550,4551,4552,4553,4557,4559,4566,4576,4579,4581,4584,4586,4588,4596,4608,4611,4615,4618,4623,4628,4630,4634,4636,4644,4646,4647,4652,4654,4655,4658,4672,4673,4676,4683,4688,4689,4691,4696,4703,4705,4707,4709,4715,4717,4723,4724,4726,4728,4731,4739,4744,4745,4747,4767,4780,4783,4786,4794,4805,4811,4814,4815,4816,4818,4825,4841,4851,4852,4853,4854,4865,4870,4872,4883,4888,4891,4895,4896,4897,4898,4900,4901,4911,4913,4915,4916,4917,4939,4943,4944,4953,4954,4957,4967,4968,4974,4976,4977,4978,4981,4985,5001,5004,5008,5015,5018,5019,5020,5021,5022,5023,5030,5031,5038,5043,5046,5047,5051,5053,5056,5063,5066,5071,5073,5074,5076,5086,5098,5104,5105,5106,5107,5110,5117,5120,5124,5126,5128,5130,5132,5136,5145,5147,5148,5152,5162,5163,5166,5173,5177,5186,5189,5195,5200,5203,5207,5218,5220,5221,5226,5228,5233,5241,5242,5244,5252,5253,5254,5255,5257,5258,5260,5264,5265,5266,5268,5285,5288,5290,5292,5295,5296,5298,5303,5305,5309,5316,5317,5320,5321,5345,5350,5353,5359,5369,5370,5371,5374,5384,5385,5386,5390,5392,5396,5400,5402,5403,5406,5414,5416,5422,5428,5429,5430,5433,5437,5443,5444,5445,5447,5448,5455,5459,5462,5463,5471,5477,5478,5482,5486,5495,5499,5504,5507,5509,5514,5517,5521,5522,5529,5530,5539,5542,5551,5564,5570,5572,5573,5575,5590,5592,5594,5602,5612,5613,5616,5617,5627,5633,5636,5641,5643,5649,5650,5660,5662,5673,5678,5681,5682,5685,5688,5689,5696,5699,5702,5713,5718,5727,5728,5733,5735,5737,5740,5745,5750,5755,5756,5758,5760,5768,5769,5777,5779,5783,5786,5791,5793,5803,5814,5817,5818,5820,5821,5825,5835,5837,5840,5847,5850,5855,5857,5862,5869,5872,5875,5877,5880,5887,5890,5892,5895,5903,5907,5912,5914,5924,5925,5929,5935,5942,5946,5947,5950,5951,5954,5955,5961,5965,5967,5969,5977,5980,5988,5989,5992,5994,5995,5998,6003,6008,6021,6022,6023,6024,6026,6028,6029,6030,6032,6035,6036,6043,6046,6047,6052,6053,6055,6058,6059,6062,6064,6074,6076,6080,6088,6089,6090,6095,6105,6111,6115,6120,6130,6132,6135,6136,6139,6140,6141,6147,6150,6153,6161,6166,6176,6188,6193,6197,6200,6202,6209,6210,6217,6224,6225,6226,6233,6236,6240,6243,6245,6248,6249,6250,6253,6267,6276,6281,6287,6290,6294,6299,6306,6310,6311,6312,6316,6323,6328,6331,6337,6338,6339,6347,6355,6356,6358,6359,6361,6362,6363,6365,6368,6374,6375,6379,6384,6392,6394,6405,6412,6416,6430,6433,6436,6442,6443,6448,6450,6457,6458,6460,6462,6463,6469,6475,6487,6491,6493,6501,6504,6505,6506,6507,6514,6516,6519,6521,6524,6525,6526,6530,6536,6537,6538,6539,6541,6543,6549,6555,6557,6562,6572,6575,6582,6598,6612,6619,6621,6627,6631,6635,6648,6659,6660,6662,6663,6666,6668,6670,6684,6685,6691,6695,6703,6709,6726,6729,6735,6742,6749,6753,6764,6772,6773,6777,6781,6788,6791,6792,6794,6796,6799,6806,6807,6808,6810,6814,6818,6821,6827,6828,6829,6830,6831,6835,6836,6837,6842,6843,6845,6856,6857,6858,6862,6864,6866,6874,6875,6878,6880,6882,6884,6885,6886,6888,6890,6892,6893,6895,6904,6905,6907,6911,6916,6917,6921,6922,6931,6932,6937,6939,6944,6945,6952,6954,6955,6968,6970,6973,6974,6977,6984,6989,6992,7000,7003,7005,7008,7010,7021,7026,7027,7029,7035,7040,7042,7057,7058,7061,7062,7067,7073,7079,7081,7082,7089,7101,7104,7105,7107,7110,7111,7113,7119,7120,7122,7124,7127,7130,7131,7135,7157,7160,7161,7162,7163,7164,7166,7167,7170,7171,7173,7179,7180,7181,7182,7185,7190,7192,7193,7194,7195,7196,7197,7199,7200,7203,7206,7209,7210,7218,7222,7224,7236,7241,7242,7246,7248,7255,7256,7267,7268,7269,7270,7271,7277,7280,7286,7287,7290,7292,7293,7295,7297,7300,7302,7307,7308,7311,7316,7317,7322,7324,7327,7335,7337,7341,7351,7359,7368,7379,7382,7387,7391,7394,7396,7397,7402,7403,7404,7408,7409,7410,7411,7419,7424,7426,7429,7432,7437,7440,7441,7446,7452,7455,7458,7461,7462,7463,7469,7471,7487,7489,7491,7492,7493,7499,7500,7502,7505,7510,7516,7521,7523,7530,7531,7534,7539,7540,7552,7553,7554,7557,7559,7561,7564,7568,7572,7573,7574,7578,7580,7592,7595,7599,7601,7602,7604,7610,7611,7618,7622,7627,7632,7636,7638,7640,7641,7651,7652,7655,7656,7658,7659,7660,7661,7669,7670,7675,7676,7678,7681,7682,7684,7688,7689,7693,7694,7696,7698,7701,7710,7714,7715,7721,7722,7726,7731,7732,7736,7737,7741,7742,7743,7744,7745,7746,7749,7751,7752,7755,7766,7773,7786,7789,7796,7798,7800,7801,7810,7812,7814,7821,7822,7825,7826,7828,7829,7841,7844,7845,7846,7849,7851,7852,7854,7857,7859,7861,7863,7865,7867,7870,7873,7882,7884,7890,7892,7897,7898,7900,7905,7906,7907,7912,7919,7921,7924,7925,7926,7938,7942,7945,7950,7951,7953,7955,7956,7957,7960,7962,7963,7964,7966,7969,7970,7974,7975,7977,7979,7980,7994,7997,7999,8000,8003,8004,8010,8012,8013,8014,8016,8022,8023,8024,8025,8026,8027,8028,8029,8030,8032,8035,8036,8037,8038,8043,8044,8045,8047,8049,8053,8057,8058,8068,8069,8077,8084,8087,8092,8095,8101,8105,8107,8122,8127,8129,8135,8147,8158,8159,8165,8167,8169,8172,8192,8195,8200,8203,8205,8213,8217,8226,8239,8242,8249,8253,8254,8264,8265,8273,8275,8293,8294,8295,8298,8301,8303,8312,8317,8325,8327,8329,8338,8350,8365,8386,8389,8396,8401,8412,8413,8414,8421,8441,8442,8445,8449,8450,8451,8452,8457,8458,8463,8465,8466,8467,8472,8479,8487,8488,8492,8494,8497,8503,8504,8506,8511,8515,8531,8536,8545,8554,8557,8568,8577,8578,8581,8583,8587,8589,8590,8591,8596,8599,8600,8608,8609,8610,8611,8622,8624,8628,8631,8637,8638,8639,8642,8643,8648,8658,8659,8660,8663,8666,8668,8674,8677,8679,8680,8684,8689,8691,8695,8703,8704,8709,8711,8716,8719,8721,8722,8740,8741,8754,8766,8773,8774,8779,8780,8793,8795,8796,8797,8799,8803,8810,8811,8820,8821,8824,8827,8828,8829,8835,8839,8844,8845,8848,8849,8855,8860,8861,8863,8879,8880,8885,8894,8897,8913,8915,8916,8917,8920,8921,8926,8930,8932,8939,8940,8945,8951,8967,8972,8974,8982,8983,8985,9016,9017,9022,9023,9027,9028,9029,9031,9034,9041,9045,9047,9051,9055,9057,9061,9063,9064,9065,9067,9068,9072,9073,9077,9086,9089,9091,9093,9100,9103,9112,9117,9119,9120,9131,9133,9135,9142,9143,9144,9148,9149,9152,9157,9159,9161,9162,9163,9166,9168,9173,9176,9180,9182,9190,9193,9199,9204,9206,9214,9215,9220,9228,9236,9240,9247,9249,9253,9255,9256,9259,9262,9267,9276,9282,9287,9289,9291,9294,9295,9297,9305,9307,9309,9310,9311,9318,9325,9341,9343,9345,9351,9359,9365,9367,9369,9380,9390,9391,9393,9395,9400,9402,9412,9416,9422,9430,9432,9434,9435,9436,9447,9449,9451,9459,9464,9465,9468,9469,9471,9477,9481,9490,9507,9523,9526,9532,9541,9557,9560,9562,9565,9566,9567,9571,9575,9578,9586,9587,9589,9597,9598,9601,9603,9604,9608,9610,9613,9616,9622,9630,9633,9637,9661,9662,9663,9664,9669,9671,9676,9677,9682,9685,9687,9690,9696,9700,9706,9714,9724,9725,9745,9746,9752,9756,9758,9760,9763,9766,9770,9773,9779,9780,9781,9782,9787,9793,9797,9799,9804,9809,9817,9818,9826,9827,9831,9833,9838,9846,9862,9863,9864,9871,9873,9875,9879,9881,9885,9887,9890,9892,9900,9902,9907,9908,9911,9915,9916,9917,9922,9924,9925,9932,9936,9938,9940,9948,9952,9953,9955,9959,9961,9972,9975,9977,9981,9987,9989,9991,9993,9998,10000,10001,10007,10011,10013,10018,10023,10030,10043,10054,10058,10061,10065,10067,10070,10072,10077,10084,10085,10087,10090,10091,10094,10103,10109,10114,10115,10116,10118,10119,10120,10122,10129,10134,10136,10141,10142,10146,10148,10155,10160,10172,10173,10175,10176,10177,10180,10182,10185,10188,10193
33,115,311,648,786,1078,1263,1264,1291,1300,1320,1345,1350,1361,1568,1601,1610,1931,2167,2210,2394,2685,2885,2958,2966,3041,3420,3421,3689,3720,3928,3982,4231,4236,4259,4621,4664,4813,5096,5691,5780,6031,6142,6154,6179,6546,6774,6972,6998,7785,8260,8726,8742,8808,8846,9084,9114,9344,9410,9454,9772,9803,9934,10133
50,106,161,184,244,248,348,420,519,580,821,840,1109,1192,1282,1337,1429,1455,1471,1560,1600,1746,1791,2132,2286,2380,2466,2487,2532,2533,2673,2741,2769,2791,2888,2955,3099,3453,3621,3656,3714,3981,4329,4514,4558,4622,4681,5041,5070,5135,5167,5381,5511,5703,5781,5956,6016,6479,6723,6730,6761,6785,6962,7284,7431,8042,8054,8388,8514,8752,8830,8979,8991,9158,9278,9293,9413,9590,9634,9636,9702,9891,9997,10025,10162,10195
5,44,224,364,566,1000,1004,1010,1133,1167,1256,1257,1456,1466,1557,1794,1795,2073,2203,2277,2783,2806,2831,2965,3005,3051,3368,3402,3499,3685,3788,3789,4467,4539,5831,6011,6067,6110,6128,6162,6508,6650,7707,7775,9300,9381,9528,9544,9904
7644,8072,9625
34,42,89,261,401,404,512,515,533,537,587,611,620,703,772,813,885,954,959,967,983,1056,1086,1088,1091,1110,1179,1181,1183,1199,1229,1287,1290,1339,1488,1574,1693,1831,2000,2011,2014,2069,2119,2160,2179,2197,2224,2269,2330,2334,2348,2382,2393,2409,2410,2419,2462,2490,2570,2644,2693,2710,2712,2817,2840,2841,2853,2883,2884,2975,3004,3039,3076,3272,3343,3355,3377,3473,3544,3600,3626,3699,3701,3708,3718,3821,3872,3898,3905,3943,3971,4078,4086,4122,4214,4258,4353,4358,4475,4533,4570,4598,4667,4670,4708,4766,4797,4804,4808,4864,4988,4995,5058,5100,5280,5291,5329,5363,5479,5567,5647,5724,5794,5843,5906,5945,5952,6068,6133,6189,6206,6377,6498,6577,6593,6601,6736,6797,6852,6946,6956,6993,7070,7092,7112,7309,7357,7434,7442,7519,7533,7550,7575,7759,7881,7895,7920,7934,8056,8247,8311,8393,8431,8448,8517,8527,8569,8571,8632,8687,8694,8696,8737,8758,8764,8782,8798,8806,8847,8898,8906,8973,9008,9012,9015,9040,9043,9070,9078,9125,9147,9171,9194,9225,9313,9316,9348,9358,9376,9420,9426,9437,9442,9525,9539,9550,9568,9738,9786,9791,9801,9808,9841,9906,10057,10086
93,104,105,139,158,201,232,247,249,274,288,305,307,318,449,456,482,487,548,558,602,605,656,659,662,685,712,723,762,843,883,887,888,897,905,953,987,988,1006,1026,1072,1085,1087,1089,1093,1100,1102,1112,1188,1200,1233,1284,1289,1296,1360,1378,1379,1388,1430,1436,1476,1477,1489,1508,1514,1522,1523,1528,1553,1578,1583,1630,1644,1645,1646,1702,1735,1742,1745,1753,1761,1819,1822,1856,1887,1934,1937,1980,1984,1986,1990,1992,1999,2001,2003,2005,2006,2007,2008,2010,2012,2013,2046,2120,2153,2173,2182,2209,2226,2264,2356,2358,2384,2387,2404,2417,2418,2427,2432,2449,2458,2482,2500,2514,2515,2528,2534,2552,2555,2557,2589,2600,2602,2605,2618,2624,2660,2694,2733,2740,2807,2836,2874,2919,2921,2927,2959,2969,2981,3028,3038,3047,3075,3123,3130,3138,3139,3177,3190,3193,3202,3215,3223,3245,3250,3263,3301,3303,3319,3332,3367,3373,3376,3437,3438,3441,3511,3548,3583,3586,3589,3627,3644,3682,3721,3731,3799,3807,3839,3880,3899,3915,3930,3976,3991,4079,4130,4142,4196,4234,4243,4287,4301,4366,4397,4402,4423,4433,4460,4477,4487,4489,4508,4548,4556,4563,4590,4627,4629,4639,4662,4668,4669,4687,4690,4694,4697,4699,4719,4720,4725,4750,4779,4790,4857,4859,4866,4871,4886,4918,4922,4952,4963,4964,4969,4990,5035,5055,5057,5060,5088,5112,5131,5137,5139,5142,5146,5168,5171,5176,5184,5198,5215,5227,5259,5273,5274,5318,5328,5346,5398,5424,5452,5461,5493,5558,5585,5586,5618,5619,5625,5631,5640,5651,5704,5715,5716,5725,5748,5763,5782,5784,5801,5815,5822,5832,5833,5839,5873,5941,5986,6020,6034,6054,6057,6065,6066,6083,6097,6099,6113,6124,6126,6156,6170,6177,6201,6215,6216,6256,6269,6270,6273,6300,6318,6397,6415,6425,6434,6465,6470,6480,6512,6528,6529,6571,6574,6578,6594,6630,6642,6655,6683,6696,6697,6714,6733,6737,6738,6766,6776,6790,6798,6839,6846,6883,6913,6928,6947,7006,7038,7063,7084,7094,7114,7138,7148,7152,7159,7189,7217,7220,7221,7235,7273,7281,7285,7338,7347,7354,7367,7371,7384,7417,7428,7456,7464,7467,7476,7480,7507,7518,7526,7542,7545,7582,7585,7612,7617,7625,7637,7665,7671,7686,7708,7717,7723,7733,7738,7740,7750,7757,7767,7777,7794,7823,7837,7847,7856,7894,7908,7916,7939,7940,7965,7967,7988,8034,8046,8096,8098,8108,8113,8119,8126,8130,8151,8173,8182,8206,8219,8222,8267,8279,8315,8339,8349,8370,8377,8390,8435,8436,8453,8455,8462,8489,8562,8580,8595,8602,8618,8629,8664,8728,8731,8759,8800,8815,8841,8851,8875,8887,8942,8946,8957,8969,8975,9013,9033,9048,9050,9104,9146,9167,9179,9189,9192,9205,9234,9266,9268,9322,9338,9424,9441,9467,9499,9518,9542,9543,9552,9553,9600,9620,9652,9688,9723,9743,9775,9792,9800,9843,9844,9877,9882,9897,9909,9929,9967,9983,9986,10041,10056,10073,10089,10099,10100,10101,10149,10151,10196
1127,1141,1910,2149,2150,4518,4679,5417,5606,6432,6760,7790,8407,8516,8613,8986,8987,9038,9387,9595,9639,9868
