606,1486,3876,4012,4076,4756,4818,5027,5189,5474,5532,6057,6118,6169,6180,6471,6480,6898,7611
2,3,6,10,19,20,23,24,27,35,52,58,60,70,71,72,73,85,94,102,104,107,117,118,128,133,148,151,152,165,166,172,179,182,185,186,188,193,194,202,223,232,236,241,251,278,281,295,296,301,307,314,315,319,325,329,332,336,337,338,348,353,355,357,359,363,366,368,369,374,384,391,402,405,416,418,420,431,435,441,447,452,454,455,456,458,462,463,470,472,474,478,486,488,490,491,497,498,513,521,529,576,580,581,583,584,599,625,640,657,659,663,668,670,677,678,696,697,727,741,752,763,766,774,776,782,797,799,803,804,808,817,820,828,830,832,834,836,837,841,845,851,871,874,876,911,917,925,931,932,943,955,961,968,971,986,991,993,998,1002,1010,1011,1021,1031,1041,1051,1091,1099,1100,1105,1120,1123,1124,1128,1130,1131,1136,1137,1139,1142,1143,1146,1155,1158,1159,1168,1172,1176,1179,1182,1199,1203,1206,1218,1222,1223,1227,1233,1234,1237,1248,1261,1274,1289,1294,1304,1316,1318,1321,1324,1325,1331,1347,1359,1366,1372,1373,1422,1429,1433,1435,1443,1450,1455,1461,1464,1465,1475,1507,1525,1533,1539,1552,1556,1573,1579,1585,1622,1623,1626,1638,1654,1658,1664,1668,1676,1682,1684,1687,1703,1706,1710,1714,1716,1718,1719,1739,1745,1746,1747,1749,1751,1752,1753,1754,1756,1793,1803,1804,1807,1814,1816,1819,1820,1827,1842,1861,1882,1883,1884,1888,1900,1903,1905,1914,1920,1933,1944,1961,1962,1969,1979,1988,2009,2014,2023,2049,2055,2082,2094,2101,2105,2117,2120,2129,2137,2148,2154,2155,2163,2167,2168,2170,2175,2176,2177,2184,2188,2190,2191,2212,2213,2231,2250,2256,2271,2272,2281,2282,2287,2296,2309,2310,2311,2312,2318,2320,2330,2333,2338,2339,2344,2346,2358,2359,2366,2371,2373,2376,2377,2383,2392,2420,2430,2446,2458,2460,2463,2470,2490,2494,2500,2501,2502,2530,2532,2533,2538,2540,2541,2556,2564,2571,2574,2576,2586,2591,2607,2608,2624,2629,2634,2638,2648,2657,2674,2675,2681,2687,2695,2710,2712,2727,2733,2753,2757,2779,2781,2792,2793,2794,2801,2815,2816,2820,2824,2826,2833,2843,2847,2848,2857,2859,2860,2864,2867,2869,2879,2888,2906,2913,2915,2917,2930,2931,2932,2948,2949,2963,2979,2984,2994,2998,3010,3011,3014,3015,3018,3042,3045,3067,3097,3098,3100,3102,3119,3129,3159,3163,3166,3167,3179,3181,3182,3185,3191,3192,3212,3213,3216,3231,3237,3251,3261,3270,3271,3275,3280,3286,3288,3299,3303,3305,3314,3335,3353,3355,3358,3401,3417,3422,3424,3425,3427,3428,3440,3444,3453,3463,3474,3490,3501,3503,3513,3514,3517,3524,3538,3553,3572,3574,3577,3580,3600,3617,3619,3620,3627,3654,3655,3658,3667,3675,3676,3681,3686,3688,3694,3705,3710,3712,3714,3715,3726,3730,3741,3748,3762,3767,3846,3847,3848,3852,3862,3864,3871,3894,3908,3913,3918,3927,3931,3935,3957,3966,3982,3997,4014,4022,4034,4057,4062,4067,4069,4072,4073,4078,4088,4096,4097,4136,4145,4147,4162,4173,4188,4189,4195,4212,4216,4227,4229,4244,4249,4264,4271,4277,4280,4298,4303,4312,4335,4337,4338,4339,4343,4353,4370,4372,4377,4393,4408,4428,4429,4446,4461,4466,4498,4503,4526,4548,4557,4558,4564,4565,4571,4588,4589,4590,4600,4621,4622,4627,4637,4680,4695,4701,4711,4712,4725,4734,4735,4739,4741,4746,4757,4771,4778,4796,4805,4812,4817,4819,4831,4832,4844,4855,4908,4929,4930,4938,4946,4947,4982,4988,4997,5001,5009,5034,5040,5041,5064,5065,5070,5077,5086,5092,5097,5114,5139,5140,5143,5154,5156,5176,5177,5180,5197,5199,5215,5231,5252,5266,5267,5271,5286,5290,5310,5315,5319,5322,5324,5333,5335,5338,5341,5342,5361,5413,5445,5455,5468,5504,5506,5515,5559,5565,5574,5598,5599,5608,5645,5652,5658,5665,5667,5691,5707,5709,5739,5776,5786,5830,5838,5854,5864,5884,5890,5903,5904,5920,5923,5934,5937,5938,5945,5963,6051,6067,6074,6090,6107,6109,6119,6161,6183,6239,6241,6247,6265,6283,6285,6305,6306,6310,6321,6324,6326,6327,6339,6353,6359,6372,6374,6381,6382,6383,6391,6404,6437,6444,6449,6476,6486,6489,6505,6530,6557,6561,6565,6567,6568,6569,6576,6585,6589,6609,6610,6615,6618,6624,6630,6654,6655,6656,6658,6670,6686,6704,6713,6732,6755,6756,6758,6767,6769,6785,6804,6860,6863,6870,6895,6905,6912,6921,6925,6926,6929,6934,6963,6966,6967,6971,6972,6980,6985,6998,6999,7002,7014,7028,7040,7046,7069,7074,7092,7121,7125,7127,7132,7143,7168,7222,7226,7253,7273,7279,7299,7319,7322,7333,7366,7390,7400,7412,7431,7440,7443,7450,7457,7541,7575,7608,7618,7619,7623,7645,7683,7688,7702,7776,7801,7807,7821,7830,7834,7835,7839,7842,7852,7880,7893,7901,7913,7929,7937,7938,7941,7968,7972,7991,8094,8115,8126,8146,8156,8200,8204,8230,8243,8264,8283,8293,8299,8307,8310,8311,8314,8321,8324,8340,8352,8359,8363,8381,8383,8388,8396,8434,8443,8446,8470,8486,8490,8494,8508,8511,8513,8527,8530,8548,8561,8582,8661,8665,8710,8727,8728,8732,8742,8745,8750,8755,8769,8772,8774,8783,8785,8798,8799,8801,8808,8809,8814,8818,8825,8835,8840,8844,8851,8854,8855,8856,8870,8879,8884,8886,8896,8900,8901,8905,8910,8914,8922,8933,8936,8947,8964,8966,8967,8969,8978,8990,9002,9008,9009,9010,9035,9039,9041,9045,9055,9057,9058,9059,9077,9083,9094,9105,9110,9114,9115,9120,9133,9134,9136,9143,9145,9148,9161,9175,9176,9177,9179,9186,9217,9230,9235,9238,9240,9241,9242,9245,9250,9253,9291,9298,9306,9322,9327,9329,9337,9349,9356,9357,9358,9360,9362,9385,9409,9417,9439,9453,9456,9458,9477,9496,9498,9500,9514,9556,9571,9572,9575,9576,9577,9578,9591,9596,9598,9607,9610,9613,9620,9621,9628,9637,9641,9653,9655,9666,9672,9689,9701,9709,9722,9747,9752,9757,9770,9788,9794,9796,9799,9808,9815,9817,9823,9836,9837,9841,9842,9844,9863,9866,9883,9892,9901,9916,9921,9951,9959,9978,9984,9985,9989,9990,9995,10000,10020,10033,10034,10044,10045,10047,10050,10051,10054,10056,10061,10063,10067,10073,10081,10095,10117,10120,10143,10157,10158,10159,10161,10163,10194
31,38,54,59,67,110,134,170,175,200,250,255,273,275,299,327,347,389,395,401,404,429,434,469,507,518,522,527,535,565,568,571,587,588,593,594,597,598,600,602,609,615,621,624,635,641,660,664,679,683,684,687,693,694,712,719,721,734,738,755,760,772,777,784,806,844,884,885,899,936,939,970,981,994,1005,1006,1008,1009,1044,1047,1054,1061,1062,1078,1087,1094,1102,1134,1135,1148,1197,1228,1241,1292,1293,1295,1299,1306,1337,1341,1358,1370,1387,1396,1402,1409,1412,1444,1469,1524,1529,1536,1537,1538,1541,1546,1562,1565,1571,1580,1598,1603,1627,1634,1646,1736,1737,1852,1855,1873,1896,1912,1923,1942,1951,1953,1968,1991,2013,2038,2039,2056,2072,2073,2088,2156,2220,2234,2270,2279,2303,2315,2316,2328,2367,2372,2379,2395,2398,2402,2404,2405,2428,2433,2454,2457,2466,2473,2489,2514,2544,2558,2559,2569,2582,2587,2590,2636,2655,2677,2696,2723,2745,2790,2803,2804,2809,2830,2834,2895,2923,2947,2950,2974,2980,2982,3003,3006,3013,3044,3047,3050,3055,3062,3070,3087,3092,3109,3112,3122,3146,3165,3215,3227,3229,3256,3292,3304,3310,3328,3350,3362,3367,3384,3386,3392,3405,3419,3438,3458,3472,3481,3482,3483,3484,3520,3548,3562,3575,3589,3596,3602,3624,3629,3631,3683,3713,3733,3737,3747,3749,3758,3761,3768,3774,3777,3800,3811,3829,3836,3870,3875,3878,3911,3912,3917,3930,3936,3941,3976,4006,4035,4047,4059,4063,4065,4081,4100,4129,4137,4153,4154,4159,4210,4235,4236,4237,4247,4262,4263,4266,4272,4284,4288,4321,4351,4363,4385,4392,4396,4402,4418,4430,4449,4462,4468,4476,4510,4519,4532,4545,4547,4549,4552,4581,4583,4586,4607,4619,4632,4642,4648,4672,4690,4692,4694,4710,4724,4726,4727,4742,4775,4776,4784,4822,4824,4828,4833,4839,4845,4857,4869,4872,4877,4883,4887,4922,4925,4931,4934,4935,4961,4963,4970,4991,5019,5026,5047,5048,5051,5057,5058,5079,5098,5146,5150,5151,5159,5181,5184,5196,5204,5211,5213,5214,5217,5221,5256,5274,5291,5316,5321,5323,5368,5371,5373,5375,5377,5386,5388,5390,5399,5400,5401,5402,5403,5404,5405,5414,5416,5417,5419,5423,5424,5425,5431,5438,5467,5478,5485,5490,5498,5500,5508,5512,5520,5522,5523,5538,5546,5549,5556,5566,5567,5568,5569,5576,5577,5584,5590,5602,5626,5633,5637,5644,5656,5659,5661,5664,5666,5679,5681,5702,5718,5723,5728,5729,5734,5735,5736,5751,5752,5756,5758,5760,5765,5766,5774,5775,5777,5787,5789,5791,5792,5794,5806,5809,5811,5818,5823,5841,5852,5856,5883,5887,5888,5891,5922,5957,5959,5969,5992,6020,6022,6034,6054,6105,6117,6122,6126,6129,6139,6145,6190,6191,6212,6214,6226,6231,6250,6253,6254,6258,6274,6294,6322,6325,6364,6368,6387,6388,6390,6421,6442,6443,6450,6456,6458,6459,6469,6478,6521,6527,6531,6549,6573,6577,6593,6594,6608,6613,6626,6641,6662,6664,6667,6674,6700,6709,6719,6722,6729,6742,6757,6776,6797,6847,6857,6864,6869,6878,6886,6894,6900,6914,6919,6946,6978,6991,7001,7012,7015,7034,7047,7065,7067,7104,7106,7108,7111,7113,7140,7150,7152,7153,7159,7173,7178,7179,7180,7181,7189,7191,7194,7202,7205,7207,7211,7214,7247,7265,7290,7293,7301,7304,7315,7328,7332,7337,7350,7352,7355,7357,7364,7365,7370,7397,7411,7420,7436,7445,7455,7461,7472,7481,7486,7487,7492,7493,7494,7504,7531,7535,7548,7553,7557,7561,7566,7567,7572,7576,7578,7589,7592,7599,7610,7621,7622,7628,7631,7637,7643,7647,7666,7668,7679,7685,7686,7697,7700,7713,7721,7722,7723,7732,7738,7741,7742,7746,7754,7768,7779,7793,7795,7813,7841,7859,7868,7874,7881,7891,7895,7897,7925,7927,7928,7939,7942,7950,7954,7963,7971,7978,7985,8005,8012,8018,8026,8030,8039,8051,8052,8055,8074,8075,8076,8078,8085,8129,8131,8132,8141,8152,8187,8225,8235,8236,8276,8280,8291,8300,8303,8313,8323,8327,8335,8337,8339,8347,8354,8361,8365,8372,8394,8395,8411,8431,8450,8457,8458,8472,8481,8488,8505,8510,8531,8546,8560,8566,8570,8579,8586,8590,8595,8597,8598,8600,8601,8605,8609,8624,8631,8635,8645,8650,8655,8660,8666,8674,8676,8677,8686,8688,8696,8709,8711,8729,8740,8790,8796,8797,8810,8823,8833,8848,8858,8860,8861,8865,8867,8878,8883,8894,8899,8907,8923,8924,8953,8970,9013,9019,9026,9046,9079,9097,9111,9124,9169,9236,9251,9270,9272,9290,9308,9317,9326,9330,9345,9365,9374,9377,9378,9379,9408,9428,9430,9444,9467,9470,9489,9522,9543,9548,9552,9589,9590,9630,9660,9698,9731,9733,9735,9750,9754,9779,9795,9804,9834,9854,9878,9908,9914,9973,10008,10011,10021,10025,10029,10036,10048,10052,10053,10069,10070,10071,10072,10074,10075,10084,10085,10089,10090,10092,10097,10101,10104,10105,10110,10112,10113,10115,10128,10131,10136,10150,10152,10156,10169,10172,10173,10176,10180,10188,10190,10196
379,577,707,708,728,798,826,862,863,878,880,881,882,893,953,992,1019,1048,1050,1052,1273,1352,1404,1615,1621,1709,1824,1834,1840,1865,1892,1966,2003,2043,2265,2363,2413,2425,2427,2431,2437,2440,2444,2516,2517,2548,2549,2552,2613,2641,2647,2705,2707,2878,2880,2891,2898,2927,2954,2969,2971,2983,3030,3046,3052,3104,3138,3139,3148,3189,3220,3222,3320,3326,3363,3370,3377,3449,3455,3504,3523,3581,3583,3643,3671,3693,3752,3753,3812,3880,3882,3888,3890,3891,3897,3899,3965,4020,4024,4031,4040,4094,4095,4110,4115,4122,4128,4140,4143,4155,4347,4389,4411,4487,4488,4489,4491,4496,4497,4502,4533,4604,4605,4608,4616,4618,4655,4658,4670,4691,4704,4723,4772,4773,4782,4798,4801,4804,4809,4851,4853,4864,4886,4910,4911,4913,4915,4916,4917,4932,4944,4959,4969,5030,5052,5060,5061,5069,5071,5075,5083,5107,5144,5166,5170,5224,5226,5227,5243,5263,5270,5273,5307,5311,5328,5329,5415,5434,5466,5493,5557,5570,5572,5583,5586,5617,5638,5697,5714,5715,5716,5731,5764,5781,5793,5819,5821,5824,5873,5878,5986,6018,6019,6036,6038,6040,6053,6064,6070,6076,6085,6096,6103,6106,6123,6140,6149,6153,6154,6210,6224,6269,6277,6335,6347,6357,6398,6399,6430,6447,6470,6473,6515,6517,6524,6539,6590,6592,6600,6612,6659,6660,6663,6668,6669,6684,6687,6689,6691,6695,6702,6708,6733,6740,6789,6828,6831,6844,6879,6882,6891,6909,6910,6911,6943,6956,6993,7004,7057,7060,7061,7072,7073,7079,7085,7107,7114,7146,7160,7190,7192,7195,7196,7197,7198,7199,7208,7210,7217,7223,7237,7238,7248,7269,7271,7275,7300,7313,7327,7341,7360,7368,7369,7371,7377,7382,7389,7393,7396,7402,7403,7408,7409,7416,7422,7428,7458,7462,7464,7473,7476,7484,7488,7499,7500,7502,7503,7509,7510,7511,7515,7525,7538,7554,7559,7568,7569,7573,7598,7601,7614,7632,7646,7653,7660,7674,7676,7705,7708,7719,7726,7728,7731,7735,7745,7749,7752,7755,7774,7798,7844,7886,7887,7952,7970,7973,7976,7984,8004,8011,8014,8015,8019,8022,8027,8029,8032,8036,8038,8041,8043,8047,8062,8063,8067,8068,8071,8101,8113,8114,8119,8142,8144,8157,8182,8196,8231,8241,8263,8272,8273,8282,8285,8287,8315,8338,8378,8425,8426,8430,8452,8468,8473,8478,8487,8526,8528,8572,8575,8589,8594,8603,8632,8637,8639,8646,8649,8654,8673,8679,8681,8718,8721,8726,8761,8780,8812,8838,8862,8893,8960,8975,8976,8998,9016,9020,9047,9074,9112,9131,9144,9226,9232,9266,9313,9348,9384,9617,9680,9690,9706,9749,9846,9913,9931,10041,10147,10149,10160
300,796,1504,1691,2223,2365,2452,2650,2921,2987,3294,3473,3534,3597,3684,3731,3742,3860,3869,3945,3969,4001,4043,4435,4455,4473,4540,4550,4562,4563,4754,4821,4838,4952,4993,4994,5067,5094,5126,5160,5162,5192,5200,5208,5339,5348,5456,5480,5601,5605,5646,5834,5836,5919,5929,5933,5939,5946,5964,5965,5966,5968,5975,5977,6014,6016,6172,6194,6222,6318,6423,6485,6541,6774,6899,6928,6953,6989,7800,7812,7832,7840,7879,7943,7959,7979,8364,8387,8391,8392,8415,8417,8445,8477,8629,8636,8683,8751,8765,8789,8983,9053,9469,9692,9713,9900,9910,9924
233,274,383,541,607,626,739,742,958,1012,1023,1194,1204,1205,1210,1212,1543,1568,1641,1702,1783,1810,1957,2005,2012,2029,2044,2165,2166,2297,2524,2585,2594,2621,2623,2720,2721,2805,2825,2842,2851,2964,3054,3071,3108,3174,3194,3219,3246,3249,3296,3297,3313,3324,3382,3383,3409,3413,3494,3647,3648,3649,3653,3751,3757,3801,3804,3822,3824,3831,3840,3841,3843,3902,4016,4025,4106,4112,4146,4165,4181,4230,4294,4326,4362,4378,4379,4442,4551,4617,4620,4789,4878,4884,4918,4985,5004,5033,5043,5056,5082,5088,5090,5105,5167,5218,5233,5240,5262,5285,5370,5383,5384,5396,5432,5446,5486,5487,5494,5495,5525,5544,5575,5580,5632,5696,5744,5745,5757,5763,5770,5778,5782,6025,6095,6249,6255,6276,6334,6338,6358,6409,6452,6463,6509,6513,6514,6570,6712,6728,6815,6821,6837,6838,6850,6892,6907,6941,6960,7064,7081,7110,7221,7228,7235,7285,7287,7305,7326,7359,7421,7463,7470,7490,7537,7556,7580,7638,7651,7689,7717,7739,7796,7814,7825,7846,7898,7960,7981,8000,8016,8176,8195,8296,8298,8312,8325,8355,8449,8469,8476,8596,8604,8606,8684,8720,8793,8831,8920,8965,9163,9372,9421,9436,9501,9662,9694,9884,10004,10032,10080,10091,10118,10129,10154,10189
96,116,158,252,290,433,506,548,616,642,648,686,877,895,964,1015,1193,1245,1260,1312,1364,1419,1425,1724,1985,2065,2257,2280,2284,2369,2476,2512,2525,2606,2985,3075,3178,3293,3298,3452,3570,3755,4144,4177,4200,4209,4286,4460,4469,4501,4843,4921,5340,5410,5505,5630,5833,5947,6002,6082,6089,6093,6115,6228,6299,6336,6348,6397,6511,6519,6749,6952,7043,7169,7170,7394,7468,7512,7706,7709,7736,7757,7767,7816,8079,8092,8127,8237,8444,8533,8694,8890,8926,9889,10035,10046,10058,10177
239,672,761,1141,1183,1208,1214,1508,1685,1782,1802,1921,2085,2126,2160,2161,2294,2336,2391,2426,2537,2555,2786,2946,3079,3083,3120,3172,3209,3236,3378,3379,3387,3410,3443,3546,3632,3646,3782,3833,3901,3922,4101,4108,4176,4197,4198,4205,4268,4278,4293,4313,4345,4371,4444,4458,4520,4611,4671,4673,4728,4731,4811,4867,4895,4897,4899,4943,4990,5032,5225,5255,5327,5393,5412,5421,5663,5687,5690,5797,6132,6207,6351,6365,6605,6646,6657,7109,7120,7193,7339,7351,7539,7634,7657,7690,7694,7826,7870,8006,8186,8238,8262,8297,8326,8599,8602,8614,8937,8992,9034,9070,9341,9424,9601,10057,10114
29,40,42,66,135,145,162,178,267,268,272,288,302,341,358,407,424,432,442,480,530,559,620,636,647,674,675,705,800,854,875,888,890,1014,1017,1230,1268,1329,1468,1516,1553,1693,1730,1734,1760,1829,1871,1998,2027,2114,2124,2141,2263,2356,2362,2465,2611,2653,2658,2747,2800,2861,2870,2926,2957,2975,2976,2977,3034,3080,3088,3187,3352,3372,3396,3418,3436,3442,3464,3465,3491,3542,3564,3636,3674,3821,3826,3854,3909,3987,4021,4051,4109,4119,4131,4180,4182,4211,4213,4219,4251,4275,4307,4322,4328,4364,4424,4439,4595,4610,4652,4656,4729,4744,4745,4770,4785,5010,5050,5063,5110,5187,5230,5283,5293,5313,5326,5374,5398,5418,5441,5521,5553,5592,5634,5662,5674,5689,5741,5768,5867,5874,5885,5940,5967,6056,6176,6198,6204,6206,6261,6300,6389,6436,6559,6580,6591,6671,6675,6718,6727,6779,6849,6856,6872,6876,6903,6906,6937,6940,7076,7087,7112,7147,7175,7204,7234,7244,7255,7259,7406,7451,7508,7560,7667,7715,7770,7803,7961,7983,7992,8007,8013,8058,8120,8134,8164,8166,8233,8246,8265,8269,8308,8403,8407,8453,8502,8540,8653,8685,8687,8723,8730,8736,8757,8888,8895,8935,9033,9091,9096,9557,9667,9764,9812,9873,9926,9932,9943,9953
511,603,1195,2403,2469,2763,2877,2989,3058,3193,3241,3264,3868,3939,3961,4002,4005,4075,4086,4453,4464,4474,4654,4814,5186,5188,5247,5356,5447,5482,5693,6008,6178,6267,6307,6345,6781,6783,6983,7516,7797,7862,8077,8353,8374,8460,8532,8667,9478,9945
32,551,595,1038,1657,1666,1897,1950,2006,2125,2319,2424,2474,2737,3124,3497,4010,4282,4511,4693,5738,5991,6665,6680,6705,6738,7007,7063,7219,7231,7379,7579,7982,7987,8121,8172,8334,8697,9309,9723
39,78,109,112,119,318,346,362,448,453,543,553,608,627,700,790,815,978,1077,1277,1369,1383,1407,1476,1510,1517,1569,1602,1661,1698,1700,2010,2025,2293,2448,2509,2622,2699,2893,2972,3038,3077,3233,3356,3357,3530,3792,3814,3946,3980,4032,4218,4290,4365,4626,4686,4827,4885,4966,5035,5036,5106,5131,5172,5259,5427,5501,5529,5555,5591,5600,5607,5627,5639,5686,5882,6032,6044,6047,6099,6156,6460,6467,6510,6533,6574,6575,6806,6820,6827,6904,6959,7134,7270,7280,7309,7329,7429,7432,7479,7558,7664,7743,7866,8031,8045,8057,8065,8294,8309,8456,8463,8491,8534,8643,9152,9184,9334,9403,9538,9975,10022,10024,10027,10125,10178
113,199,207,217,365,426,459,652,956,966,1059,1349,1549,1651,2097,2255,2288,2345,2374,2578,2603,2654,2673,2742,2885,2936,2941,3024,3061,3063,3317,3346,3512,3544,3569,3573,3576,3603,3608,3611,3615,3618,3651,3661,3664,3738,3760,3763,3842,3932,3937,3943,3968,4042,4151,4438,4465,4537,4566,4568,4579,4592,4653,4662,4697,4759,4764,4905,5003,5008,5025,5101,5182,5206,5207,5238,5245,5279,5294,5302,5343,5345,5353,5451,5453,5472,5475,5476,5481,5540,5560,5612,5613,5710,5804,5828,5829,5839,5857,5862,5935,5962,5970,6007,6102,6111,6185,6192,6193,6220,6225,6308,6378,6385,6440,6487,6498,6499,6500,6507,6540,6545,6558,6564,6746,6763,6862,6897,6923,6950,6964,6968,7018,7037,7139,7203,7424,7459,7542,7550,7650,7777,7802,7805,7833,7837,7920,7994,8163,8191,8333,8351,8405,8413,8436,8437,8440,8448,8482,8518,8519,8545,8659,8705,8706,8708,8756,8764,8767,8786,8792,8824,8834,8843,8845,9376,9435,9454,9497,9533,9554,9677,9714,9810,9839,9857,9870,9879,9906,9922,9972,9993,10015
247,451,658,1215,1374,1604,1784,1825,1943,1955,2042,2247,2640,3053,3323,3381,3412,3666,3669,3670,3796,3916,4190,4203,4208,4261,4300,4440,4628,4825,4849,4984,5021,5089,5422,6046,6199,6448,6455,6520,6793,7670,8671,9481,10023,10078
121,323,540,552,795,810,858,1049,1381,1411,1593,1648,1832,1954,2378,2412,2441,2583,2711,2739,3202,3267,3339,3351,3369,3488,3585,3599,3601,3679,4037,4103,4120,4166,4193,4221,4310,4315,4344,4346,4387,4400,4447,4479,4530,4638,4639,4705,4706,4717,4800,4829,4865,4866,4892,4942,5171,5408,5462,5552,5573,5651,5653,5706,5733,5779,5812,5815,5820,5850,5851,5942,5987,6059,6062,6152,6528,6885,6931,7003,7005,7006,7130,7138,7182,7353,7385,7474,7656,7675,7695,7740,7765,7794,7857,7865,7953,8199,8471,8633,8678,8680,8722,8830,8859,9180,9208,9383,9718,9773,9920,10026,10174
51,103,385,504,704,710,757,792,977,1042,1066,1564,1704,1857,2248,2262,2381,2545,3068,3140,3258,3307,3397,4350,4555,4738,4835,4870,5080,5509,5563,5657,5694,5842,6031,6312,6395,6734,6807,7053,7312,7381,7398,7505,7615,7635,7974,8053,8455,8467,8638,8700,8811,10010,10185
244,612,1771,1772,1790,1792,1838,1907,2051,2273,2567,2568,2669,3037,3295,3407,3640,3994,4333,4369,4593,4743,5195,5254,5514,5547,6120,6273,6363,6631,6798,6846,7318,7485,7861,8167,8211,8568,9315,10182
57,287,526,634,645,646,653,680,714,732,735,736,754,894,934,1043,1053,1057,1384,1406,1586,1831,1849,2017,2033,2083,2180,2700,2740,2871,2890,2894,2897,2928,2934,3076,3084,3203,3332,3495,3775,3798,3839,4117,4171,4172,4206,4482,4525,4774,4834,4926,4941,5264,5378,5391,5397,5439,5578,5585,5593,5737,5750,5780,5783,5796,5872,5896,5916,6037,6136,6138,6202,6205,6230,6252,6295,6406,6422,6441,6535,6537,6538,6578,6586,6787,6877,6997,7077,7096,7097,7105,7133,7167,7183,7240,7268,7354,7358,7386,7475,7534,7591,7602,7627,7630,7642,7661,7665,7696,7714,7725,7747,7771,7772,7781,7824,7856,7969,8025,8028,8035,8070,8095,8098,8160,8208,8302,8331,8343,8480,8484,8485,8497,8556,8557,8593,8608,8675,8689,9189,9224,9310,9351,9457,9493,9721,9734,9748,9912,9935,9950,9996,10006,10019,10082,10083,10123,10124,10151,10171
234,2882,3302,3612,3690,3735,3850,3955,4003,4013,4048,4423,4432,4457,4516,4574,4646,4797,4951,4964,4999,5123,5304,5469,5483,5536,5635,5670,5761,5918,5974,6165,6171,6195,6217,6375,6392,6491,6492,6707,6853,6916,6924,6951,7041,7452,7574,7977,8348,8371,8376,8500,8583,8882,9927
298,382,557,575,720,780,1039,1379,1452,1640,2102,2513,3248,4597,5477,6354,6384,9480,9867
308,779,1040,1350,2407,2599,2775,3072,3074,3594,3791,4234,4534,5300,5668,5711,5727,5863,5868,6124,6516,7242,8522,8558
13,45,55,64,74,76,84,115,126,137,139,157,168,173,184,191,209,211,221,226,229,230,237,260,284,291,310,317,330,335,339,373,377,378,408,409,427,428,439,449,465,482,487,493,495,499,502,510,515,517,531,545,549,586,631,654,655,666,702,746,751,789,869,892,927,954,959,988,1032,1033,1034,1035,1055,1112,1188,1216,1217,1220,1225,1232,1276,1290,1298,1309,1336,1348,1376,1388,1390,1416,1441,1442,1459,1474,1491,1496,1499,1519,1555,1559,1563,1576,1606,1613,1614,1631,1636,1637,1642,1663,1678,1680,1681,1695,1707,1721,1733,1743,1744,1828,1893,1902,1952,1965,1971,1978,1994,1999,2000,2016,2021,2028,2036,2045,2050,2060,2064,2069,2074,2134,2140,2142,2152,2157,2173,2197,2200,2201,2208,2216,2269,2276,2321,2341,2343,2349,2364,2389,2394,2438,2520,2526,2529,2565,2588,2602,2642,2646,2649,2678,2685,2693,2718,2736,2760,2771,2776,2785,2799,2806,2822,2835,2836,2856,2883,2884,2887,2910,2937,2951,2959,2960,2968,2970,2973,2986,2999,3008,3082,3126,3147,3151,3154,3173,3205,3210,3247,3254,3263,3282,3338,3347,3385,3433,3434,3476,3477,3479,3480,3486,3489,3516,3537,3543,3557,3559,3630,3637,3652,3663,3695,3708,3719,3740,3743,3769,3770,3772,3784,3786,3799,3803,3827,3872,3924,3960,3983,4017,4023,4036,4050,4084,4090,4091,4121,4126,4161,4167,4174,4201,4214,4225,4274,4281,4299,4306,4341,4355,4357,4374,4382,4390,4404,4426,4437,4477,4478,4480,4494,4500,4506,4513,4522,4541,4544,4599,4602,4625,4629,4630,4631,4633,4635,4641,4702,4719,4720,4755,4761,4766,4779,4790,4802,4810,4820,4823,4846,4880,4881,4898,4900,4920,4960,4977,4986,4998,5011,5016,5024,5062,5087,5104,5108,5122,5124,5127,5130,5155,5158,5198,5205,5210,5250,5261,5265,5282,5308,5318,5331,5357,5363,5365,5428,5534,5543,5571,5641,5649,5675,5676,5678,5683,5688,5705,5712,5799,5813,5817,5846,5881,5900,5931,5936,5951,5954,5985,5997,6050,6088,6148,6155,6158,6163,6177,6208,6237,6257,6263,6272,6286,6297,6303,6320,6332,6333,6343,6366,6369,6393,6419,6431,6483,6484,6496,6595,6602,6604,6611,6616,6619,6625,6628,6639,6644,6649,6650,6661,6694,6725,6730,6748,6777,6792,6795,6799,6802,6811,6813,6822,6829,6833,6836,6881,6936,6955,6974,6995,7100,7124,7126,7142,7188,7224,7230,7274,7288,7343,7362,7367,7374,7376,7427,7460,7506,7513,7521,7549,7551,7585,7593,7671,7677,7687,7787,7817,7818,7827,7829,7847,7909,7917,7930,7957,8034,8106,8168,8206,8220,8224,8251,8252,8271,8318,8322,8328,8356,8397,8401,8404,8409,8422,8442,8474,8489,8501,8542,8554,8562,8607,8616,8640,8656,8702,8737,8759,8782,8816,8826,8857,8897,8928,8938,8939,8968,8985,9031,9068,9088,9172,9190,9213,9237,9265,9304,9320,9321,9407,9534,9608,9649,9683,9715,9740,9751,9767,9768,9802,9806,9809,9825,9829,9850,9858,9882,9893,9937,9942,9968,10066,10132,10191
34,111,243,309,333,430,444,457,464,546,554,637,805,814,873,965,1058,1082,1242,1271,1367,1385,1393,1398,1408,1483,1485,1503,1629,1669,1670,1720,1726,1811,1818,1869,1898,1964,1990,2001,2026,2068,2130,2171,2221,2317,2326,2354,2435,2447,2449,2703,2767,2839,2845,2993,3035,3085,3177,3186,3228,3272,3309,3398,3431,3446,3451,3457,3492,3502,3566,3586,3724,3756,3810,3879,3889,3914,3920,3977,3998,4104,4113,4132,4226,4239,4296,4305,4366,4406,4504,4560,4684,4762,4799,4847,4871,4936,5013,5031,5113,5235,5407,5463,5488,5502,5503,5587,5614,5755,5769,5816,5871,5895,6042,6147,6203,6215,6232,6259,6291,6346,6506,6551,6552,6566,6598,6599,6635,6696,6703,6720,6731,6791,6808,7058,7084,7136,7158,7220,7232,7233,7335,7426,7491,7555,7571,7604,7652,7730,7733,8040,8054,8059,8060,8192,8210,8212,8217,8257,8266,8304,8366,8380,8515,8538,8588,8701,8735,8903,8916,8993,9014,9211,9218,9256,9263,9343,9373,9386,9471,9647,9663,9797,9876,9928,9944,9970,10028,10093,10122,10126
0,1,4,5,9,11,12,15,16,17,18,22,26,28,30,33,37,43,44,46,47,49,53,63,68,86,87,90,92,98,101,105,106,130,136,138,140,141,143,144,149,154,156,159,160,161,163,164,171,176,177,183,197,198,205,206,212,213,220,224,225,228,242,245,249,256,263,277,282,285,286,292,303,304,306,316,320,324,326,331,340,342,343,344,349,351,354,361,364,367,370,380,387,392,394,396,399,400,403,410,413,414,417,422,423,436,438,440,461,466,481,489,500,501,503,505,508,509,512,520,523,524,525,532,533,534,536,537,538,539,563,564,566,567,569,570,572,573,574,582,585,590,601,604,618,623,628,629,630,639,661,673,681,689,692,695,703,713,715,716,723,725,729,730,731,733,740,744,747,764,767,770,771,773,787,791,807,811,812,818,821,822,823,827,829,831,833,835,838,839,842,843,846,849,853,860,872,886,909,918,926,928,929,933,935,938,940,941,942,944,945,946,948,949,960,972,974,976,987,995,996,997,999,1000,1004,1007,1018,1027,1028,1029,1030,1036,1064,1067,1073,1083,1084,1085,1086,1088,1089,1090,1092,1093,1095,1096,1097,1098,1101,1103,1104,1107,1108,1109,1110,1113,1115,1116,1117,1121,1122,1126,1127,1132,1133,1138,1144,1147,1149,1151,1152,1156,1157,1160,1161,1162,1164,1167,1171,1173,1174,1177,1187,1189,1192,1200,1201,1207,1213,1221,1224,1226,1229,1235,1238,1244,1246,1247,1249,1250,1251,1252,1253,1254,1255,1256,1257,1263,1264,1265,1267,1269,1270,1278,1280,1281,1282,1301,1302,1305,1307,1310,1322,1326,1328,1330,1334,1335,1339,1342,1344,1346,1353,1355,1356,1362,1368,1378,1392,1400,1403,1410,1413,1417,1418,1420,1423,1424,1426,1427,1428,1430,1431,1432,1437,1439,1447,1449,1456,1457,1458,1463,1473,1478,1479,1487,1489,1492,1498,1506,1509,1513,1514,1515,1520,1521,1523,1532,1534,1535,1540,1544,1547,1548,1551,1554,1557,1560,1561,1572,1578,1589,1590,1595,1599,1600,1607,1608,1610,1628,1630,1632,1667,1671,1673,1677,1679,1683,1686,1689,1690,1701,1705,1711,1712,1715,1740,1741,1748,1755,1761,1762,1763,1764,1765,1766,1767,1768,1769,1775,1776,1777,1778,1779,1780,1781,1785,1786,1787,1788,1791,1794,1795,1796,1797,1798,1799,1800,1805,1806,1808,1812,1813,1815,1817,1822,1836,1846,1847,1848,1851,1853,1854,1866,1870,1872,1874,1875,1876,1878,1879,1881,1885,1887,1890,1894,1899,1901,1908,1909,1910,1911,1917,1918,1919,1927,1928,1929,1930,1931,1934,1935,1936,1937,1938,1939,1946,1960,1967,1986,1987,1997,2015,2018,2019,2035,2040,2054,2059,2062,2063,2075,2078,2080,2081,2084,2093,2096,2098,2099,2104,2106,2107,2108,2111,2112,2115,2118,2119,2121,2123,2132,2136,2138,2147,2149,2150,2151,2158,2159,2164,2172,2178,2179,2185,2186,2187,2189,2192,2193,2194,2195,2196,2203,2205,2206,2207,2210,2211,2214,2215,2228,2229,2232,2233,2236,2237,2239,2241,2242,2243,2244,2246,2249,2252,2260,2266,2277,2278,2283,2286,2289,2298,2300,2322,2323,2335,2350,2351,2360,2380,2382,2393,2409,2410,2414,2416,2417,2418,2419,2432,2436,2445,2456,2459,2464,2467,2471,2472,2477,2481,2483,2484,2487,2488,2491,2493,2495,2499,2506,2508,2510,2515,2531,2546,2557,2560,2561,2562,2566,2572,2573,2577,2595,2596,2617,2625,2627,2639,2643,2671,2680,2682,2684,2692,2708,2713,2714,2715,2716,2717,2719,2724,2746,2749,2750,2751,2754,2755,2759,2761,2764,2769,2770,2783,2795,2796,2814,2841,2846,2866,2872,2873,2904,2905,2908,2914,2918,2925,2929,2933,2940,2942,2965,2967,2991,2995,2996,3000,3001,3002,3004,3005,3007,3012,3016,3017,3021,3023,3026,3031,3041,3051,3093,3099,3115,3137,3141,3142,3145,3149,3152,3155,3169,3170,3171,3183,3201,3206,3207,3211,3217,3226,3242,3250,3253,3259,3260,3277,3279,3281,3301,3308,3315,3329,3337,3341,3343,3344,3359,3366,3389,3394,3399,3404,3406,3415,3416,3420,3421,3423,3426,3435,3450,3466,3468,3469,3470,3478,3499,3500,3506,3508,3519,3535,3539,3540,3554,3556,3579,3588,3593,3595,3607,3621,3625,3626,3628,3644,3656,3657,3668,3677,3685,3687,3692,3696,3699,3702,3704,3718,3721,3722,3723,3725,3729,3732,3734,3746,3788,3789,3795,3797,3802,3807,3809,3828,3832,3837,3838,3851,3858,3900,3903,3904,3905,3923,3926,3929,3938,3942,3949,3950,3953,3958,3962,3964,3970,3971,3978,4000,4007,4009,4011,4033,4041,4044,4045,4052,4068,4070,4071,4083,4089,4141,4170,4175,4179,4183,4185,4192,4215,4222,4228,4240,4241,4254,4267,4276,4309,4317,4318,4319,4329,4332,4334,4336,4348,4356,4367,4368,4373,4394,4395,4397,4412,4414,4422,4425,4427,4436,4441,4445,4467,4471,4483,4507,4514,4518,4524,4529,4539,4546,4556,4559,4567,4569,4576,4577,4580,4582,4585,4615,4640,4644,4649,4659,4660,4661,4665,4666,4675,4678,4679,4681,4687,4696,4700,4713,4718,4733,4748,4750,4752,4777,4781,4788,4791,4793,4795,4803,4813,4836,4837,4862,4875,4901,4902,4907,4923,4937,4962,4975,4978,4979,4987,4992,5006,5017,5054,5055,5095,5096,5111,5120,5121,5125,5128,5135,5147,5152,5157,5178,5183,5203,5216,5237,5242,5246,5257,5258,5284,5287,5289,5299,5332,5336,5347,5358,5359,5362,5376,5381,5382,5420,5435,5448,5449,5460,5473,5479,5497,5533,5535,5539,5548,5554,5561,5562,5564,5581,5595,5596,5597,5606,5610,5611,5622,5623,5624,5642,5643,5648,5669,5677,5700,5708,5748,5762,5800,5801,5802,5807,5810,5831,5848,5853,5855,5860,5865,5880,5899,5906,5921,5927,5930,5972,5973,5978,5982,5990,5999,6006,6010,6011,6012,6015,6066,6087,6108,6127,6128,6133,6141,6142,6144,6159,6160,6162,6164,6166,6173,6175,6182,6184,6189,6211,6218,6219,6238,6242,6246,6251,6278,6279,6282,6284,6301,6302,6314,6328,6330,6350,6355,6362,6373,6410,6411,6413,6417,6420,6427,6432,6479,6481,6488,6490,6495,6497,6502,6503,6504,6508,6542,6546,6548,6553,6554,6562,6563,6596,6606,6614,6617,6627,6642,6721,6723,6726,6736,6750,6751,6754,6760,6761,6768,6770,6771,6780,6782,6803,6830,6835,6841,6852,6859,6889,6896,6918,6920,6922,6927,6944,6947,6948,6949,6961,6962,6969,6973,6975,6976,6979,6986,6994,7009,7019,7020,7024,7025,7031,7032,7033,7036,7038,7070,7071,7078,7083,7118,7165,7171,7184,7187,7206,7266,7278,7282,7292,7308,7334,7345,7346,7347,7363,7388,7405,7419,7435,7437,7438,7439,7448,7449,7453,7469,7524,7543,7544,7546,7590,7600,7616,7625,7626,7648,7649,7662,7672,7703,7711,7760,7761,7775,7782,7783,7784,7786,7790,7791,7831,7838,7843,7848,7853,7858,7869,7873,7876,7877,7878,7882,7883,7903,7912,7914,7915,7921,7922,7931,7933,7934,7936,7940,7944,7946,7947,7948,7965,7988,8001,8002,8008,8021,8042,8044,8048,8056,8066,8072,8100,8118,8125,8133,8145,8155,8183,8189,8193,8232,8240,8244,8253,8275,8286,8344,8350,8357,8373,8377,8393,8398,8410,8419,8424,8429,8435,8439,8462,8493,8495,8512,8514,8516,8517,8520,8523,8529,8541,8544,8549,8564,8565,8569,8578,8580,8581,8585,8613,8622,8625,8626,8664,8695,8699,8707,8712,8713,8714,8715,8731,8733,8734,8741,8746,8748,8749,8752,8753,8762,8763,8770,8771,8781,8787,8791,8802,8804,8806,8807,8813,8817,8821,8822,8836,8837,8839,8842,8847,8850,8852,8866,8868,8869,8871,8874,8875,8876,8877,8880,8885,8887,8889,8891,8892,8898,8902,8904,8908,8909,8911,8912,8918,8925,8927,8929,8931,8932,8942,8943,8945,8946,8950,8951,8952,8954,8955,8956,8957,8959,8961,8962,8971,8972,8973,8979,8980,8986,8987,8988,8989,9000,9001,9003,9004,9005,9006,9007,9015,9018,9021,9022,9023,9024,9025,9027,9028,9030,9042,9043,9044,9048,9049,9051,9052,9054,9056,9060,9061,9062,9063,9064,9065,9066,9067,9069,9071,9072,9075,9078,9080,9081,9082,9084,9086,9087,9090,9092,9093,9098,9099,9100,9101,9102,9103,9106,9107,9108,9109,9116,9117,9118,9121,9122,9123,9125,9126,9127,9128,9129,9130,9132,9135,9137,9138,9139,9140,9141,9142,9147,9149,9150,9151,9153,9154,9155,9156,9157,9158,9159,9160,9162,9166,9167,9170,9171,9173,9174,9178,9182,9183,9188,9191,9193,9194,9195,9196,9197,9198,9199,9200,9201,9203,9204,9206,9209,9210,9214,9215,9219,9221,9222,9223,9225,9227,9228,9229,9233,9239,9244,9246,9247,9248,9249,9252,9255,9257,9258,9260,9261,9267,9268,9269,9273,9274,9275,9276,9277,9278,9279,9280,9281,9282,9283,9285,9286,9287,9289,9293,9295,9296,9299,9300,9301,9302,9303,9305,9311,9312,9314,9316,9319,9323,9324,9325,9328,9332,9333,9335,9338,9339,9340,9342,9344,9346,9350,9352,9353,9355,9359,9364,9366,9367,9368,9369,9370,9371,9380,9381,9382,9387,9390,9391,9392,9393,9394,9395,9396,9397,9398,9400,9402,9404,9405,9410,9411,9412,9413,9414,9415,9416,9419,9420,9425,9426,9427,9429,9431,9433,9434,9438,9440,9441,9443,9446,9447,9448,9449,9450,9451,9452,9459,9460,9461,9462,9463,9464,9465,9472,9473,9474,9475,9476,9482,9484,9486,9487,9488,9490,9491,9492,9495,9499,9502,9503,9504,9505,9507,9508,9509,9510,9511,9512,9513,9516,9517,9518,9519,9523,9525,9526,9527,9528,9529,9531,9532,9540,9541,9542,9544,9545,9546,9547,9549,9550,9551,9553,9555,9558,9559,9560,9561,9562,9563,9564,9565,9566,9568,9569,9574,9580,9581,9583,9584,9585,9587,9588,9592,9593,9594,9595,9597,9599,9602,9603,9604,9605,9609,9611,9612,9614,9615,9622,9623,9624,9625,9626,9627,9629,9631,9632,9633,9634,9635,9636,9638,9639,9640,9643,9644,9645,9646,9651,9652,9656,9658,9661,9664,9669,9670,9671,9673,9674,9675,9678,9679,9684,9685,9686,9687,9688,9696,9697,9699,9700,9702,9703,9704,9705,9708,9710,9711,9712,9716,9717,9725,9726,9727,9728,9729,9730,9736,9737,9738,9739,9741,9742,9744,9745,9746,9753,9755,9756,9758,9759,9760,9761,9763,9765,9769,9771,9772,9774,9776,9778,9780,9781,9782,9783,9784,9785,9786,9789,9790,9791,9792,9793,9798,9801,9811,9814,9816,9819,9820,9821,9822,9826,9827,9828,9830,9831,9832,9833,9835,9838,9848,9849,9851,9852,9855,9859,9861,9864,9865,9868,9871,9872,9874,9877,9880,9881,9885,9891,9898,9899,9902,9903,9904,9905,9909,9929,9930,9938,9939,9941,9948,9956,9958,9961,9962,9963,9964,9965,9969,9976,9980,9981,9983,9987,9988,9992,9997,9998,9999,10001,10003,10005,10007,10016,10017,10030,10037,10038,10039,10040,10042,10055,10059,10060,10062,10065,10076,10079,10086,10088,10094,10096,10098,10099,10102,10109,10111,10116,10119,10121,10133,10134,10135,10137,10138,10139,10140,10141,10142,10144,10162,10164,10165,10166,10168,10170,10179,10181,10183,10187,10192,10195
181,699,816,840,891,979,982,1026,1046,1111,1757,1858,1859,1864,1904,1924,1974,2034,2153,2334,2439,2523,2550,2551,2633,2706,2732,2788,2789,2797,2823,2849,2900,3069,3078,3101,3160,3225,3273,3274,3283,3327,3342,3373,3400,3507,3526,3527,3528,3545,3547,3549,3561,3584,3794,3808,3898,3979,3995,4028,4038,4039,4058,4127,4248,4383,4386,4391,4486,4492,4606,4830,4852,4914,4967,5018,5074,5085,5112,5115,5116,5173,5269,5272,5364,5444,5489,5526,5619,5785,5875,6023,6041,6080,6186,6209,6260,6402,6424,6475,6632,6672,6682,6683,6685,6688,6724,6743,6823,6824,6825,6826,6913,7013,7042,7062,7123,7148,7176,7216,7249,7257,7281,7310,7321,7392,7425,7482,7523,7570,7582,7586,7595,7644,7673,7692,7712,7773,7863,7993,7995,7999,8003,8010,8024,8050,8069,8082,8089,8099,8104,8107,8128,8130,8190,8194,8198,8228,8234,8268,8332,8499,8563,9936
187,201,276,622,980,1694,2077,2612,2909,3703,3765,4250,4292,4860,5163,5511,5671,5754,5847,7177,7423,7654,8084,9262
82,125,372,376,390,477,484,671,898,903,1072,2198,2593,2748,3223,3330,3565,3591,3592,3853,4148,4527,4736,5519,5730,5912,5976,6116,6281,6621,7094,7212,7338,7581,7808,8454,8524,8611
36,100,293,644,902,1163,1382,1405,1451,1460,1620,1895,2022,2070,2453,2810,2811,2889,3195,3224,3432,3896,4004,4152,4245,4327,4349,4361,4459,4708,4768,4807,4858,4912,5022,5072,5330,5660,5719,5795,6317,6518,6529,6935,7054,7056,7272,7788,7890,8105,8137,8284,8537,8644,8864,9388,9406
48,80,120,167,203,204,215,218,222,257,261,311,313,437,476,544,605,611,685,709,717,786,848,855,865,866,908,962,963,967,1063,1079,1125,1150,1239,1291,1308,1311,1314,1315,1319,1327,1333,1340,1394,1414,1434,1440,1467,1477,1482,1494,1501,1502,1526,1616,1625,1633,1650,1655,1675,1699,1723,1725,1729,1731,1742,1758,1809,1948,1959,1983,1992,1993,2002,2011,2024,2048,2127,2146,2222,2224,2261,2264,2337,2400,2475,2492,2511,2614,2626,2691,2701,2722,2730,2766,2772,2774,2791,2855,2862,2876,2899,2903,2916,2924,2955,2961,2966,2978,2992,3132,3153,3158,3365,3498,3511,3609,3691,3709,3716,3744,3785,3790,3855,3857,3884,3990,3993,3999,4026,4082,4125,4138,4160,4178,4253,4291,4308,4399,4416,4434,4509,4531,4570,4578,4614,4636,4657,4682,4698,4806,4861,4863,4876,4888,4958,4983,5039,5076,5118,5136,5179,5191,5201,5202,5219,5251,5276,5301,5305,5306,5349,5350,5354,5436,5491,5492,5550,5589,5603,5615,5621,5629,5647,5725,5732,5870,5876,5913,5926,5958,5984,6039,6069,6078,6086,6092,6134,6151,6197,6216,6234,6271,6288,6316,6405,6434,6472,6493,6629,6648,6666,6677,6678,6690,6697,6698,6717,6735,6739,6745,6816,6817,6819,6843,6861,6939,6965,6982,7017,7023,7039,7049,7059,7066,7093,7119,7141,7164,7174,7218,7243,7264,7267,7320,7325,7330,7331,7349,7378,7395,7407,7430,7433,7434,7454,7520,7536,7562,7584,7613,7639,7693,7766,7819,7820,7888,7889,7896,7899,7916,7989,7998,8064,8080,8083,8088,8090,8096,8117,8122,8123,8124,8178,8203,8205,8213,8214,8221,8227,8229,8247,8258,8261,8317,8358,8368,8400,8414,8483,8509,8535,8576,8615,8619,8647,8692,8698,8747,8758,8760,8773,8788,8828,8872,8917,8996,9029,9187,9292,9363,9521,9536,9616,9654,9665,9691,9695,9787,9813,9933,10009,10014,10018,10103,10106,10186
81,88,253,321,718,765,788,1470,1527,1558,1591,1597,1647,1674,1688,1833,1863,2061,2217,2254,2396,2397,2408,2536,2652,2725,2752,2939,3028,3060,3107,3467,3510,3613,3673,3776,3780,3866,3940,3963,3989,4123,4238,4243,4246,4269,4323,4401,4685,4709,4760,4928,5084,5117,5268,5292,5314,5430,5433,5454,5631,5672,5759,5840,5849,5889,5898,5902,5932,5950,6003,6157,6181,6223,6248,6264,6287,6361,6462,6544,6547,6676,6714,6788,6845,6851,6873,6945,6970,7068,7075,7137,7201,7239,7258,7323,7348,7356,7387,7401,7456,7466,7496,7684,7704,7926,8046,8061,8295,8465,8466,8610,8657,8739,8815,9181,9234,9318,9530,9573,9724,9777,9807,9875,9954,10012,10031,10087,10193
169,547,560,706,737,2664,2953,3029,3073,3393,4118,4971,5149,5164,5411,6266,6744,7375,7587,7750,7809,8087,8846,9539
83,174,195,283,328,356,656,722,745,748,759,907,1286,1343,1415,1436,1466,1550,1577,1605,1656,1665,1727,1841,1982,1984,2352,2385,2387,2482,2519,2527,2528,2605,2773,2838,2922,2938,3027,3049,3354,3515,3697,3835,3886,3893,3919,4135,4164,4252,4311,4360,4381,4452,4508,4730,4753,4786,4808,4815,4980,5012,5045,5129,5389,5458,5510,5516,5531,5545,5673,5699,5772,5869,5897,5901,6033,6135,6233,6331,6356,6439,6532,6737,6858,6887,6890,6930,7035,7122,7149,7151,7163,7263,7297,7373,7478,7498,7528,7594,7633,7663,7691,7707,7720,7729,7734,7762,7763,7778,7815,7850,7975,7990,8023,8037,8073,8081,8086,8112,8139,8159,8161,8165,8171,8175,8177,8184,8201,8223,8242,8290,8292,8306,8416,8423,8506,8525,8553,8555,8559,8670,8690,8777,8829,9037,9076,9095,9442,9479,9537,9853,9888,9919,10148
322,775,1279,1287,1395,1484,1617,1653,1856,2089,2406,2496,2817,2886,2907,2988,3094,3290,3340,3395,3509,3567,3781,3863,3972,3973,3974,4008,4092,4417,4454,4463,4650,4651,4663,4714,4816,5028,5102,5142,5161,5190,5193,5355,5452,5527,5908,5979,6000,6113,6167,6213,6292,6376,6379,6380,6908,6954,6984,7021,7026,7095,7103,7303,7441,7442,7495,7529,7756,8316,8330,8345,8384,8412,8428,8567,8621,8658,8662,8663,8704,8725,8849,8930,8944,9017,9164,9202,9805,9991,10002
897,901,973,1198,1285,1601,1889,2209,2226,2728,2819,2875,3180,3388,3518,4064,4066,4111,4191,4302,4354,4388,4523,4716,4955,5426,5440,5588,5604,5753,6075,6236,6298,6550,6801,7254,7324,7413,7467,7737,7780,7907,8459,8795,8981,9418,10064
483,1770,2253,2307,3168,4359,5023,6446,7289,10049
596,758,1320,1672,2399,3086,7415,7845
2274,2479,2542,2632,3659,3947,3948,4015,4085,4107,4150,4420,4573,4965,4996,5042,5099,5212,5288,5325,5344,5805,5837,5844,5866,5980,6244,6268,6352,6753,6766,7172,7215,7607,7918,8346,8543,10155
75,129,196,388,550,578,650,915,1332,1360,1365,1391,1696,1949,2267,2580,2676,2762,3036,3135,3291,3571,3816,3874,4157,5909,6001,6027,6229,6313,6572,6747,6752,7027,7116,7958,8097,8433,8536,8994,10043
25,108,114,147,150,153,155,189,235,248,258,259,381,406,415,446,479,579,591,614,682,711,768,813,825,856,864,906,914,937,957,983,990,1016,1020,1045,1069,1071,1074,1081,1185,1191,1209,1231,1266,1283,1363,1375,1386,1397,1399,1421,1488,1495,1545,1570,1574,1583,1609,1612,1643,1644,1652,1692,1697,1708,1728,1732,1835,1837,1860,1868,1891,1906,1925,1970,1972,1980,2030,2041,2053,2058,2067,2087,2092,2095,2116,2183,2218,2219,2235,2292,2299,2306,2368,2370,2384,2388,2421,2429,2434,2451,2462,2498,2522,2547,2609,2615,2619,2645,2659,2660,2661,2667,2683,2686,2697,2702,2709,2729,2734,2778,2798,2807,2808,2829,2837,2852,2853,2858,2892,2896,2911,2919,3081,3095,3096,3117,3144,3176,3197,3268,3311,3368,3374,3402,3403,3429,3430,3447,3454,3456,3462,3485,3525,3533,3536,3558,3616,3623,3641,3672,3750,3771,3787,3834,3885,3887,3984,4019,4053,4054,4055,4093,4102,4169,4217,4233,4242,4255,4258,4289,4301,4352,4358,4384,4398,4433,4443,4475,4517,4521,4528,4554,4688,4721,4740,4747,4769,4868,4882,4894,4924,4953,4954,5014,5044,5081,5100,5141,5174,5222,5223,5228,5236,5309,5312,5360,5379,5380,5394,5409,5461,5594,5680,5684,5685,5701,5722,5845,5894,5911,5948,5953,5960,5988,5998,6026,6030,6060,6104,6131,6143,6221,6270,6280,6309,6329,6337,6394,6400,6403,6412,6414,6426,6433,6435,6454,6465,6466,6468,6474,6512,6581,6583,6584,6633,6638,6645,6653,6679,6681,6693,6701,6716,6764,6786,6805,6875,6884,6888,6933,7008,7052,7090,7102,7115,7117,7128,7129,7156,7157,7200,7213,7251,7260,7261,7262,7284,7316,7340,7344,7383,7404,7410,7418,7477,7517,7522,7533,7596,7606,7636,7710,7718,7811,7945,7986,7997,8020,8049,8091,8102,8108,8136,8143,8147,8154,8162,8173,8179,8197,8215,8222,8250,8254,8267,8279,8281,8320,8360,8367,8370,8427,8496,8498,8507,8521,8552,8573,8648,8651,8703,8738,8766,8800,8915,8977,8991,9085,9113,9207,9231,9264,9336,9354,9361,9399,9619,9648,9657,9681,9719,9775,9803,9887,9946,10077
210,227,783,1211,1472,1518,1575,1581,1845,1867,2008,2076,2100,2128,2202,2304,2390,2411,2422,2553,2554,2584,2635,2666,2756,2784,2818,2901,2902,3090,3111,3118,3190,3204,3218,3243,3325,3331,3348,3371,3390,3391,3414,3487,3493,3496,3521,3522,3551,3555,3598,3633,3635,3642,3793,3817,3915,3988,3996,4061,4114,4116,4139,4223,4257,4279,4325,4448,4493,4495,4598,4601,4603,4634,4668,4674,4689,4749,4826,4842,4873,4889,4890,4891,4956,4981,5046,5049,5073,5168,5229,5253,5275,5320,5385,5392,5464,5499,5517,5528,5618,5636,5682,5740,5843,5877,5989,5994,5996,6028,6035,6048,6071,6081,6130,6137,6235,6262,6342,6396,6401,6453,6464,6601,6692,6812,6848,6854,6880,6958,6988,7080,7091,7101,7144,7145,7154,7209,7241,7245,7256,7277,7294,7295,7296,7298,7314,7317,7465,7489,7526,7577,7603,7605,7641,7727,7748,7764,7872,7892,7949,7955,7967,8009,8103,8111,8138,8140,8151,8170,8185,8209,8218,8245,8301,8319,8341,8342,8420,8464,8475,8479,8591,8669,8691,8779,8832,8873,8881,8913,8958,9050,9104,9119,9165,9220,9445,9485,9766,9824,9979,10145,10153
7,8,14,21,41,50,56,62,69,77,79,89,91,97,99,124,132,142,146,192,208,214,216,219,238,240,246,254,262,264,265,266,269,271,289,294,297,305,312,334,345,352,371,375,393,397,398,411,412,419,421,425,450,460,467,468,471,473,475,485,492,496,514,516,519,528,542,556,562,592,610,613,617,633,638,643,649,651,662,667,669,690,691,701,724,726,743,750,753,756,762,769,785,793,794,802,819,824,850,857,859,867,868,883,887,889,900,904,905,912,916,919,920,922,923,930,947,984,985,989,1001,1003,1013,1022,1025,1060,1065,1068,1075,1076,1080,1106,1114,1118,1119,1129,1140,1153,1154,1165,1166,1169,1170,1175,1178,1180,1181,1184,1186,1190,1219,1236,1240,1243,1259,1272,1275,1284,1296,1297,1300,1303,1313,1338,1351,1354,1371,1377,1389,1401,1438,1445,1446,1448,1453,1454,1471,1480,1481,1493,1500,1505,1511,1522,1528,1531,1566,1567,1582,1584,1587,1588,1596,1611,1618,1624,1645,1659,1662,1713,1722,1735,1738,1750,1759,1821,1839,1844,1862,1926,1932,1941,1945,1947,1963,1973,1975,1977,1981,1989,1995,1996,2032,2047,2052,2066,2071,2090,2103,2110,2122,2131,2133,2135,2139,2143,2144,2145,2174,2181,2182,2199,2225,2227,2230,2245,2251,2258,2259,2275,2285,2301,2302,2305,2308,2313,2314,2327,2329,2331,2332,2340,2342,2347,2353,2361,2375,2415,2423,2442,2450,2468,2478,2480,2485,2497,2503,2505,2534,2539,2543,2575,2579,2589,2610,2628,2630,2631,2637,2644,2656,2665,2668,2670,2672,2688,2690,2698,2726,2731,2735,2738,2741,2743,2758,2765,2768,2780,2782,2802,2813,2821,2827,2828,2831,2832,2840,2850,2854,2863,2868,2874,2935,2944,2945,2952,2956,2958,2997,3009,3019,3020,3022,3032,3033,3039,3040,3048,3056,3057,3064,3125,3127,3130,3131,3133,3134,3136,3161,3162,3184,3196,3198,3199,3200,3208,3221,3230,3232,3238,3239,3240,3245,3252,3255,3276,3278,3287,3300,3312,3319,3334,3336,3349,3360,3411,3441,3445,3448,3460,3461,3471,3529,3541,3568,3582,3590,3605,3606,3634,3639,3645,3665,3678,3680,3682,3689,3698,3700,3701,3706,3707,3711,3727,3728,3754,3759,3773,3783,3806,3825,3830,3844,3845,3849,3856,3861,3865,3877,3881,3892,3906,3907,3910,3934,3944,3951,3954,3967,3975,3981,3985,3986,3991,3992,4027,4030,4056,4060,4074,4079,4087,4098,4105,4149,4158,4184,4194,4202,4204,4231,4256,4259,4265,4270,4273,4283,4285,4287,4295,4297,4304,4314,4320,4324,4331,4375,4376,4403,4407,4413,4415,4419,4421,4450,4451,4485,4490,4499,4505,4512,4535,4536,4543,4553,4572,4575,4584,4591,4596,4643,4676,4699,4707,4751,4763,4765,4792,4794,4854,4903,4909,4933,4945,4948,4950,4972,4973,5002,5007,5029,5037,5038,5066,5078,5091,5103,5109,5132,5134,5138,5148,5153,5165,5175,5232,5239,5241,5244,5249,5277,5278,5280,5281,5297,5298,5334,5337,5346,5351,5372,5442,5443,5450,5541,5542,5558,5582,5609,5616,5628,5640,5654,5695,5713,5726,5746,5747,5790,5798,5803,5808,5814,5826,5827,5835,5861,5879,5893,5905,5910,5941,5944,5955,5961,5971,6004,6005,6017,6052,6055,6063,6068,6094,6110,6150,6174,6227,6240,6243,6289,6340,6341,6344,6349,6367,6370,6371,6407,6408,6415,6425,6428,6429,6494,6501,6522,6523,6556,6560,6588,6597,6603,6607,6620,6622,6623,6634,6636,6637,6640,6643,6647,6651,6652,6673,6699,6710,6741,6762,6765,6796,6800,6809,6810,6840,6842,6855,6865,6866,6867,6868,6902,6915,6942,6977,7010,7016,7029,7030,7045,7051,7055,7088,7098,7099,7135,7155,7166,7186,7229,7250,7283,7291,7302,7306,7311,7399,7414,7446,7447,7518,7519,7530,7532,7545,7565,7583,7609,7629,7758,7759,7799,7804,7806,7810,7871,7884,7894,7905,7906,7911,7923,7932,7935,7996,8110,8116,8148,8150,8158,8174,8181,8216,8248,8259,8260,8274,8362,8369,8382,8385,8386,8389,8406,8408,8418,8432,8438,8441,8447,8492,8539,8550,8551,8571,8627,8630,8672,8717,8754,8775,8776,8778,8784,8803,8805,8820,8827,8841,8853,8863,8919,8921,8974,8984,8995,8997,8999,9012,9036,9038,9040,9073,9089,9146,9192,9216,9243,9254,9259,9271,9288,9294,9297,9307,9331,9347,9389,9401,9422,9437,9455,9466,9494,9515,9520,9524,9567,9570,9579,9586,9600,9642,9659,9668,9676,9707,9732,9743,9800,9818,9840,9845,9856,9896,9897,9907,9917,9918,9925,9934,9940,9947,9955,9957,9960,9966,9977,9982,9986,10068,10107,10167,10184
65,190,231,270,443,494,558,561,665,781,896,913,1056,1196,1323,1357,1361,1490,1542,1660,1717,1823,1843,1880,1922,2007,2020,2031,2268,2291,2324,2486,2504,2507,2521,2616,2679,2694,2787,2981,3103,3128,3265,3266,3376,3560,3578,3614,3764,3766,3815,3819,4049,4099,4168,4186,4187,4196,4199,4220,4224,4260,4409,4410,4472,4481,4613,4715,4722,4896,4957,5015,5169,5209,5366,5369,5457,5465,5743,5767,5822,5915,5949,5993,6077,6101,6146,6323,6360,6416,6451,6457,6461,6482,6794,6874,6987,6992,7000,7050,7089,7276,7342,7384,7417,7527,7564,7655,7680,7701,7822,7823,7851,7855,7875,8202,8226,8249,8577,8668,8794,9212,9847,9890
95,632,688,1380,1462,1530,1594,1619,1635,1639,1649,1801,1958,2046,2057,2079,2091,2169,2581,2597,2604,2651,2744,2812,3065,3066,3188,3244,3285,3289,3316,3318,3437,3505,3610,3660,3736,3778,3867,3928,3952,4046,4340,4342,4431,4456,4538,4561,4587,4645,4647,4664,4732,4737,4758,4780,4856,4904,4940,4949,4974,4976,4995,5020,5068,5119,5137,5185,5352,5437,5471,5484,5537,5655,5692,5724,5858,5859,5892,5914,5925,5928,5981,6013,6114,6170,6179,6188,6196,6304,6315,6319,6377,6386,6534,6772,6773,6778,6784,6871,6901,6917,6981,7336,7444,7547,7624,7785,7789,7836,7885,7904,7908,7919,8336,8349,8379,8390,8402,8421,8574,8584,8618,8623,8716,8744,8768,8819,8982,9185,9205,9284,9375,9423,9582,9606,9618,9650,9693,9860,9869,9886,9894,9895,9915,9949,9967,10100,10108
61,131,445,2535,2570,3933,4380,4677,4787,6711,8940,8941
93,350,619,676,910,951,1024,1288,1317,2037,2113,2325,2355,2357,2598,2865,2990,3043,3110,3114,3157,3257,3333,3604,3779,3823,4077,4405,4484,4542,4624,4859,4919,4968,5133,5194,5303,5387,5773,5917,6079,6097,6100,6296,6445,6582,6839,6893,6938,7225,7252,7380,7497,7507,7588,7716,7864,7910,8270,8461,8503,8504,8587,8641,8642,8934,9032,9952,9994,10127
279,360,847,852,861,870,1070,1145,1497,1877,1976,2004,2086,2386,3156,3234,3235,3345,3459,3563,3622,3638,3820,4142,4163,4703,5496,6571,6587,6832,6990,7086,7361,8033,8277,8278,9011
2920,3262,3439,3662,3739,3859,3959,4612,4767,4939,5000,5005,5093,5234,5248,5296,5470,5749,5907,5924,6009,6112,6245,6555,6759,7980,8399,8906
122,123,127,180,386,589,698,778,809,879,921,924,969,1037,1262,1345,1592,1826,1850,2443,2461,2518,2592,2600,2620,2662,2663,2689,2704,2777,2844,2881,2912,2962,3025,3105,3113,3116,3150,3214,3284,3306,3322,3361,3364,3375,3380,3475,3531,3532,3650,3745,3805,3818,3895,3921,4130,4133,4134,4156,4232,4594,4609,4623,4667,4669,4683,4783,4840,4841,4848,4874,4879,4893,4927,5053,5220,5260,5367,5429,5459,5507,5513,5518,5530,5579,5620,5625,5650,5698,5703,5704,5720,5721,5742,5771,5784,5825,5886,5943,5952,5995,6021,6024,6029,6043,6045,6049,6058,6061,6065,6072,6073,6083,6084,6091,6098,6121,6125,6187,6201,6256,6275,6290,6293,6418,6525,6526,6536,6579,6715,6790,6814,6818,6834,6883,6932,6957,6996,7011,7044,7048,7082,7131,7161,7162,7185,7227,7236,7286,7307,7372,7391,7471,7480,7483,7501,7514,7540,7552,7563,7597,7612,7620,7640,7658,7659,7669,7678,7681,7682,7698,7699,7724,7744,7751,7753,7849,7860,7867,7902,7951,7956,7962,7964,7966,8017,8093,8109,8135,8149,8153,8169,8180,8188,8207,8239,8255,8256,8288,8289,8305,8329,8375,8451,8592,8612,8617,8620,8652,8682,8693,8719,8724,8948,8949,8963,9168,9432,9468,9483,9506,9535,9682,9720,9762,9843,9862,9911,9923,9971,9974,10013,10130,10146,10175
749,801,2348,2455,2601,2943,3059,3091,3106,3143,3873,3956,4470,4515,4906,5295,5832,5983,6168,6200,6311,6477,6543,6706,6775,7022,7617,7924,8547,8628,8634
280,555,950,952,975,1202,1258,1512,1773,1774,1789,1830,1886,1913,1915,1916,1940,1956,2109,2162,2204,2238,2240,2290,2295,2401,2563,2618,3089,3121,3123,3164,3175,3269,3321,3408,3550,3552,3587,3717,3720,3813,3883,3925,4018,4029,4080,4124,4207,4316,4330,4850,4989,5059,5145,5317,5395,5406,5524,5551,5717,5788,5956,6438,7246,7769,7792,7828,7854,7900,8219,8743
